note_id,guid,notetype,assignment,original_tags,new_tags
1498349434783,G=iGSX#zmI,HJI Shared,exp::treatment,HJI_C01 Informals1,HJI_C01 Informals1 exp::treatment
1498349434784,ttjR]bBE3!,HJI Shared,exp::control,HJI_C01 Informals1,HJI_C01 Informals1 exp::control
1498349434785,s+v1(7N?u@,HJI Shared,exp::control,HJI_C01 Informals1,HJI_C01 Informals1 exp::control
1498349434786,qa9$A>ifBk,HJI Shared,exp::treatment,HJI_C01 Informals1,HJI_C01 Informals1 exp::treatment
1498349434787,y3c67NqU=w,HJI Shared,exp::control,HJI_C01 Informals1,HJI_C01 Informals1 exp::control
1498349434788,"Eg,kDV;VY/",HJI Shared,exp::treatment,HJI_C01 Informals1,HJI_C01 Informals1 exp::treatment
1498349434789,rDSO]^b}2/,HJI Shared,exp::control,HJI_C01 Informals1,HJI_C01 Informals1 exp::control
1498349434790,N}Qn~[1ae<,HJI Shared,exp::treatment,HJI_C01 Informals1,HJI_C01 Informals1 exp::treatment
1498349434791,mZDI<6O-zz,HJI Shared,exp::control,HJI_C01 Informals1,HJI_C01 Informals1 exp::control
1498349434792,pR>%1*s<AY,HJI Shared,exp::treatment,HJI_C01 Informals1,HJI_C01 Informals1 exp::treatment
1498349434793,s#ug9B(?YX,HJI Shared,exp::control,HJI_C01 Informals1,HJI_C01 Informals1 exp::control
1498349434794,g8j=UYWUz*,HJI Shared,exp::control,HJI_C01 Informals1,HJI_C01 Informals1 exp::control
1498349434795,cOuoWdmJR_,HJI Shared,exp::control,HJI_C01 Informals1,HJI_C01 Informals1 exp::control
1498349434796,"H,%W*[z*3b",HJI Shared,exp::control,HJI_C01 Informals1,HJI_C01 Informals1 exp::control
1498349434797,"PR(;5xx,9N",HJI Shared,exp::control,HJI_C01 Informals1,HJI_C01 Informals1 exp::control
1498349434798,LlC:2meAWC,HJI Shared,exp::control,HJI_C01 Informals1,HJI_C01 Informals1 exp::control
1498349434799,AIj4EDsOEH,HJI Shared,exp::treatment,HJI_C01 Informals1,HJI_C01 Informals1 exp::treatment
1498349434800,QprsK&~^<.,HJI Shared,exp::treatment,HJI_C01 Informals1,HJI_C01 Informals1 exp::treatment
1498349434801,dRS:|$eAQZ,HJI Shared,exp::treatment,HJI_C01 Informals1,HJI_C01 Informals1 exp::treatment
1498349434802,u<Xtnu>F$<,HJI Shared,exp::treatment,HJI_C01 Informals1,HJI_C01 Informals1 exp::treatment
1498349434803,iy4Z2-oYDE,HJI Shared,exp::treatment,HJI_C01 Informals1,HJI_C01 Informals1 exp::treatment
1498349434804,qkXm>H(xq/,HJI Shared,exp::treatment,HJI_C01 Informals1,HJI_C01 Informals1 exp::treatment
1498349434805,qy!bTqydKC,HJI Shared,exp::control,HJI_C01 Informals1,HJI_C01 Informals1 exp::control
1498349434806,zyT**)yKHk,HJI Shared,exp::treatment,HJI_C01 Informals1,HJI_C01 Informals1 exp::treatment
1498349434807,G.QEFwR_Cj,HJI Shared,exp::control,Arriving HJI_C02,Arriving HJI_C02 exp::control
1498349434808,gJEmlCiKs*,HJI Shared,exp::treatment,Arriving HJI_C02,Arriving HJI_C02 exp::treatment
1498349434809,q&&1~abIo1,HJI Shared,exp::control,Arriving HJI_C02,Arriving HJI_C02 exp::control
1498349434810,on11PCNF%x,HJI Shared,exp::treatment,Arriving HJI_C02,Arriving HJI_C02 exp::treatment
1498349434811,GO?C)>lyfc,HJI Shared,exp::treatment,Arriving HJI_C02,Arriving HJI_C02 exp::treatment
1498349434812,f!9K^$#l<1,HJI Shared,exp::control,Arriving HJI_C02,Arriving HJI_C02 exp::control
1498349434813,yTnK~Zww:t,HJI Shared,exp::treatment,Arriving HJI_C02,Arriving HJI_C02 exp::treatment
1498349434814,zf4FJ]YQ#l,HJI Shared,exp::treatment,Arriving HJI_C02,Arriving HJI_C02 exp::treatment
1498349434815,e(0@FetHIr,HJI Shared,exp::control,Arriving HJI_C02,Arriving HJI_C02 exp::control
1498349434816,inK{T2fXK_,HJI Shared,exp::control,Arriving HJI_C02,Arriving HJI_C02 exp::control
1498349434817,yJq5t`]Saw,HJI Shared,exp::treatment,Arriving HJI_C02,Arriving HJI_C02 exp::treatment
1498349434818,o;E^T^(B/l,HJI Shared,exp::treatment,Arriving HJI_C02,Arriving HJI_C02 exp::treatment
1498349434819,w;l/0AY%b#,HJI Shared,exp::treatment,Arriving HJI_C02,Arriving HJI_C02 exp::treatment
1498349434820,n4aD7$OdP<,HJI Shared,exp::treatment,Arriving HJI_C02,Arriving HJI_C02 exp::treatment
1498349434821,D%R%.$MsR~,HJI Shared,exp::control,Arriving HJI_C02,Arriving HJI_C02 exp::control
1498349434822,b(ThD~4PqT,HJI Shared,exp::control,Arriving HJI_C02,Arriving HJI_C02 exp::control
1498349434823,G;Q/b6CJ?d,HJI Shared,exp::treatment,Arriving HJI_C02,Arriving HJI_C02 exp::treatment
1498349434824,JSsm?z&FB7,HJI Shared,exp::control,Arriving HJI_C02,Arriving HJI_C02 exp::control
1498349434825,"z=X,0tR*fX",HJI Shared,exp::control,Arriving HJI_C02,Arriving HJI_C02 exp::control
1498349434826,pqA}4w:J??,HJI Shared,exp::treatment,Arriving HJI_C02,Arriving HJI_C02 exp::treatment
1498349434827,"iVy<qc7,2m",HJI Shared,exp::treatment,Arriving HJI_C02,Arriving HJI_C02 exp::treatment
1498349434828,JpSMK8s4Wm,HJI Shared,exp::treatment,Arriving HJI_C02,Arriving HJI_C02 exp::treatment
1498349434829,DV=L<ss(P<,HJI Shared,exp::treatment,Arriving HJI_C02,Arriving HJI_C02 exp::treatment
1498349434830,ljfWOdqZUI,HJI Shared,exp::control,Arriving HJI_C02,Arriving HJI_C02 exp::control
1498349434831,"D,76mS[9!]",HJI Shared,exp::treatment,Arriving HJI_C02,Arriving HJI_C02 exp::treatment
1498349434832,JUsPKNqpiy,HJI Shared,exp::treatment,Arriving HJI_C02,Arriving HJI_C02 exp::treatment
1498349434833,NT?ao4!uWe,HJI Shared,exp::control,Arriving HJI_C02,Arriving HJI_C02 exp::control
1498349434834,B[T8WcX]4_,HJI Shared,exp::control,Arriving HJI_C02,Arriving HJI_C02 exp::control
1498349434835,quuC~-xU$-,HJI Shared,exp::treatment,Arriving HJI_C02,Arriving HJI_C02 exp::treatment
1498349434836,nZ+Pse/a4>,HJI Shared,exp::control,Arriving HJI_C02,Arriving HJI_C02 exp::control
1498349434837,yfkj})&^=+,HJI Shared,exp::treatment,Arriving HJI_C02,Arriving HJI_C02 exp::treatment
1498349434838,EePB)dRFid,HJI Shared,exp::treatment,Arriving HJI_C02,Arriving HJI_C02 exp::treatment
1498349434839,ge2?6{#8|%,HJI Shared,exp::control,Arriving HJI_C02,Arriving HJI_C02 exp::control
1498349434840,nUgwERq|6(,HJI Shared,exp::control,Arriving HJI_C02,Arriving HJI_C02 exp::control
1498349434841,AW%1HW-fnW,HJI Shared,exp::treatment,Arriving HJI_C02,Arriving HJI_C02 exp::treatment
1498349434842,Q!Vv(}V8^*,HJI Shared,exp::control,Arriving HJI_C02,Arriving HJI_C02 exp::control
1498349434843,lo!z6Jk_vK,HJI Shared,exp::control,Arriving HJI_C02,Arriving HJI_C02 exp::control
1498349434844,cdq:[4#bHC,HJI Shared,exp::treatment,Arriving HJI_C02,Arriving HJI_C02 exp::treatment
1498349434845,pA5Mdcnx$A,HJI Shared,exp::control,Arriving HJI_C02,Arriving HJI_C02 exp::control
1498349434846,cjA<!LzB/Z,HJI Shared,exp::treatment,Arriving HJI_C02,Arriving HJI_C02 exp::treatment
1498349434847,xmBP0w_hal,HJI Shared,exp::control,Arriving HJI_C02,Arriving HJI_C02 exp::control
1498349434848,BhxYNlCtO4,HJI Shared,exp::treatment,Arriving HJI_C02,Arriving HJI_C02 exp::treatment
1498349434849,LncN|q$y8F,HJI Shared,exp::treatment,Arriving HJI_C02,Arriving HJI_C02 exp::treatment
1498349434850,"t9Y6^@,&gm",HJI Shared,exp::treatment,Arriving HJI_C02,Arriving HJI_C02 exp::treatment
1498349434851,i.[]G55w{$,HJI Shared,exp::treatment,Arriving HJI_C02,Arriving HJI_C02 exp::treatment
1498349434852,gUr@}lN4HZ,HJI Shared,exp::treatment,Arriving HJI_C02,Arriving HJI_C02 exp::treatment
1498349434853,A;B*k9BIfJ,HJI Shared,exp::control,Arriving HJI_C02,Arriving HJI_C02 exp::control
1498349434854,sS$G=k[f/{,HJI Shared,exp::treatment,Arriving HJI_C02,Arriving HJI_C02 exp::treatment
1498349434855,B0j!v(>LI<,HJI Shared,exp::treatment,Arriving HJI_C02,Arriving HJI_C02 exp::treatment
1498349434856,lXuO2K8B^#,HJI Shared,exp::treatment,Arriving HJI_C02,Arriving HJI_C02 exp::treatment
1498349434857,i9zW-0;!VF,HJI Shared,exp::treatment,Arriving HJI_C02,Arriving HJI_C02 exp::treatment
1498349434858,kmFDE5Zetb,HJI Shared,exp::treatment,Arriving HJI_C02,Arriving HJI_C02 exp::treatment
1498349434859,Pk>5pOK3t[,HJI Shared,exp::treatment,Arriving HJI_C02,Arriving HJI_C02 exp::treatment
1498349434860,M}YXXyX4K4,HJI Shared,exp::control,Arriving HJI_C02,Arriving HJI_C02 exp::control
1498349434861,e2!})9k)BF,HJI Shared,exp::treatment,Arriving HJI_C02,Arriving HJI_C02 exp::treatment
1498349434862,Q[q-H$k/aL,HJI Shared,exp::control,Arriving HJI_C02,Arriving HJI_C02 exp::control
1498349434863,eq}yV?mI(t,HJI Shared,exp::control,Arriving HJI_C02,Arriving HJI_C02 exp::control
1498349434864,Cu-deH_COt,HJI Shared,exp::treatment,Arriving HJI_C02,Arriving HJI_C02 exp::treatment
1498349434865,N;#pp=D.q-,HJI Shared,exp::treatment,Arriving HJI_C02,Arriving HJI_C02 exp::treatment
1498349434866,o(wDT5|5S7,HJI Shared,exp::control,Arriving HJI_C02,Arriving HJI_C02 exp::control
1498349434867,y<~maW3C#2,HJI Shared,exp::control,Arriving HJI_C02,Arriving HJI_C02 exp::control
1498349434868,z<w*1Qi#Yi,HJI Shared,exp::treatment,Arriving HJI_C02,Arriving HJI_C02 exp::treatment
1498349434869,"M^#qzV3g3,",HJI Shared,exp::control,Arriving HJI_C02,Arriving HJI_C02 exp::control
1498349434870,BI6/Uoezo{,HJI Shared,exp::control,Arriving HJI_C02,Arriving HJI_C02 exp::control
1498349434871,r$_)%#mb[(,HJI Shared,exp::treatment,Arriving HJI_C02,Arriving HJI_C02 exp::treatment
1498349434872,Pvu0wNlm%O,HJI Shared,exp::control,Arriving HJI_C02,Arriving HJI_C02 exp::control
1498349434873,P9o$*3#IDG,HJI Shared,exp::treatment,Arriving HJI_C02,Arriving HJI_C02 exp::treatment
1498349434874,uW>~sWOSrk,HJI Shared,exp::treatment,Arriving HJI_C02,Arriving HJI_C02 exp::treatment
1498349434875,pjM}p<RJKx,HJI Shared,exp::treatment,Arriving HJI_C02,Arriving HJI_C02 exp::treatment
1498349434876,c:m3SaL03/,HJI Shared,exp::control,Arriving HJI_C02,Arriving HJI_C02 exp::control
1498349434877,"Lu,yG,~NG{",HJI Shared,exp::treatment,Arriving HJI_C02,Arriving HJI_C02 exp::treatment
1498349434878,n4#4I+L0{O,HJI Shared,exp::treatment,Arriving HJI_C02,Arriving HJI_C02 exp::treatment
1498349434879,yw5L>LIv19,HJI Shared,exp::control,Arriving HJI_C02,Arriving HJI_C02 exp::control
1498349434880,E4u2K5&F4l,HJI Shared,exp::treatment,Arriving HJI_C02,Arriving HJI_C02 exp::treatment
1498349434881,rZOm+1!$.j,HJI Shared,exp::treatment,Arriving HJI_C02,Arriving HJI_C02 exp::treatment
1498349434882,CNuj5N(x3},HJI Shared,exp::treatment,Arriving HJI_C02,Arriving HJI_C02 exp::treatment
1498349434883,n~FV9}5(Md,HJI Shared,exp::control,Arriving HJI_C02,Arriving HJI_C02 exp::control
1498349434885,x=UmSGnlFt,HJI Shared,exp::control,Arriving HJI_C02,Arriving HJI_C02 exp::control
1498349434886,vZI}M&{ZTj,HJI Shared,exp::control,Arriving HJI_C02,Arriving HJI_C02 exp::control
1498349434887,"Do4k|,8NW8",HJI Shared,exp::treatment,Arriving HJI_C02,Arriving HJI_C02 exp::treatment
1498349434888,iR%7KG;0v|,HJI Shared,exp::treatment,Arriving HJI_C02,Arriving HJI_C02 exp::treatment
1498349434889,d5myEJ!zqR,HJI Shared,exp::control,Arriving HJI_C02,Arriving HJI_C02 exp::control
1498349434890,Kx$M5Fy+T+,HJI Shared,exp::treatment,Arriving HJI_C02,Arriving HJI_C02 exp::treatment
1498349434891,jV-5=tJtj(,HJI Shared,exp::control,Arriving HJI_C02,Arriving HJI_C02 exp::control
1498349434892,rApn^%p;zq,HJI Shared,exp::control,Arriving HJI_C02,Arriving HJI_C02 exp::control
1498349434893,N<@.XQR6=F,HJI Shared,exp::treatment,Arriving HJI_C02,Arriving HJI_C02 exp::treatment
1498349434894,MA$(QfOEX(,HJI Shared,exp::control,Arriving HJI_C02,Arriving HJI_C02 exp::control
1498349434895,j?j6AYEL$g,HJI Shared,exp::control,Arriving HJI_C02,Arriving HJI_C02 exp::control
1498349434896,xl#Kq8n5F5,HJI Shared,exp::control,Arriving HJI_C02,Arriving HJI_C02 exp::control
1498349434897,IbsXjV`1+M,HJI Shared,exp::control,Arriving HJI_C02,Arriving HJI_C02 exp::control
1498349434898,BRv/>1I$H>,HJI Shared,exp::treatment,Arriving HJI_C02,Arriving HJI_C02 exp::treatment
1498349434899,J2iV*lU_%R,HJI Shared,exp::control,Arriving HJI_C02,Arriving HJI_C02 exp::control
1498349434900,fG?L_j2y+@,HJI Shared,exp::control,Arriving HJI_C02,Arriving HJI_C02 exp::control
1498349434901,BbMcqxgUxi,HJI Shared,exp::control,Arriving HJI_C02,Arriving HJI_C02 exp::control
1498349434902,bhxI1T`n6a,HJI Shared,exp::control,Arriving HJI_C02,Arriving HJI_C02 exp::control
1498349434903,Kh/amPKKI+,HJI Shared,exp::treatment,Arriving HJI_C02,Arriving HJI_C02 exp::treatment
1498349434904,kF1/=P%K)I,HJI Shared,exp::treatment,Arriving HJI_C02,Arriving HJI_C02 exp::treatment
1498349434905,NwvU#dw1b+,HJI Shared,exp::treatment,Arriving HJI_C02,Arriving HJI_C02 exp::treatment
1498349434906,xNZDoF1+6Y,HJI Shared,exp::control,Arriving HJI_C02,Arriving HJI_C02 exp::control
1498349434907,"jr;;yB|,xp",HJI Shared,exp::treatment,Arriving HJI_C02,Arriving HJI_C02 exp::treatment
1498349434908,L:C`jb+6&a,HJI Shared,exp::treatment,Arriving HJI_C02,Arriving HJI_C02 exp::treatment
1498349434909,vh4Tu&{d!p,HJI Shared,exp::treatment,Arriving HJI_C02,Arriving HJI_C02 exp::treatment
1498349434910,Q.m?>>t+:(,HJI Shared,exp::control,Arriving HJI_C02,Arriving HJI_C02 exp::control
1498349434911,KO`pvi:(xd,HJI Shared,exp::control,Arriving HJI_C02,Arriving HJI_C02 exp::control
1498349434912,zq0Ml*PX[#,HJI Shared,exp::control,Arriving HJI_C02,Arriving HJI_C02 exp::control
1498349434913,l>3+0G_.r-,HJI Shared,exp::treatment,Arriving HJI_C02,Arriving HJI_C02 exp::treatment
1498349434914,MD|fjFCD9u,HJI Shared,exp::control,Arriving HJI_C02,Arriving HJI_C02 exp::control
1498349434915,Byj|%<7w)u,HJI Shared,exp::control,Arriving HJI_C02,Arriving HJI_C02 exp::control
1498349434916,M`WgLLa>CA,HJI Shared,exp::treatment,Arriving HJI_C02,Arriving HJI_C02 exp::treatment
1498349434917,v3]~I&<g?k,HJI Shared,exp::control,Arriving HJI_C02,Arriving HJI_C02 exp::control
1498349434918,fAiS[j$[/d,HJI Shared,exp::control,Arriving HJI_C02,Arriving HJI_C02 exp::control
1498349434919,Ir&zxPJQ9<,HJI Shared,exp::treatment,Arriving HJI_C02,Arriving HJI_C02 exp::treatment
1498349434920,MVKK.hHI>8,HJI Shared,exp::control,Arriving HJI_C02,Arriving HJI_C02 exp::control
1498349434921,bcI7Uflu=T,HJI Shared,exp::treatment,Arriving HJI_C02,Arriving HJI_C02 exp::treatment
1498349434922,J_Ns/hwmK?,HJI Shared,exp::treatment,Arriving HJI_C02,Arriving HJI_C02 exp::treatment
1498349434923,jJR?_K/t|;,HJI Shared,exp::control,Arriving HJI_C02,Arriving HJI_C02 exp::control
1498349434924,"IMh{%,f/E2",HJI Shared,exp::treatment,Arriving HJI_C02,Arriving HJI_C02 exp::treatment
1498349434925,C+?L.$YJ[*,HJI Shared,exp::treatment,Arriving HJI_C02,Arriving HJI_C02 exp::treatment
1498349434926,m&&oREUq0P,HJI Shared,exp::control,Arriving HJI_C02,Arriving HJI_C02 exp::control
1498349434927,e5J{=@{XY?,HJI Shared,exp::treatment,HJI_C03 Kanji,HJI_C03 Kanji exp::treatment
1498349434928,up2U+fF@}*,HJI Shared,exp::treatment,HJI_C03 Kanji,HJI_C03 Kanji exp::treatment
1498349434929,vLl3<l%NEK,HJI Shared,exp::treatment,HJI_C03 Kanji,HJI_C03 Kanji exp::treatment
1498349434930,yMvuh}]lb|,HJI Shared,exp::treatment,HJI_C03 Kanji,HJI_C03 Kanji exp::treatment
1498349434931,e$e%DNnc_U,HJI Shared,exp::control,HJI_C03 Kanji,HJI_C03 Kanji exp::control
1498349434932,hP=:>K[5?u,HJI Shared,exp::treatment,HJI_C03 Kanji,HJI_C03 Kanji exp::treatment
1498349434933,KLzxWSD#vf,HJI Shared,exp::treatment,HJI_C03 Kanji,HJI_C03 Kanji exp::treatment
1498349434934,z41{m~_#xU,HJI Shared,exp::control,HJI_C03 Kanji,HJI_C03 Kanji exp::control
1498349434935,C8VM[6qNk%,HJI Shared,exp::control,HJI_C03 Kanji,HJI_C03 Kanji exp::control
1498349434936,uBVe6p*7i),HJI Shared,exp::control,HJI_C03 Kanji,HJI_C03 Kanji exp::control
1498349434937,H.~/hRM<*s,HJI Shared,exp::treatment,HJI_C03 Kanji,HJI_C03 Kanji exp::treatment
1498349434938,"bqw,3@a:?7",HJI Shared,exp::control,HJI_C04 Informals2,HJI_C04 Informals2 exp::control
1498349434939,pcP0My>Ppf,HJI Shared,exp::treatment,HJI_C04 Informals2,HJI_C04 Informals2 exp::treatment
1498349434940,b*0`xN}ItK,HJI Shared,exp::control,HJI_C04 Informals2,HJI_C04 Informals2 exp::control
1498349434941,d@.B(8q=<E,HJI Shared,exp::control,HJI_C04 Informals2,HJI_C04 Informals2 exp::control
1498349434942,"H,?4*TZXpc",HJI Shared,exp::control,HJI_C04 Informals2,HJI_C04 Informals2 exp::control
1498349434943,n3**<9X/<n,HJI Shared,exp::control,HJI_C04 Informals2,HJI_C04 Informals2 exp::control
1498349434944,Oow)t{R64s,HJI Shared,exp::treatment,HJI_C04 Informals2,HJI_C04 Informals2 exp::treatment
1498349434945,y!Npy8y4)v,HJI Shared,exp::control,HJI_C04 Informals2,HJI_C04 Informals2 exp::control
1498349434946,uvngyEBjl@,HJI Shared,exp::control,HJI_C04 Informals2,HJI_C04 Informals2 exp::control
1498349434947,LZNW!W!^j1,HJI Shared,exp::control,HJI_C04 Informals2,HJI_C04 Informals2 exp::control
1498349434948,FlOb1T53RQ,HJI Shared,exp::control,HJI_C04 Informals2,HJI_C04 Informals2 exp::control
1498349434949,qQ)#B=PJ%q,HJI Shared,exp::treatment,HJI_C04 Informals2,HJI_C04 Informals2 exp::treatment
1498349434950,o&k/!Lg9B*,HJI Shared,exp::treatment,HJI_C04 Informals2,HJI_C04 Informals2 exp::treatment
1498349434951,DgdVNwUY<A,HJI Shared,exp::control,HJI_C04 Informals2,HJI_C04 Informals2 exp::control
1498349434952,lBX;e3[4F(,HJI Shared,exp::control,HJI_C04 Informals2,HJI_C04 Informals2 exp::control
1498349434953,GU~i)Oo:1k,HJI Shared,exp::treatment,HJI_C04 Informals2,HJI_C04 Informals2 exp::treatment
1498349434954,M4STjM+._l,HJI Shared,exp::treatment,HJI_C05 Hotels,HJI_C05 Hotels exp::treatment
1498349434955,u+E*ar2g!J,HJI Shared,exp::control,HJI_C05 Hotels,HJI_C05 Hotels exp::control
1498349434956,iEn&Kh1Rcg,HJI Shared,exp::treatment,HJI_C05 Hotels,HJI_C05 Hotels exp::treatment
1498349434957,f9N}COSkF},HJI Shared,exp::control,HJI_C05 Hotels,HJI_C05 Hotels exp::control
1498349434958,m=%an5Aax],HJI Shared,exp::treatment,HJI_C05 Hotels,HJI_C05 Hotels exp::treatment
1498349434959,yAu6.a04gt,HJI Shared,exp::treatment,HJI_C05 Hotels,HJI_C05 Hotels exp::treatment
1498349434960,r=n4dW@]Oo,HJI Shared,exp::treatment,HJI_C05 Hotels,HJI_C05 Hotels exp::treatment
1498349434961,yb{;+^m&(l,HJI Shared,exp::control,HJI_C05 Hotels,HJI_C05 Hotels exp::control
1498349434962,EbBlkn0Qbu,HJI Shared,exp::control,HJI_C05 Hotels,HJI_C05 Hotels exp::control
1498349434963,c<xx#^B5z|,HJI Shared,exp::treatment,HJI_C05 Hotels,HJI_C05 Hotels exp::treatment
1498349434964,poHMj*:ef},HJI Shared,exp::control,HJI_C05 Hotels,HJI_C05 Hotels exp::control
1498349434965,qa<;YAo!1`,HJI Shared,exp::control,HJI_C05 Hotels,HJI_C05 Hotels exp::control
1498349434966,K8=cd.n=H!,HJI Shared,exp::treatment,HJI_C05 Hotels,HJI_C05 Hotels exp::treatment
1498349434967,I28EcF5vlP,HJI Shared,exp::treatment,HJI_C05 Hotels,HJI_C05 Hotels exp::treatment
1498349434968,u.m08$aVaM,HJI Shared,exp::control,HJI_C05 Hotels,HJI_C05 Hotels exp::control
1498349434969,F3usmO;FFM,HJI Shared,exp::control,HJI_C05 Hotels,HJI_C05 Hotels exp::control
1498349434970,C!6coOqp%&,HJI Shared,exp::control,HJI_C05 Hotels,HJI_C05 Hotels exp::control
1498349434971,ec*FeVdtQS,HJI Shared,exp::control,HJI_C05 Hotels,HJI_C05 Hotels exp::control
1498349434972,ycTGcf8#B#,HJI Shared,exp::control,HJI_C05 Hotels,HJI_C05 Hotels exp::control
1498349434973,o%z:BJqg)O,HJI Shared,exp::control,HJI_C05 Hotels,HJI_C05 Hotels exp::control
1498349434974,"Qo4t_tB~,p",HJI Shared,exp::treatment,HJI_C05 Hotels,HJI_C05 Hotels exp::treatment
1498349434975,M<O]KcPUGM,HJI Shared,exp::treatment,HJI_C05 Hotels,HJI_C05 Hotels exp::treatment
1498349434976,F?fw2c;mlu,HJI Shared,exp::control,HJI_C05 Hotels,HJI_C05 Hotels exp::control
1498349434977,h2cWfkXMng,HJI Shared,exp::treatment,HJI_C05 Hotels,HJI_C05 Hotels exp::treatment
1498349434978,"o,z(sOpJPB",HJI Shared,exp::treatment,HJI_C05 Hotels,HJI_C05 Hotels exp::treatment
1498349434979,C`}FC!EDA3,HJI Shared,exp::treatment,HJI_C05 Hotels,HJI_C05 Hotels exp::treatment
1498349434980,"Nj!C&zN,~W",HJI Shared,exp::treatment,HJI_C05 Hotels,HJI_C05 Hotels exp::treatment
1498349434981,n~3{AL[:K{,HJI Shared,exp::treatment,HJI_C05 Hotels,HJI_C05 Hotels exp::treatment
1498349434982,C9UswZGKRP,HJI Shared,exp::treatment,HJI_C05 Hotels,HJI_C05 Hotels exp::treatment
1498349434983,D[dG2LxWTi,HJI Shared,exp::treatment,HJI_C05 Hotels,HJI_C05 Hotels exp::treatment
1498349434984,w#[L76RM$C,HJI Shared,exp::control,HJI_C05 Hotels,HJI_C05 Hotels exp::control
1498349434985,iweD&33qZP,HJI Shared,exp::treatment,HJI_C05 Hotels,HJI_C05 Hotels exp::treatment
1498349434986,LI?6<$AyzM,HJI Shared,exp::treatment,HJI_C05 Hotels,HJI_C05 Hotels exp::treatment
1498349434987,MIG$piLHx/,HJI Shared,exp::treatment,HJI_C05 Hotels,HJI_C05 Hotels exp::treatment
1498349434988,rHb)5Yr(Bi,HJI Shared,exp::treatment,HJI_C05 Hotels,HJI_C05 Hotels exp::treatment
1498349434989,zY{$}4p<W_,HJI Shared,exp::control,HJI_C05 Hotels,HJI_C05 Hotels exp::control
1498349434990,D]efvV$)1B,HJI Shared,exp::treatment,HJI_C05 Hotels,HJI_C05 Hotels exp::treatment
1498349434991,kijC|*koG|,HJI Shared,exp::control,HJI_C05 Hotels,HJI_C05 Hotels exp::control
1498349434992,y}{2MwV^6v,HJI Shared,exp::control,HJI_C05 Hotels,HJI_C05 Hotels exp::control
1498349434993,nUM/Hp/_E_,HJI Shared,exp::treatment,HJI_C05 Hotels,HJI_C05 Hotels exp::treatment
1498349434994,Im{q}4fNv+,HJI Shared,exp::control,HJI_C05 Hotels,HJI_C05 Hotels exp::control
1498349434995,bHA+Rtt{!b,HJI Shared,exp::control,HJI_C05 Hotels,HJI_C05 Hotels exp::control
1498349434996,zbrzb4m|uC,HJI Shared,exp::control,HJI_C05 Hotels,HJI_C05 Hotels exp::control
1498349434997,JH2DLL_Jj-,HJI Shared,exp::control,HJI_C05 Hotels,HJI_C05 Hotels exp::control
1498349434998,bb=q%_pwjC,HJI Shared,exp::control,HJI_C05 Hotels,HJI_C05 Hotels exp::control
1498349434999,uAdmZ#$Yqf,HJI Shared,exp::treatment,HJI_C05 Hotels,HJI_C05 Hotels exp::treatment
1498349435000,cX`c=I7n:/,HJI Shared,exp::control,HJI_C05 Hotels,HJI_C05 Hotels exp::control
1498349435001,b+q!_g/G@),HJI Shared,exp::treatment,HJI_C05 Hotels,HJI_C05 Hotels exp::treatment
1498349435002,A{nT.z_tfR,HJI Shared,exp::treatment,HJI_C05 Hotels,HJI_C05 Hotels exp::treatment
1498349435003,F0_~mnp@0?,HJI Shared,exp::control,HJI_C05 Hotels,HJI_C05 Hotels exp::control
1498349435004,LM)dB^Ta(z,HJI Shared,exp::treatment,HJI_C05 Hotels,HJI_C05 Hotels exp::treatment
1498349435005,H~WWfV0ih*,HJI Shared,exp::control,HJI_C05 Hotels,HJI_C05 Hotels exp::control
1498349435006,oa=W>*-FyM,HJI Shared,exp::control,HJI_C05 Hotels,HJI_C05 Hotels exp::control
1498349435007,L>(1^Pzd*),HJI Shared,exp::control,HJI_C05 Hotels,HJI_C05 Hotels exp::control
1498349435008,vX3Z;4P*k;,HJI Shared,exp::treatment,HJI_C05 Hotels,HJI_C05 Hotels exp::treatment
1498349435009,jL`EKwSjwf,HJI Shared,exp::treatment,HJI_C05 Hotels,HJI_C05 Hotels exp::treatment
1498349435010,n~I|{@tb9!,HJI Shared,exp::treatment,HJI_C05 Hotels,HJI_C05 Hotels exp::treatment
1498349435011,k;_/F#l%gn,HJI Shared,exp::control,HJI_C05 Hotels,HJI_C05 Hotels exp::control
1498349435012,Q+5v==9Hg5,HJI Shared,exp::treatment,HJI_C05 Hotels,HJI_C05 Hotels exp::treatment
1498349435013,B4U}]LVn$d,HJI Shared,exp::control,HJI_C05 Hotels,HJI_C05 Hotels exp::control
1498349435014,Ev31D//HGs,HJI Shared,exp::treatment,HJI_C05 Hotels,HJI_C05 Hotels exp::treatment
1498349435015,ub5L!qm(M;,HJI Shared,exp::treatment,HJI_C05 Hotels,HJI_C05 Hotels exp::treatment
1498349435016,nXP%xvy$t8,HJI Shared,exp::control,HJI_C05 Hotels,HJI_C05 Hotels exp::control
1498349435017,z`c-u@C]^S,HJI Shared,exp::control,HJI_C05 Hotels,HJI_C05 Hotels exp::control
1498349435018,ievsUKhQwY,HJI Shared,exp::control,HJI_C05 Hotels,HJI_C05 Hotels exp::control
1498349435019,pxy#u9PbO2,HJI Shared,exp::control,HJI_C05 Hotels,HJI_C05 Hotels exp::control
1498349435020,pm.Qz5`T`h,HJI Shared,exp::treatment,HJI_C05 Hotels,HJI_C05 Hotels exp::treatment
1498349435021,FiNu;FrBi-,HJI Shared,exp::control,HJI_C05 Hotels,HJI_C05 Hotels exp::control
1498349435022,vAq*NTW|:W,HJI Shared,exp::treatment,HJI_C05 Hotels,HJI_C05 Hotels exp::treatment
1498349435023,jWs_}nP%H.,HJI Shared,exp::control,HJI_C05 Hotels,HJI_C05 Hotels exp::control
1498349435024,kkhD?L8DeX,HJI Shared,exp::control,HJI_C05 Hotels,HJI_C05 Hotels exp::control
1498349435025,sCv9dyZw*`,HJI Shared,exp::control,HJI_C05 Hotels,HJI_C05 Hotels exp::control
1498349435026,S@90-WkKp,HJI Shared,exp::treatment,HJI_C05 Hotels,HJI_C05 Hotels exp::treatment
1498349435027,A2$4T~PR.^,HJI Shared,exp::treatment,HJI_C05 Hotels,HJI_C05 Hotels exp::treatment
1498349435028,fGWcd[-8!V,HJI Shared,exp::control,HJI_C05 Hotels,HJI_C05 Hotels exp::control
1498349435029,r`!KE-pDNb,HJI Shared,exp::control,HJI_C05 Hotels,HJI_C05 Hotels exp::control
1498349435030,yR(1k[t6nJ,HJI Shared,exp::control,HJI_C05 Hotels,HJI_C05 Hotels exp::control
1498349435031,k`4M(1zAJ_,HJI Shared,exp::treatment,HJI_C05 Hotels,HJI_C05 Hotels exp::treatment
1498349435032,bu!$~5*m#A,HJI Shared,exp::control,HJI_C05 Hotels,HJI_C05 Hotels exp::control
1498349435033,iTGIy!Qz^d,HJI Shared,exp::control,HJI_C05 Hotels,HJI_C05 Hotels exp::control
1498349435034,j$fF$rA7I},HJI Shared,exp::treatment,HJI_C05 Hotels,HJI_C05 Hotels exp::treatment
1498349435035,y)&M7jvNVm,HJI Shared,exp::treatment,HJI_C05 Hotels,HJI_C05 Hotels exp::treatment
1498349435036,rv4i=)_kFW,HJI Shared,exp::treatment,HJI_C05 Hotels,HJI_C05 Hotels exp::treatment
1498349435037,j=<2DXjb>k,HJI Shared,exp::treatment,HJI_C05 Hotels,HJI_C05 Hotels exp::treatment
1498349435038,s:Xkq)|v;l,HJI Shared,exp::treatment,HJI_C05 Hotels,HJI_C05 Hotels exp::treatment
1498349435039,s0M5))]aX-,HJI Shared,exp::control,HJI_C05 Hotels,HJI_C05 Hotels exp::control
1498349435040,q~Od3b`BS@,HJI Shared,exp::treatment,HJI_C05 Hotels,HJI_C05 Hotels exp::treatment
1498349435041,OtRII4//97,HJI Shared,exp::treatment,HJI_C05 Hotels,HJI_C05 Hotels exp::treatment
1498349435042,Ml&[SX?tm$,HJI Shared,exp::control,HJI_C05 Hotels,HJI_C05 Hotels exp::control
1498349435043,P:_Smq}!e/,HJI Shared,exp::treatment,HJI_C05 Hotels,HJI_C05 Hotels exp::treatment
1498349435044,i?vvv&RY25,HJI Shared,exp::control,HJI_C05 Hotels,HJI_C05 Hotels exp::control
1498349435045,g(|xy3S`?.,HJI Shared,exp::treatment,HJI_C05 Hotels,HJI_C05 Hotels exp::treatment
1498349435046,wy3=->4ReA,HJI Shared,exp::control,HJI_C05 Hotels,HJI_C05 Hotels exp::control
1498349435047,p(H{/BM}iH,HJI Shared,exp::control,HJI_C05 Hotels,HJI_C05 Hotels exp::control
1498349435048,O?VZ=;)kh5,HJI Shared,exp::control,HJI_C05 Hotels,HJI_C05 Hotels exp::control
1498349435049,K|*WOYDw[B,HJI Shared,exp::treatment,HJI_C05 Hotels,HJI_C05 Hotels exp::treatment
1498349435050,pHd->/w3D$,HJI Shared,exp::treatment,HJI_C05 Hotels,HJI_C05 Hotels exp::treatment
1498349435051,LG]d$tKQ&J,HJI Shared,exp::control,HJI_C05 Hotels,HJI_C05 Hotels exp::control
1498349435052,woiDPZ@PTQ,HJI Shared,exp::treatment,HJI_C05 Hotels,HJI_C05 Hotels exp::treatment
1498349435053,BD_A9CSjJ],HJI Shared,exp::control,HJI_C05 Hotels,HJI_C05 Hotels exp::control
1498349435054,B[:;S[.9eD,HJI Shared,exp::treatment,HJI_C05 Hotels,HJI_C05 Hotels exp::treatment
1498349435055,yfJomOHOq:,HJI Shared,exp::control,HJI_C05 Hotels,HJI_C05 Hotels exp::control
1498349435056,eeQ)~)$j:D,HJI Shared,exp::treatment,HJI_C05 Hotels,HJI_C05 Hotels exp::treatment
1498349435057,Je<Kc0:1x],HJI Shared,exp::treatment,HJI_C05 Hotels,HJI_C05 Hotels exp::treatment
1498349435058,Ci&6Au3UKX,HJI Shared,exp::control,HJI_C05 Hotels,HJI_C05 Hotels exp::control
1498349435059,G{8>s{@gyi,HJI Shared,exp::treatment,HJI_C05 Hotels,HJI_C05 Hotels exp::treatment
1498349435060,Gt2g&-.!]n,HJI Shared,exp::control,HJI_C05 Hotels,HJI_C05 Hotels exp::control
1498349435061,JrDyyg<SCP,HJI Shared,exp::treatment,HJI_C05 Hotels,HJI_C05 Hotels exp::treatment
1498349435062,n|*hEf}({I,HJI Shared,exp::control,HJI_C05 Hotels,HJI_C05 Hotels exp::control
1498349435063,Fv3>S<VZKI,HJI Shared,exp::treatment,HJI_C05 Hotels,HJI_C05 Hotels exp::treatment
1498349435064,xc5?K;>ldc,HJI Shared,exp::control,HJI_C05 Hotels,HJI_C05 Hotels exp::control
1498349435065,i)PL+2zUI_,HJI Shared,exp::control,HJI_C05 Hotels,HJI_C05 Hotels exp::control
1498349435066,A;d$U~W_*K,HJI Shared,exp::control,HJI_C05 Hotels,HJI_C05 Hotels exp::control
1498349435067,ioe2B~5*XU,HJI Shared,exp::control,HJI_C05 Hotels,HJI_C05 Hotels exp::control
1498349435068,g!LXr;l}%2,HJI Shared,exp::control,HJI_C05 Hotels,HJI_C05 Hotels exp::control
1498349435069,vsw5`#zL+y,HJI Shared,exp::control,HJI_C05 Hotels,HJI_C05 Hotels exp::control
1498349435070,w@Wr[GY$<v,HJI Shared,exp::control,HJI_C05 Hotels,HJI_C05 Hotels exp::control
1498349435071,eO+K@xl~??,HJI Shared,exp::treatment,HJI_C05 Hotels,HJI_C05 Hotels exp::treatment
1498349435072,zc/([A&~#p,HJI Shared,exp::treatment,HJI_C05 Hotels,HJI_C05 Hotels exp::treatment
1498349435073,sEbN_+1@P},HJI Shared,exp::treatment,HJI_C05 Hotels,HJI_C05 Hotels exp::treatment
1498349435074,n-Wu^F9jj4,HJI Shared,exp::control,HJI_C05 Hotels,HJI_C05 Hotels exp::control
1498349435075,EY0/$}EWZg,HJI Shared,exp::control,HJI_C05 Hotels,HJI_C05 Hotels exp::control
1498349435076,w+tx^3JC$N,HJI Shared,exp::control,HJI_C05 Hotels,HJI_C05 Hotels exp::control
1498349435077,h):($6(46d,HJI Shared,exp::control,HJI_C05 Hotels,HJI_C05 Hotels exp::control
1498349435078,l$0JP@mD/^,HJI Shared,exp::treatment,HJI_C05 Hotels,HJI_C05 Hotels exp::treatment
1498349435079,IEI]JrVX%;,HJI Shared,exp::treatment,HJI_C05 Hotels,HJI_C05 Hotels exp::treatment
1498349435080,x9sQ760H$[,HJI Shared,exp::treatment,HJI_C05 Hotels,HJI_C05 Hotels exp::treatment
1498349435081,c}axce]{TC,HJI Shared,exp::control,HJI_C05 Hotels,HJI_C05 Hotels exp::control
1498349435082,IA$d$yE>:r,HJI Shared,exp::control,HJI_C05 Hotels,HJI_C05 Hotels exp::control
1498349435083,LtHR4qS)E*,HJI Shared,exp::control,HJI_C05 Hotels,HJI_C05 Hotels exp::control
1498349435084,"Hcu0aA(Xf,",HJI Shared,exp::control,HJI_C05 Hotels,HJI_C05 Hotels exp::control
1498349435085,u~g$BN1EX;,HJI Shared,exp::control,HJI_C05 Hotels,HJI_C05 Hotels exp::control
1498349435086,N?]3n28d*H,HJI Shared,exp::control,HJI_C05 Hotels,HJI_C05 Hotels exp::control
1498349435087,b2:k:[*a[p,HJI Shared,exp::control,HJI_C05 Hotels,HJI_C05 Hotels exp::control
1498349435088,QM[`T:W.ZS,HJI Shared,exp::treatment,HJI_C05 Hotels,HJI_C05 Hotels exp::treatment
1498349435089,p&+{vr7J#$,HJI Shared,exp::treatment,HJI_C05 Hotels,HJI_C05 Hotels exp::treatment
1498349435090,kvED(j/v<},HJI Shared,exp::control,HJI_C05 Hotels,HJI_C05 Hotels exp::control
1498349435091,RaqQE#)tEf,HJI Shared,exp::control,HJI_C05 Hotels,HJI_C05 Hotels exp::control
1498349435092,"OA{a2,0Hw;",HJI Shared,exp::control,HJI_C05 Hotels,HJI_C05 Hotels exp::control
1498349435093,k[_Cy;U;2j,HJI Shared,exp::control,HJI_C05 Hotels,HJI_C05 Hotels exp::control
1498349435094,Q#BR-!@?D#,HJI Shared,exp::treatment,HJI_C05 Hotels,HJI_C05 Hotels exp::treatment
1498349435095,v{qWu`@7ZQ,HJI Shared,exp::control,HJI_C05 Hotels,HJI_C05 Hotels exp::control
1498349435096,AX=n{(VO+(,HJI Shared,exp::treatment,HJI_C05 Hotels,HJI_C05 Hotels exp::treatment
1498349435097,pbDSjkT51i,HJI Shared,exp::control,HJI_C05 Hotels,HJI_C05 Hotels exp::control
1498349435098,muv75B<bF&,HJI Shared,exp::treatment,HJI_C05 Hotels,HJI_C05 Hotels exp::treatment
1498349435099,yBL-jEylv<,HJI Shared,exp::treatment,HJI_C05 Hotels,HJI_C05 Hotels exp::treatment
1498349435100,"tgC,ce3^-;",HJI Shared,exp::control,Directions HJI_C06,Directions HJI_C06 exp::control
1498349435101,wRmuA=sJ9W,HJI Shared,exp::control,Directions HJI_C06,Directions HJI_C06 exp::control
1498349435102,BF@UzvLuA~,HJI Shared,exp::control,Directions HJI_C06,Directions HJI_C06 exp::control
1498349435103,QJN!N|:b`P,HJI Shared,exp::treatment,Directions HJI_C06,Directions HJI_C06 exp::treatment
1498349435104,D{3m^%dkh],HJI Shared,exp::treatment,Directions HJI_C06,Directions HJI_C06 exp::treatment
1498349435105,HxJ?QGyO+@,HJI Shared,exp::treatment,Directions HJI_C06,Directions HJI_C06 exp::treatment
1498349435106,IZi:MD3_|q,HJI Shared,exp::control,Directions HJI_C06,Directions HJI_C06 exp::control
1498349435107,MoHdwS/`Z-,HJI Shared,exp::control,Directions HJI_C06,Directions HJI_C06 exp::control
1498349435108,cFJSf:#G+W,HJI Shared,exp::treatment,Directions HJI_C06,Directions HJI_C06 exp::treatment
1498349435109,N4#h&*^NYj,HJI Shared,exp::treatment,Directions HJI_C06,Directions HJI_C06 exp::treatment
1498349435110,BpUo6zMnC[,HJI Shared,exp::control,Directions HJI_C06,Directions HJI_C06 exp::control
1498349435111,r]Q_RT=?@s,HJI Shared,exp::treatment,Directions HJI_C06,Directions HJI_C06 exp::treatment
1498349435112,pL{Xa4%6M*,HJI Shared,exp::control,Directions HJI_C06,Directions HJI_C06 exp::control
1498349435113,JqGsTah4td,HJI Shared,exp::control,Directions HJI_C06,Directions HJI_C06 exp::control
1498349435114,iTJ0tyZUI+,HJI Shared,exp::control,Directions HJI_C06,Directions HJI_C06 exp::control
1498349435115,jSL9IQbwV?,HJI Shared,exp::treatment,Directions HJI_C06,Directions HJI_C06 exp::treatment
1498349435116,ug#w+m_M*T,HJI Shared,exp::control,Directions HJI_C06,Directions HJI_C06 exp::control
1498349435117,"n0KzmsGbx,",HJI Shared,exp::treatment,Directions HJI_C06,Directions HJI_C06 exp::treatment
1498349435118,"fo$,h)>]N7",HJI Shared,exp::treatment,Directions HJI_C06,Directions HJI_C06 exp::treatment
1498349435119,i|+f`BSjP#,HJI Shared,exp::control,Directions HJI_C06,Directions HJI_C06 exp::control
1498349435120,K{NB90#3f8,HJI Shared,exp::treatment,Directions HJI_C06,Directions HJI_C06 exp::treatment
1498349435121,BKu~hyfL/,HJI Shared,exp::treatment,Directions HJI_C06,Directions HJI_C06 exp::treatment
1498349435122,i@Qp%C7t0@,HJI Shared,exp::treatment,Directions HJI_C06,Directions HJI_C06 exp::treatment
1498349435123,ev/ticBs[(,HJI Shared,exp::treatment,Directions HJI_C06,Directions HJI_C06 exp::treatment
1498349435124,"MHW|<Q~,N1",HJI Shared,exp::treatment,Directions HJI_C06,Directions HJI_C06 exp::treatment
1498349435125,tW4CRx8W;b,HJI Shared,exp::treatment,Directions HJI_C06,Directions HJI_C06 exp::treatment
1498349435126,Ok/:yN5h)),HJI Shared,exp::treatment,Directions HJI_C06,Directions HJI_C06 exp::treatment
1498349435127,lW[fA.Vaz_,HJI Shared,exp::control,Directions HJI_C06,Directions HJI_C06 exp::control
1498349435128,bYgPUt:~/T,HJI Shared,exp::control,Directions HJI_C06,Directions HJI_C06 exp::control
1498349435129,yH)5v}m(KI,HJI Shared,exp::treatment,Directions HJI_C06,Directions HJI_C06 exp::treatment
1498349435130,fIW|QnbI5a,HJI Shared,exp::treatment,Directions HJI_C06,Directions HJI_C06 exp::treatment
1498349435131,EtQ9h#}g1],HJI Shared,exp::control,Directions HJI_C06,Directions HJI_C06 exp::control
1498349435132,z{Pfb_PD^D,HJI Shared,exp::control,Directions HJI_C06,Directions HJI_C06 exp::control
1498349435133,d?n.96H~0A,HJI Shared,exp::control,Directions HJI_C06,Directions HJI_C06 exp::control
1498349435134,"qtEZtcp,s[",HJI Shared,exp::control,Directions HJI_C06,Directions HJI_C06 exp::control
1498349435135,v9X?tck/U,HJI Shared,exp::control,Directions HJI_C06,Directions HJI_C06 exp::control
1498349435136,vSxr4/2D;5,HJI Shared,exp::treatment,Directions HJI_C06,Directions HJI_C06 exp::treatment
1498349435137,lRXg_GkVbt,HJI Shared,exp::treatment,Directions HJI_C06,Directions HJI_C06 exp::treatment
1498349435138,GmB0T/Hle>,HJI Shared,exp::control,Directions HJI_C06,Directions HJI_C06 exp::control
1498349435139,HE:O{#8$.t,HJI Shared,exp::control,HJI_C07 Informals3,HJI_C07 Informals3 exp::control
1498349435140,Ra~fT!oG^3,HJI Shared,exp::control,HJI_C07 Informals3,HJI_C07 Informals3 exp::control
1498349435141,yD^Z5k6.?3,HJI Shared,exp::treatment,HJI_C07 Informals3,HJI_C07 Informals3 exp::treatment
1498349435142,mqA;`=DBF8,HJI Shared,exp::treatment,HJI_C07 Informals3,HJI_C07 Informals3 exp::treatment
1498349435143,A6Od>uU)u`,HJI Shared,exp::control,HJI_C07 Informals3,HJI_C07 Informals3 exp::control
1498349435144,j64407+R?g,HJI Shared,exp::control,HJI_C07 Informals3,HJI_C07 Informals3 exp::control
1498349435145,G;xz#^w]UC,HJI Shared,exp::treatment,HJI_C07 Informals3,HJI_C07 Informals3 exp::treatment
1498349435146,hGA95#Y>!y,HJI Shared,exp::control,HJI_C07 Informals3,HJI_C07 Informals3 exp::control
1498349435147,r3[mjiKYQR,HJI Shared,exp::treatment,HJI_C07 Informals3,HJI_C07 Informals3 exp::treatment
1498349435148,nl[QTon[{9,HJI Shared,exp::treatment,HJI_C07 Informals3,HJI_C07 Informals3 exp::treatment
1498349435149,p)p[(~Fm#Y,HJI Shared,exp::treatment,HJI_C07 Informals3,HJI_C07 Informals3 exp::treatment
1498349435150,iC[!:K{*8-,HJI Shared,exp::treatment,HJI_C07 Informals3,HJI_C07 Informals3 exp::treatment
1498349435151,F~#<W$<M-{,HJI Shared,exp::treatment,HJI_C07 Informals3,HJI_C07 Informals3 exp::treatment
1498349435152,hWi<]h2GEE,HJI Shared,exp::treatment,HJI_C07 Informals3,HJI_C07 Informals3 exp::treatment
1498349435153,kmMF%_kr<S,HJI Shared,exp::control,HJI_C07 Informals3,HJI_C07 Informals3 exp::control
1498349435154,Lr/lN(e@?:,HJI Shared,exp::control,HJI_C07 Informals3,HJI_C07 Informals3 exp::control
1498349435155,d^28n}XG{i,HJI Shared,exp::control,HJI_C07 Informals3,HJI_C07 Informals3 exp::control
1498349435156,I_tWcJY#*q,HJI Shared,exp::control,HJI_C07 Informals3,HJI_C07 Informals3 exp::control
1498349435157,d0)RrZ]cM3,HJI Shared,exp::control,HJI_C07 Informals3,HJI_C07 Informals3 exp::control
1498349435158,D!0@IEjHWM,HJI Shared,exp::control,HJI_C07 Informals3,HJI_C07 Informals3 exp::control
1498349435159,"dRBm,I?xKi",HJI Shared,exp::control,HJI_C07 Informals3,HJI_C07 Informals3 exp::control
1498349435160,bPG)a[n4Fl,HJI Shared,exp::treatment,HJI_C07 Informals3,HJI_C07 Informals3 exp::treatment
1498349435161,lw.MU9=wET,HJI Shared,exp::treatment,HJI_C07 Informals3,HJI_C07 Informals3 exp::treatment
1498349435162,Qtm#|<v?U&,HJI Shared,exp::control,HJI_C07 Informals3,HJI_C07 Informals3 exp::control
1498349435163,C/|*#[Xdz/,HJI Shared,exp::control,HJI_C07 Informals3,HJI_C07 Informals3 exp::control
1498349435164,enRyZkrPTg,HJI Shared,exp::treatment,HJI_C07 Informals3,HJI_C07 Informals3 exp::treatment
1498349435165,sSJD*^jNF_,HJI Shared,exp::control,HJI_C08 SpeakingInformally,HJI_C08 SpeakingInformally exp::control
1498349435166,Cizx.1%z8C,HJI Shared,exp::control,HJI_C08 SpeakingInformally,HJI_C08 SpeakingInformally exp::control
1498349435167,eja[Py+.Rq,HJI Shared,exp::control,HJI_C08 SpeakingInformally,HJI_C08 SpeakingInformally exp::control
1498349435168,Bq$`e>KGDr,HJI Shared,exp::treatment,HJI_C08 SpeakingInformally,HJI_C08 SpeakingInformally exp::treatment
1498349435169,I9#3%(Gaj=,HJI Shared,exp::control,HJI_C08 SpeakingInformally,HJI_C08 SpeakingInformally exp::control
1498349435170,DV_oz$.lfT,HJI Shared,exp::control,HJI_C08 SpeakingInformally,HJI_C08 SpeakingInformally exp::control
1498349435171,n$VT>W[#e|,HJI Shared,exp::treatment,HJI_C08 SpeakingInformally,HJI_C08 SpeakingInformally exp::treatment
1498349435172,i4bS[xi?DD,HJI Shared,exp::treatment,HJI_C08 SpeakingInformally,HJI_C08 SpeakingInformally exp::treatment
1498349435173,M>35)Kr=Q-,HJI Shared,exp::control,HJI_C08 SpeakingInformally,HJI_C08 SpeakingInformally exp::control
1498349435174,Ij/Ylfl^.%,HJI Shared,exp::treatment,HJI_C08 SpeakingInformally,HJI_C08 SpeakingInformally exp::treatment
1498349435175,nt$j4*=K)d,HJI Shared,exp::treatment,HJI_C08 SpeakingInformally,HJI_C08 SpeakingInformally exp::treatment
1498349435176,lZ4Y31pBDc,HJI Shared,exp::treatment,HJI_C08 SpeakingInformally,HJI_C08 SpeakingInformally exp::treatment
1498349435177,KHu9FFV8#m,HJI Shared,exp::treatment,HJI_C08 SpeakingInformally,HJI_C08 SpeakingInformally exp::treatment
1498349435178,HhR5]kVYQ;,HJI Shared,exp::treatment,HJI_C08 SpeakingInformally,HJI_C08 SpeakingInformally exp::treatment
1498349435179,q^s]br8RH;,HJI Shared,exp::control,HJI_C08 SpeakingInformally,HJI_C08 SpeakingInformally exp::control
1498349435180,f+D?2?XI6?,HJI Shared,exp::control,HJI_C08 SpeakingInformally,HJI_C08 SpeakingInformally exp::control
1498349435181,F%s|FT/A@|,HJI Shared,exp::control,HJI_C08 SpeakingInformally,HJI_C08 SpeakingInformally exp::control
1498349435182,iV0[tc.{pD,HJI Shared,exp::control,HJI_C08 SpeakingInformally,HJI_C08 SpeakingInformally exp::control
1498349435183,Q1X>|$RBGW,HJI Shared,exp::treatment,HJI_C08 SpeakingInformally,HJI_C08 SpeakingInformally exp::treatment
1498349435184,g^S(Mt[Omh,HJI Shared,exp::treatment,HJI_C08 SpeakingInformally,HJI_C08 SpeakingInformally exp::treatment
1498349435185,wltG>KU8@N,HJI Shared,exp::control,HJI_C08 SpeakingInformally,HJI_C08 SpeakingInformally exp::control
1498349435186,y+8I7qMMpZ,HJI Shared,exp::treatment,HJI_C08 SpeakingInformally,HJI_C08 SpeakingInformally exp::treatment
1498349435187,IojbNgCGmN,HJI Shared,exp::control,HJI_C08 SpeakingInformally,HJI_C08 SpeakingInformally exp::control
1498349435188,s}0l_yLpk:,HJI Shared,exp::control,HJI_C08 SpeakingInformally,HJI_C08 SpeakingInformally exp::control
1498349435189,DHkDra%x&`,HJI Shared,exp::control,HJI_C08 SpeakingInformally,HJI_C08 SpeakingInformally exp::control
1498349435190,pgwfSfW@9b,HJI Shared,exp::control,HJI_C08 SpeakingInformally,HJI_C08 SpeakingInformally exp::control
1498349435191,i9du|>.buy,HJI Shared,exp::treatment,HJI_C08 SpeakingInformally,HJI_C08 SpeakingInformally exp::treatment
1498349435192,"ni+,-^L[lO",HJI Shared,exp::control,HJI_C08 SpeakingInformally,HJI_C08 SpeakingInformally exp::control
1498349435193,i3nLMz7hdg,HJI Shared,exp::control,HJI_C08 SpeakingInformally,HJI_C08 SpeakingInformally exp::control
1498349435194,IzsZTBv2f/,HJI Shared,exp::treatment,HJI_C08 SpeakingInformally,HJI_C08 SpeakingInformally exp::treatment
1498349435195,G!+<<q2e;W,HJI Shared,exp::control,HJI_C08 SpeakingInformally,HJI_C08 SpeakingInformally exp::control
1498349435196,r]!GM}AA|Z,HJI Shared,exp::treatment,HJI_C08 SpeakingInformally,HJI_C08 SpeakingInformally exp::treatment
1498349435197,G#+>RMnFF),HJI Shared,exp::control,HJI_C08 SpeakingInformally,HJI_C08 SpeakingInformally exp::control
1498349435198,B%:iIY:m1-,HJI Shared,exp::treatment,HJI_C08 SpeakingInformally,HJI_C08 SpeakingInformally exp::treatment
1498349435199,oT0&})LooR,HJI Shared,exp::treatment,HJI_C08 SpeakingInformally,HJI_C08 SpeakingInformally exp::treatment
1498349435200,l{5vlyUJpV,HJI Shared,exp::treatment,HJI_C08 SpeakingInformally,HJI_C08 SpeakingInformally exp::treatment
1498349435201,v=PJu`pe(Q,HJI Shared,exp::control,HJI_C08 SpeakingInformally,HJI_C08 SpeakingInformally exp::control
1498349435202,In*<JwZ:HZ,HJI Shared,exp::control,HJI_C08 SpeakingInformally,HJI_C08 SpeakingInformally exp::control
1498349435203,B575{11=`p,HJI Shared,exp::control,HJI_C08 SpeakingInformally,HJI_C08 SpeakingInformally exp::control
1498349435204,pLzM]v|$1y,HJI Shared,exp::control,HJI_C08 SpeakingInformally,HJI_C08 SpeakingInformally exp::control
1498349435205,"n)EAb,Z~j^",HJI Shared,exp::control,HJI_C08 SpeakingInformally,HJI_C08 SpeakingInformally exp::control
1498349435206,r4jaBRQ2vQ,HJI Shared,exp::treatment,HJI_C08 SpeakingInformally,HJI_C08 SpeakingInformally exp::treatment
1498349435207,Gj^:EohILZ,HJI Shared,exp::treatment,HJI_C08 SpeakingInformally,HJI_C08 SpeakingInformally exp::treatment
1498349435208,+DzVe4=/-,HJI Shared,exp::control,HJI_C08 SpeakingInformally,HJI_C08 SpeakingInformally exp::control
1498349435209,wb8q#a`LV|,HJI Shared,exp::treatment,HJI_C08 SpeakingInformally,HJI_C08 SpeakingInformally exp::treatment
1498349435210,npf@#{?rwg,HJI Shared,exp::treatment,HJI_C08 SpeakingInformally,HJI_C08 SpeakingInformally exp::treatment
1498349435211,GkT&}cS]5>,HJI Shared,exp::treatment,HJI_C08 SpeakingInformally,HJI_C08 SpeakingInformally exp::treatment
1498349435212,P!69ip8dp~,HJI Shared,exp::control,HJI_C08 SpeakingInformally,HJI_C08 SpeakingInformally exp::control
1498349435213,wtRm{fAx?V,HJI Shared,exp::treatment,HJI_C08 SpeakingInformally,HJI_C08 SpeakingInformally exp::treatment
1498349435214,dG{=1#m62j,HJI Shared,exp::treatment,HJI_C08 SpeakingInformally,HJI_C08 SpeakingInformally exp::treatment
1498349435215,q6*JK8PPty,HJI Shared,exp::treatment,HJI_C08 SpeakingInformally,HJI_C08 SpeakingInformally exp::treatment
1498349435216,-@ZDpgs2K,HJI Shared,exp::control,HJI_C08 SpeakingInformally,HJI_C08 SpeakingInformally exp::control
1498349435217,M:XH[KH&@g,HJI Shared,exp::treatment,HJI_C08 SpeakingInformally,HJI_C08 SpeakingInformally exp::treatment
1498349435218,"l#},LmVti8",HJI Shared,exp::treatment,HJI_C08 SpeakingInformally,HJI_C08 SpeakingInformally exp::treatment
1498349435219,BrLw]{1LBp,HJI Shared,exp::control,HJI_C08 SpeakingInformally,HJI_C08 SpeakingInformally exp::control
1498349435220,AOEo+I!e`F,HJI Shared,exp::control,HJI_C08 SpeakingInformally,HJI_C08 SpeakingInformally exp::control
1498349435221,"y8hmWo%1Z,",HJI Shared,exp::treatment,HJI_C08 SpeakingInformally,HJI_C08 SpeakingInformally exp::treatment
1498349435222,Jh3>4ZC@v&,HJI Shared,exp::control,HJI_C08 SpeakingInformally,HJI_C08 SpeakingInformally exp::control
1498349435223,p3R75Bbrk.,HJI Shared,exp::treatment,HJI_C08 SpeakingInformally,HJI_C08 SpeakingInformally exp::treatment
1498349435224,l+w&)/U*x),HJI Shared,exp::control,HJI_C08 SpeakingInformally,HJI_C08 SpeakingInformally exp::control
1498349435225,PiDe;@(0VX,HJI Shared,exp::control,HJI_C08 SpeakingInformally,HJI_C08 SpeakingInformally exp::control
1498349435226,ABTb47*@Z6,HJI Shared,exp::control,HJI_C08 SpeakingInformally,HJI_C08 SpeakingInformally exp::control
1498349435227,"oc5xtZ8bJ,",HJI Shared,exp::control,HJI_C08 SpeakingInformally,HJI_C08 SpeakingInformally exp::control
1498349435228,e-acw/)u9b,HJI Shared,exp::control,HJI_C08 SpeakingInformally,HJI_C08 SpeakingInformally exp::control
1498349435229,bq9jq/4<hw,HJI Shared,exp::treatment,HJI_C08 SpeakingInformally,HJI_C08 SpeakingInformally exp::treatment
1498349435230,v<!QUEp|4I,HJI Shared,exp::control,HJI_C08 SpeakingInformally,HJI_C08 SpeakingInformally exp::control
1498349435231,B`^^ym$^{Y,HJI Shared,exp::control,HJI_C08 SpeakingInformally,HJI_C08 SpeakingInformally exp::control
1498349435232,m9J&>aO),HJI Shared,exp::treatment,HJI_C08 SpeakingInformally,HJI_C08 SpeakingInformally exp::treatment
1498349435233,Ki;;2H{JJ[,HJI Shared,exp::control,HJI_C08 SpeakingInformally,HJI_C08 SpeakingInformally exp::control
1498349435234,o?De3TjZ^0,HJI Shared,exp::control,HJI_C08 SpeakingInformally,HJI_C08 SpeakingInformally exp::control
1498349435235,knQ*yw$IJ_,HJI Shared,exp::control,HJI_C08 SpeakingInformally,HJI_C08 SpeakingInformally exp::control
1498349435236,G2:0e_5[L-,HJI Shared,exp::treatment,HJI_C08 SpeakingInformally,HJI_C08 SpeakingInformally exp::treatment
1498349435237,zv/a`d{3O*,HJI Shared,exp::control,HJI_C08 SpeakingInformally,HJI_C08 SpeakingInformally exp::control
1498349435238,lZ8khd;ye(,HJI Shared,exp::treatment,HJI_C08 SpeakingInformally,HJI_C08 SpeakingInformally exp::treatment
1498349435239,x9zxlE#K62,HJI Shared,exp::treatment,HJI_C08 SpeakingInformally,HJI_C08 SpeakingInformally exp::treatment
1498349435240,qeCEQ+l<UE,HJI Shared,exp::control,HJI_C08 SpeakingInformally,HJI_C08 SpeakingInformally exp::control
1498349435241,"]NQ,]pbnb",HJI Shared,exp::treatment,HJI_C08 SpeakingInformally,HJI_C08 SpeakingInformally exp::treatment
1498349435242,LvHm.F3IXY,HJI Shared,exp::control,HJI_C08 SpeakingInformally,HJI_C08 SpeakingInformally exp::control
1498349435243,p@hcqZ8L:`,HJI Shared,exp::control,HJI_C08 SpeakingInformally,HJI_C08 SpeakingInformally exp::control
1498349435244,P}t!hK:z7!,HJI Shared,exp::treatment,HJI_C08 SpeakingInformally,HJI_C08 SpeakingInformally exp::treatment
1498349435245,l4+hLxB%pq,HJI Shared,exp::treatment,HJI_C08 SpeakingInformally,HJI_C08 SpeakingInformally exp::treatment
1498349435246,"OJ,&cTLkQ(",HJI Shared,exp::treatment,HJI_C08 SpeakingInformally,HJI_C08 SpeakingInformally exp::treatment
1498349435247,bxnR`Foy<Q,HJI Shared,exp::control,HJI_C08 SpeakingInformally,HJI_C08 SpeakingInformally exp::control
1498349435248,Fjy_j-*ya!,HJI Shared,exp::control,HJI_C08 SpeakingInformally,HJI_C08 SpeakingInformally exp::control
1498349435249,hx+qMp{w{/,HJI Shared,exp::control,HJI_C08 SpeakingInformally,HJI_C08 SpeakingInformally exp::control
1498349435250,OG?So9SQ^a,HJI Shared,exp::treatment,HJI_C08 SpeakingInformally,HJI_C08 SpeakingInformally exp::treatment
1498349435251,j{&BAh6*)@,HJI Shared,exp::control,HJI_C08 SpeakingInformally,HJI_C08 SpeakingInformally exp::control
1498349435252,e0=T!rljd6,HJI Shared,exp::control,HJI_C08 SpeakingInformally,HJI_C08 SpeakingInformally exp::control
1498349435253,P#K7{{T9pA,HJI Shared,exp::control,HJI_C08 SpeakingInformally,HJI_C08 SpeakingInformally exp::control
1498349435254,Op.IMZ%TRS,HJI Shared,exp::control,HJI_C08 SpeakingInformally,HJI_C08 SpeakingInformally exp::control
1498349435255,zWbp|qr0<5,HJI Shared,exp::control,HJI_C08 SpeakingInformally,HJI_C08 SpeakingInformally exp::control
1498349435256,o`3RHGvZIE,HJI Shared,exp::control,HJI_C08 SpeakingInformally,HJI_C08 SpeakingInformally exp::control
1498349435257,oF-7;O75AP,HJI Shared,exp::control,HJI_C08 SpeakingInformally,HJI_C08 SpeakingInformally exp::control
1498349435258,n!RN)X$W}S,HJI Shared,exp::control,HJI_C08 SpeakingInformally,HJI_C08 SpeakingInformally exp::control
1498349435259,r):zwe:L^I,HJI Shared,exp::control,HJI_C08 SpeakingInformally,HJI_C08 SpeakingInformally exp::control
1498349435260,tE{3t$EGBl,HJI Shared,exp::treatment,HJI_C08 SpeakingInformally,HJI_C08 SpeakingInformally exp::treatment
1498349435261,ER$OD.G6|q,HJI Shared,exp::control,HJI_C08 SpeakingInformally,HJI_C08 SpeakingInformally exp::control
1498349435262,Nn9DwSRXKU,HJI Shared,exp::treatment,HJI_C08 SpeakingInformally,HJI_C08 SpeakingInformally exp::treatment
1498349435263,H_*${PHr]n,HJI Shared,exp::treatment,HJI_C08 SpeakingInformally,HJI_C08 SpeakingInformally exp::treatment
1498349435264,iIXrvv~a#f,HJI Shared,exp::treatment,HJI_C08 SpeakingInformally,HJI_C08 SpeakingInformally exp::treatment
1498349435265,xGdL|@/P<$,HJI Shared,exp::control,HJI_C08 SpeakingInformally,HJI_C08 SpeakingInformally exp::control
1498349435266,cQA3p[()OX,HJI Shared,exp::treatment,HJI_C08 SpeakingInformally,HJI_C08 SpeakingInformally exp::treatment
1498349435267,DfH^T&$:oL,HJI Shared,exp::control,HJI_C08 SpeakingInformally,HJI_C08 SpeakingInformally exp::control
1498349435268,pL`*?)M5?I,HJI Shared,exp::treatment,HJI_C08 SpeakingInformally,HJI_C08 SpeakingInformally exp::treatment
1498349435269,"z+jOnY,L^q",HJI Shared,exp::control,HJI_C08 SpeakingInformally,HJI_C08 SpeakingInformally exp::control
1498349435270,jL|%[Bn-v|,HJI Shared,exp::treatment,HJI_C08 SpeakingInformally,HJI_C08 SpeakingInformally exp::treatment
1498349435271,k3mI=kdE`@,HJI Shared,exp::treatment,HJI_C08 SpeakingInformally,HJI_C08 SpeakingInformally exp::treatment
1498349435272,JU#j(}TmZI,HJI Shared,exp::treatment,HJI_C08 SpeakingInformally,HJI_C08 SpeakingInformally exp::treatment
1498349435273,eEkXG39e[M,HJI Shared,exp::control,HJI_C08 SpeakingInformally,HJI_C08 SpeakingInformally exp::control
1498349435274,v&LPGpY~b,HJI Shared,exp::treatment,HJI_C08 SpeakingInformally,HJI_C08 SpeakingInformally exp::treatment
1498349435275,gCkZK`*fYC,HJI Shared,exp::control,HJI_C08 SpeakingInformally,HJI_C08 SpeakingInformally exp::control
1498349435276,m6iY9Vr[Wa,HJI Shared,exp::treatment,HJI_C08 SpeakingInformally,HJI_C08 SpeakingInformally exp::treatment
1498349435277,N9n%Y%X:5{,HJI Shared,exp::treatment,HJI_C09 Reasons,HJI_C09 Reasons exp::treatment
1498349435278,J:IuXZ%^.V,HJI Shared,exp::control,HJI_C09 Reasons,HJI_C09 Reasons exp::control
1498349435279,o/@B_Kd4kG,HJI Shared,exp::control,HJI_C09 Reasons,HJI_C09 Reasons exp::control
1498349435280,c+l!3A+o+Y,HJI Shared,exp::treatment,HJI_C09 Reasons,HJI_C09 Reasons exp::treatment
1498349435281,A~w;.pR/c$,HJI Shared,exp::control,HJI_C09 Reasons,HJI_C09 Reasons exp::control
1498349435282,b<SwAvvFM%,HJI Shared,exp::control,HJI_C09 Reasons,HJI_C09 Reasons exp::control
1498349435283,km55J.p*V#,HJI Shared,exp::treatment,HJI_C09 Reasons,HJI_C09 Reasons exp::treatment
1498349435284,BZPkrJ%sfT,HJI Shared,exp::control,HJI_C09 Reasons,HJI_C09 Reasons exp::control
1498349435285,pc3!MlXq?L,HJI Shared,exp::treatment,HJI_C09 Reasons,HJI_C09 Reasons exp::treatment
1498349435286,vsUmwLv5ZJ,HJI Shared,exp::treatment,HJI_C09 Reasons,HJI_C09 Reasons exp::treatment
1498349435287,drod.buZn%,HJI Shared,exp::treatment,HJI_C09 Reasons,HJI_C09 Reasons exp::treatment
1498349435288,oPKDteCxV3,HJI Shared,exp::treatment,HJI_C09 Reasons,HJI_C09 Reasons exp::treatment
1498349435289,Fu8%7?}1^3,HJI Shared,exp::treatment,HJI_C09 Reasons,HJI_C09 Reasons exp::treatment
1498349435290,AL{Z=<l<[S,HJI Shared,exp::control,HJI_C09 Reasons,HJI_C09 Reasons exp::control
1498349435291,xCzJqOInfX,HJI Shared,exp::treatment,HJI_C09 Reasons,HJI_C09 Reasons exp::treatment
1498349435292,DiI1}Q@v)3,HJI Shared,exp::treatment,HJI_C09 Reasons,HJI_C09 Reasons exp::treatment
1498349435293,mfG$+`Y3[4,HJI Shared,exp::control,HJI_C09 Reasons,HJI_C09 Reasons exp::control
1498349435294,Qt=X.Yu{v!,HJI Shared,exp::control,HJI_C09 Reasons,HJI_C09 Reasons exp::control
1498349435295,"M|^9D+GP,t",HJI Shared,exp::control,HJI_C09 Reasons,HJI_C09 Reasons exp::control
1498349435296,z7*U2`72zs,HJI Shared,exp::treatment,HJI_C09 Reasons,HJI_C09 Reasons exp::treatment
1498349435297,zr+V*Qy{Q],HJI Shared,exp::treatment,HJI_C09 Reasons,HJI_C09 Reasons exp::treatment
1498349435298,D`zBtvn~~~,HJI Shared,exp::treatment,HJI_C09 Reasons,HJI_C09 Reasons exp::treatment
1498349435299,qt`pW8Orn#,HJI Shared,exp::control,HJI_C09 Reasons,HJI_C09 Reasons exp::control
1498349435300,F)ag[E~}9Q,HJI Shared,exp::control,HJI_C09 Reasons,HJI_C09 Reasons exp::control
1498349435301,JV{Tt$(;oH,HJI Shared,exp::control,HJI_C09 Reasons,HJI_C09 Reasons exp::control
1498349435302,HHu-_Y~X*3,HJI Shared,exp::control,HJI_C09 Reasons,HJI_C09 Reasons exp::control
1498349435303,r`E@=99_(Y,HJI Shared,exp::control,HJI_C09 Reasons,HJI_C09 Reasons exp::control
1498349435304,mqi`X#IU`~,HJI Shared,exp::treatment,HJI_C09 Reasons,HJI_C09 Reasons exp::treatment
1498349435305,DQ$q[RZrJM,HJI Shared,exp::control,HJI_C09 Reasons,HJI_C09 Reasons exp::control
1498349435306,J0Cb;?L^Jv,HJI Shared,exp::control,HJI_C09 Reasons,HJI_C09 Reasons exp::control
1498349435307,itjK^|jKKH,HJI Shared,exp::control,HJI_C09 Reasons,HJI_C09 Reasons exp::control
1498349435308,mh}Y+9HQw;,HJI Shared,exp::control,HJI_C09 Reasons,HJI_C09 Reasons exp::control
1498349435309,"kgEYR,w&8w",HJI Shared,exp::control,HJI_C09 Reasons,HJI_C09 Reasons exp::control
1498349435310,Dp_dw8YHEV,HJI Shared,exp::treatment,HJI_C09 Reasons,HJI_C09 Reasons exp::treatment
1498349435311,ykpI4-iV>u,HJI Shared,exp::treatment,HJI_C09 Reasons,HJI_C09 Reasons exp::treatment
1498349435312,cY0-/sRs_v,HJI Shared,exp::treatment,HJI_C09 Reasons,HJI_C09 Reasons exp::treatment
1498349435313,g>Q?H1.Aw),HJI Shared,exp::treatment,HJI_C09 Reasons,HJI_C09 Reasons exp::treatment
1498349435314,LOh8_#!/gz,HJI Shared,exp::treatment,HJI_C09 Reasons,HJI_C09 Reasons exp::treatment
1498349435315,dW596sly5&,HJI Shared,exp::treatment,HJI_C09 Reasons,HJI_C09 Reasons exp::treatment
1498349435316,BPJFU[04Xj,HJI Shared,exp::control,HJI_C09 Reasons,HJI_C09 Reasons exp::control
1498349435317,rD4R$q+p)T,HJI Shared,exp::treatment,HJI_C09 Reasons,HJI_C09 Reasons exp::treatment
1498349435318,FxyC]r|WLx,HJI Shared,exp::treatment,HJI_C09 Reasons,HJI_C09 Reasons exp::treatment
1498349435319,mG>q@OU?ng,HJI Shared,exp::control,HJI_C09 Reasons,HJI_C09 Reasons exp::control
1498349435320,Ar9pm09_uh,HJI Shared,exp::control,HJI_C09 Reasons,HJI_C09 Reasons exp::control
1498349435321,y$`_]kX[aQ,HJI Shared,exp::treatment,HJI_C09 Reasons,HJI_C09 Reasons exp::treatment
1498349435322,uHJ+@#{N%V,HJI Shared,exp::control,HJI_C09 Reasons,HJI_C09 Reasons exp::control
1498349435323,t+Mj}voTV7,HJI Shared,exp::control,HJI_C09 Reasons,HJI_C09 Reasons exp::control
1498349435324,Q|mcxcY&^2,HJI Shared,exp::treatment,HJI_C09 Reasons,HJI_C09 Reasons exp::treatment
1498349435325,j}%n#=7RwN,HJI Shared,exp::control,HJI_C09 Reasons,HJI_C09 Reasons exp::control
1498349435326,n->D6r1)nC,HJI Shared,exp::control,HJI_C09 Reasons,HJI_C09 Reasons exp::control
1498349435327,GIYb{[wBN6,HJI Shared,exp::treatment,HJI_C09 Reasons,HJI_C09 Reasons exp::treatment
1498349435328,"C,!?I3!yp>",HJI Shared,exp::treatment,HJI_C09 Reasons,HJI_C09 Reasons exp::treatment
1498349435329,BWXgzv#Ys@,HJI Shared,exp::treatment,HJI_C10 Morning,HJI_C10 Morning exp::treatment
1498349435330,vl!f1I8{LL,HJI Shared,exp::control,HJI_C10 Morning,HJI_C10 Morning exp::control
1498349435331,b??G!1te5U,HJI Shared,exp::control,HJI_C10 Morning,HJI_C10 Morning exp::control
1498349435332,u_`Lf`(58s,HJI Shared,exp::treatment,HJI_C10 Morning,HJI_C10 Morning exp::treatment
1498349435333,CXB$>{^s~9,HJI Shared,exp::treatment,HJI_C10 Morning,HJI_C10 Morning exp::treatment
1498349435334,"l}U}~Ba:k,",HJI Shared,exp::control,HJI_C10 Morning,HJI_C10 Morning exp::control
1498349435335,rL+&O`$mjY,HJI Shared,exp::treatment,HJI_C10 Morning,HJI_C10 Morning exp::treatment
1498349435336,"bv9nvK,:q*",HJI Shared,exp::treatment,HJI_C10 Morning,HJI_C10 Morning exp::treatment
1498349435337,h%m>|HmLIm,HJI Shared,exp::treatment,HJI_C10 Morning,HJI_C10 Morning exp::treatment
1498349435338,JF[@TA2[K_,HJI Shared,exp::treatment,HJI_C10 Morning,HJI_C10 Morning exp::treatment
1498349435339,g?QLy;hw*),HJI Shared,exp::control,HJI_C10 Morning,HJI_C10 Morning exp::control
1498349435340,r-9Uthr&d},HJI Shared,exp::treatment,HJI_C10 Morning,HJI_C10 Morning exp::treatment
1498349435341,e0eb_j:V>z,HJI Shared,exp::control,HJI_C10 Morning,HJI_C10 Morning exp::control
1498349435342,M!bzF=g~#H,HJI Shared,exp::treatment,HJI_C10 Morning,HJI_C10 Morning exp::treatment
1498349435343,NlGb0%FJIe,HJI Shared,exp::control,HJI_C10 Morning,HJI_C10 Morning exp::control
1498349435344,Cm6sMqjno_,HJI Shared,exp::control,HJI_C10 Morning,HJI_C10 Morning exp::control
1498349435345,gtURey~%uk,HJI Shared,exp::treatment,HJI_C10 Morning,HJI_C10 Morning exp::treatment
1498349435346,M&>%2)Cm^8,HJI Shared,exp::control,HJI_C10 Morning,HJI_C10 Morning exp::control
1498349435347,dL-v=HIee),HJI Shared,exp::treatment,HJI_C10 Morning,HJI_C10 Morning exp::treatment
1498349435348,LsMgWsQ>+^,HJI Shared,exp::treatment,HJI_C10 Morning,HJI_C10 Morning exp::treatment
1498349435349,nXk3&a72z9,HJI Shared,exp::treatment,HJI_C10 Morning,HJI_C10 Morning exp::treatment
1498349435350,C:1fi0jW=5,HJI Shared,exp::control,HJI_C10 Morning,HJI_C10 Morning exp::control
1498349435351,kG06.^#Z!),HJI Shared,exp::treatment,HJI_C10 Morning,HJI_C10 Morning exp::treatment
1498349435352,p`_{x--Rc6,HJI Shared,exp::treatment,HJI_C10 Morning,HJI_C10 Morning exp::treatment
1498349435353,s]g&iC>WZ4,HJI Shared,exp::treatment,HJI_C10 Morning,HJI_C10 Morning exp::treatment
1498349435354,cNF1m=*d=N,HJI Shared,exp::control,HJI_C10 Morning,HJI_C10 Morning exp::control
1498349435355,IvVdOVbz:f,HJI Shared,exp::control,HJI_C10 Morning,HJI_C10 Morning exp::control
1498349435356,EM3/{JgU-7,HJI Shared,exp::control,HJI_C10 Morning,HJI_C10 Morning exp::control
1498349435357,vIBZ*=VtEq,HJI Shared,exp::treatment,HJI_C10 Morning,HJI_C10 Morning exp::treatment
1498349435358,BhsDEL{]y~,HJI Shared,exp::control,HJI_C10 Morning,HJI_C10 Morning exp::control
1498349435359,k;/<TI!Mai,HJI Shared,exp::treatment,HJI_C10 Morning,HJI_C10 Morning exp::treatment
1498349435360,GL;8-D$w/o,HJI Shared,exp::control,HJI_C10 Morning,HJI_C10 Morning exp::control
1498349435361,"D`,N0@k-ei",HJI Shared,exp::treatment,HJI_C10 Morning,HJI_C10 Morning exp::treatment
1498349435362,N0ql=R4D.A,HJI Shared,exp::treatment,HJI_C10 Morning,HJI_C10 Morning exp::treatment
1498349435363,iDnhz`P9.!,HJI Shared,exp::treatment,HJI_C10 Morning,HJI_C10 Morning exp::treatment
1498349435364,EnyF?Nz&I9,HJI Shared,exp::control,HJI_C10 Morning,HJI_C10 Morning exp::control
1498349435365,ED:7k]yIeQ,HJI Shared,exp::treatment,HJI_C10 Morning,HJI_C10 Morning exp::treatment
1498349435366,QQsz_2/&<&,HJI Shared,exp::control,HJI_C10 Morning,HJI_C10 Morning exp::control
1498349435367,G|<a&nL]s,HJI Shared,exp::treatment,HJI_C10 Morning,HJI_C10 Morning exp::treatment
1498349435368,Ky/`US5vN~,HJI Shared,exp::treatment,HJI_C10 Morning,HJI_C10 Morning exp::treatment
1498349435369,eMvt~p%O@U,HJI Shared,exp::control,HJI_C10 Morning,HJI_C10 Morning exp::control
1498349435370,pbUuznBbnw,HJI Shared,exp::control,HJI_C10 Morning,HJI_C10 Morning exp::control
1498349435371,wQg?m2oNmR,HJI Shared,exp::control,HJI_C10 Morning,HJI_C10 Morning exp::control
1498349435372,cPb/`O^1u3,HJI Shared,exp::treatment,HJI_C10 Morning,HJI_C10 Morning exp::treatment
1498349435373,F(nv+Rs#:Y,HJI Shared,exp::control,HJI_C10 Morning,HJI_C10 Morning exp::control
1498349435374,"QNFV,$p!oX",HJI Shared,exp::control,HJI_C10 Morning,HJI_C10 Morning exp::control
1498349435375,lkcgcr1fTl,HJI Shared,exp::treatment,HJI_C10 Morning,HJI_C10 Morning exp::treatment
1498349435376,xlO0W*|r?S,HJI Shared,exp::control,HJI_C10 Morning,HJI_C10 Morning exp::control
1498349435377,InZ6:o?/NK,HJI Shared,exp::treatment,HJI_C10 Morning,HJI_C10 Morning exp::treatment
1498349435378,"Dl8.jU,zF$",HJI Shared,exp::treatment,HJI_C10 Morning,HJI_C10 Morning exp::treatment
1498349435379,LhD`0TCppR,HJI Shared,exp::treatment,HJI_C10 Morning,HJI_C10 Morning exp::treatment
1498349435380,"D,^[Xo_VIK",HJI Shared,exp::control,HJI_C10 Morning,HJI_C10 Morning exp::control
1498349435381,z_nThfCK;h,HJI Shared,exp::treatment,HJI_C10 Morning,HJI_C10 Morning exp::treatment
1498349435382,d8Ty4wluJf,HJI Shared,exp::treatment,HJI_C10 Morning,HJI_C10 Morning exp::treatment
1498349435383,kX+Xr)+)Hx,HJI Shared,exp::treatment,HJI_C10 Morning,HJI_C10 Morning exp::treatment
1498349435384,C|6V>m6zyQ,HJI Shared,exp::treatment,HJI_C10 Morning,HJI_C10 Morning exp::treatment
1498349435385,b-YK@e!Y|X,HJI Shared,exp::treatment,HJI_C10 Morning,HJI_C10 Morning exp::treatment
1498349435386,r?I^h?tO$z,HJI Shared,exp::treatment,HJI_C10 Morning,HJI_C10 Morning exp::treatment
1498349435387,z/q(hIk4.J,HJI Shared,exp::control,HJI_C10 Morning,HJI_C10 Morning exp::control
1498349435388,jVUAfi)Lw),HJI Shared,exp::control,HJI_C10 Morning,HJI_C10 Morning exp::control
1498349435389,jNr<M.-9W*,HJI Shared,exp::treatment,HJI_C10 Morning,HJI_C10 Morning exp::treatment
1498349435390,ex1^lFD{xj,HJI Shared,exp::control,HJI_C10 Morning,HJI_C10 Morning exp::control
1498349435391,mMQhMGXmPy,HJI Shared,exp::control,HJI_C10 Morning,HJI_C10 Morning exp::control
1498349435392,n`#E]4|NC=,HJI Shared,exp::control,HJI_C10 Morning,HJI_C10 Morning exp::control
1498349435393,"g!>/e`d{C,",HJI Shared,exp::treatment,HJI_C10 Morning,HJI_C10 Morning exp::treatment
1498349435394,EG93_g<i6#,HJI Shared,exp::control,HJI_C10 Morning,HJI_C10 Morning exp::control
1498349435395,FL0OXY5]M|,HJI Shared,exp::control,HJI_C10 Morning,HJI_C10 Morning exp::control
1498349435396,u0bLjxe0MI,HJI Shared,exp::treatment,HJI_C10 Morning,HJI_C10 Morning exp::treatment
1498349435397,gg#1N9Kd#@,HJI Shared,exp::treatment,HJI_C10 Morning,HJI_C10 Morning exp::treatment
1498349435398,s!e(]9_5=p,HJI Shared,exp::treatment,HJI_C10 Morning,HJI_C10 Morning exp::treatment
1498349435399,NuTazx`q24,HJI Shared,exp::treatment,HJI_C10 Morning,HJI_C10 Morning exp::treatment
1498349435400,njmgVhnGR-,HJI Shared,exp::treatment,HJI_C10 Morning,HJI_C10 Morning exp::treatment
1498349435401,MRDeMC4)`5,HJI Shared,exp::control,HJI_C10 Morning,HJI_C10 Morning exp::control
1498349435402,N`]@TxsuN%,HJI Shared,exp::treatment,HJI_C10 Morning,HJI_C10 Morning exp::treatment
1498349435403,k)vmY)cv74,HJI Shared,exp::treatment,HJI_C10 Morning,HJI_C10 Morning exp::treatment
1498349435404,CHgm1g<>|q,HJI Shared,exp::control,HJI_C10 Morning,HJI_C10 Morning exp::control
1498349435405,E/kKEh+Ad,HJI Shared,exp::control,HJI_C10 Morning,HJI_C10 Morning exp::control
1498349435406,hcB_oCO^QD,HJI Shared,exp::treatment,HJI_C10 Morning,HJI_C10 Morning exp::treatment
1498349435407,OAC*)8vym`,HJI Shared,exp::control,HJI_C10 Morning,HJI_C10 Morning exp::control
1498349435408,qSl%co@t8!,HJI Shared,exp::control,HJI_C10 Morning,HJI_C10 Morning exp::control
1498349435409,yZ2V&eP=|y,HJI Shared,exp::control,HJI_C10 Morning,HJI_C10 Morning exp::control
1498349435410,w};IcBSTVk,HJI Shared,exp::control,HJI_C10 Morning,HJI_C10 Morning exp::control
1498349435411,L.|pKsnHr2,HJI Shared,exp::treatment,HJI_C10 Morning,HJI_C10 Morning exp::treatment
1498349435412,Ba.P-bm*XY,HJI Shared,exp::treatment,HJI_C10 Morning,HJI_C10 Morning exp::treatment
1498349435413,KKas_xQ>d1,HJI Shared,exp::treatment,HJI_C10 Morning,HJI_C10 Morning exp::treatment
1498349435414,0p`8B4#4],HJI Shared,exp::control,HJI_C10 Morning,HJI_C10 Morning exp::control
1498349435415,y+1ttMEaw$,HJI Shared,exp::control,HJI_C10 Morning,HJI_C10 Morning exp::control
1498349435416,rIGv%B8m_v,HJI Shared,exp::control,HJI_C10 Morning,HJI_C10 Morning exp::control
1498349435417,C=>-_W*8Uk,HJI Shared,exp::control,HJI_C10 Morning,HJI_C10 Morning exp::control
1498349435418,fgpGk#q-6-,HJI Shared,exp::control,HJI_C10 Morning,HJI_C10 Morning exp::control
1498349435419,bg2ij%Gs]S,HJI Shared,exp::control,HJI_C10 Morning,HJI_C10 Morning exp::control
1498349435420,b:nWuvj<d-,HJI Shared,exp::control,HJI_C10 Morning,HJI_C10 Morning exp::control
1498349435421,c9yk:gGvA},HJI Shared,exp::treatment,HJI_C10 Morning,HJI_C10 Morning exp::treatment
1498349435422,g)-^.Dg-mp,HJI Shared,exp::control,HJI_C10 Morning,HJI_C10 Morning exp::control
1498349435423,QC7q3R*6o&,HJI Shared,exp::control,HJI_C10 Morning,HJI_C10 Morning exp::control
1498349435424,x#1s_E!lu;,HJI Shared,exp::treatment,HJI_C10 Morning,HJI_C10 Morning exp::treatment
1498349435425,Q>3iJi$n.2,HJI Shared,exp::control,HJI_C10 Morning,HJI_C10 Morning exp::control
1498349435426,f`@JfD9JOd,HJI Shared,exp::treatment,HJI_C10 Morning,HJI_C10 Morning exp::treatment
1498349435427,qK~{Dwl/U|,HJI Shared,exp::control,HJI_C10 Morning,HJI_C10 Morning exp::control
1498349435428,s0RKwM~3<A,HJI Shared,exp::control,HJI_C10 Morning,HJI_C10 Morning exp::control
1498349435429,m9..6!+}l*,HJI Shared,exp::treatment,HJI_C10 Morning,HJI_C10 Morning exp::treatment
1498349435430,JM)P!by&9l,HJI Shared,exp::control,HJI_C10 Morning,HJI_C10 Morning exp::control
1498349435431,CzgQ^yJ&p0,HJI Shared,exp::control,HJI_C10 Morning,HJI_C10 Morning exp::control
1498349435432,PI/wVy71Ph,HJI Shared,exp::control,HJI_C10 Morning,HJI_C10 Morning exp::control
1498349435433,PI+6n.([J5,HJI Shared,exp::treatment,HJI_C10 Morning,HJI_C10 Morning exp::treatment
1498349435434,dO|f$/Mm%;,HJI Shared,exp::treatment,HJI_C10 Morning,HJI_C10 Morning exp::treatment
1498349435435,xXJOy5i8ol,HJI Shared,exp::control,HJI_C10 Morning,HJI_C10 Morning exp::control
1498349435436,pj{Jj4&9-P,HJI Shared,exp::control,HJI_C10 Morning,HJI_C10 Morning exp::control
1498349435437,Mr5jt6usJE,HJI Shared,exp::control,HJI_C10 Morning,HJI_C10 Morning exp::control
1498349435438,ca7s!zypmG,HJI Shared,exp::treatment,HJI_C10 Morning,HJI_C10 Morning exp::treatment
1498349435439,"_3n)KE2,m",HJI Shared,exp::control,HJI_C10 Morning,HJI_C10 Morning exp::control
1498349435440,I_K:Sb@LkI,HJI Shared,exp::treatment,HJI_C10 Morning,HJI_C10 Morning exp::treatment
1498349435441,o=r6<n4NTg,HJI Shared,exp::treatment,HJI_C10 Morning,HJI_C10 Morning exp::treatment
1498349435442,NAbp^#4jvn,HJI Shared,exp::control,HJI_C10 Morning,HJI_C10 Morning exp::control
1498349435443,"I,3Bd)B3Nn",HJI Shared,exp::treatment,HJI_C10 Morning,HJI_C10 Morning exp::treatment
1498349435444,g+*G}gk*^c,HJI Shared,exp::treatment,HJI_C10 Morning,HJI_C10 Morning exp::treatment
1498349435445,h<`1!mQQo,HJI Shared,exp::control,HJI_C10 Morning,HJI_C10 Morning exp::control
1498349435446,srB}DusXz_,HJI Shared,exp::treatment,HJI_C10 Morning,HJI_C10 Morning exp::treatment
1498349435447,E:s+}Y1qs<,HJI Shared,exp::treatment,HJI_C10 Morning,HJI_C10 Morning exp::treatment
1498349435448,O]+GCdu9md,HJI Shared,exp::control,HJI_C10 Morning,HJI_C10 Morning exp::control
1498349435449,CI]Ip{_7),HJI Shared,exp::control,HJI_C10 Morning,HJI_C10 Morning exp::control
1498349435450,w[CGQhTN:N,HJI Shared,exp::control,HJI_C10 Morning,HJI_C10 Morning exp::control
1498349435451,tR1gEFDWn],HJI Shared,exp::treatment,HJI_C10 Morning,HJI_C10 Morning exp::treatment
1498349435452,Aj)z(]/tcs,HJI Shared,exp::treatment,HJI_C10 Morning,HJI_C10 Morning exp::treatment
1498349435453,B<Q65puxOc,HJI Shared,exp::control,HJI_C10 Morning,HJI_C10 Morning exp::control
1498349435454,kFjd3I;#ax,HJI Shared,exp::control,HJI_C10 Morning,HJI_C10 Morning exp::control
1498349435455,ssHg8jW#Q0,HJI Shared,exp::control,HJI_C10 Morning,HJI_C10 Morning exp::control
1498349435456,JRLBaqJ3s1,HJI Shared,exp::treatment,HJI_C10 Morning,HJI_C10 Morning exp::treatment
1498349435457,(!eS5AX>%,HJI Shared,exp::control,HJI_C10 Morning,HJI_C10 Morning exp::control
1498349435458,b^k?dQ7cvV,HJI Shared,exp::control,HJI_C10 Morning,HJI_C10 Morning exp::control
1498349435459,bUpY<wPM.@,HJI Shared,exp::treatment,HJI_C10 Morning,HJI_C10 Morning exp::treatment
1498349435460,y2|o1B*`l.,HJI Shared,exp::control,HJI_C10 Morning,HJI_C10 Morning exp::control
1498349435461,b3_.<b]<dF,HJI Shared,exp::treatment,HJI_C10 Morning,HJI_C10 Morning exp::treatment
1498349435462,kFiRJj+25p,HJI Shared,exp::treatment,HJI_C10 Morning,HJI_C10 Morning exp::treatment
1498349435463,y5LF[gnmU),HJI Shared,exp::control,HJI_C10 Morning,HJI_C10 Morning exp::control
1498349435464,"JscF[A,xQg",HJI Shared,exp::treatment,HJI_C10 Morning,HJI_C10 Morning exp::treatment
1498349435465,mF/rt#7JsZ,HJI Shared,exp::control,HJI_C10 Morning,HJI_C10 Morning exp::control
1498349435466,v*-h#w^DrE,HJI Shared,exp::control,HJI_C10 Morning,HJI_C10 Morning exp::control
1498349435467,k[diob_70Y,HJI Shared,exp::treatment,HJI_C10 Morning,HJI_C10 Morning exp::treatment
1498349435468,cXaP#O.!$$,HJI Shared,exp::treatment,HJI_C10 Morning,HJI_C10 Morning exp::treatment
1498349435469,I|7V3(2V|,HJI Shared,exp::treatment,HJI_C10 Morning,HJI_C10 Morning exp::treatment
1498349435470,vkKECi{#uK,HJI Shared,exp::treatment,HJI_C10 Morning,HJI_C10 Morning exp::treatment
1498349435471,"u/vz]M+=Q,",HJI Shared,exp::control,HJI_C10 Morning,HJI_C10 Morning exp::control
1498349435472,K0dig^9g3[,HJI Shared,exp::treatment,HJI_C10 Morning,HJI_C10 Morning exp::treatment
1498349435473,LX;%hSfTB2,HJI Shared,exp::treatment,HJI_C10 Morning,HJI_C10 Morning exp::treatment
1498349435474,e39vfx/2)f,HJI Shared,exp::treatment,HJI_C10 Morning,HJI_C10 Morning exp::treatment
1498349435475,FmQd|=.d?|,HJI Shared,exp::treatment,HJI_C10 Morning,HJI_C10 Morning exp::treatment
1498349435476,KC4:rg{x>H,HJI Shared,exp::treatment,HJI_C10 Morning,HJI_C10 Morning exp::treatment
1498349435477,h#o-v0-jl3,HJI Shared,exp::treatment,HJI_C10 Morning,HJI_C10 Morning exp::treatment
1498349435478,p;uj@1e*Og,HJI Shared,exp::treatment,HJI_C10 Morning,HJI_C10 Morning exp::treatment
1498349435479,t]KQe&#yxM,HJI Shared,exp::control,HJI_C10 Morning,HJI_C10 Morning exp::control
1498349435480,bp=xUqM4v=,HJI Shared,exp::control,HJI_C10 Morning,HJI_C10 Morning exp::control
1498349435481,z8ci{QRoAs,HJI Shared,exp::treatment,HJI_C10 Morning,HJI_C10 Morning exp::treatment
1498349435482,B?NQCh*L}$,HJI Shared,exp::control,HJI_C10 Morning,HJI_C10 Morning exp::control
1498349435483,D;G[Z4eg`f,HJI Shared,exp::treatment,HJI_C10 Morning,HJI_C10 Morning exp::treatment
1498349435484,D:MY_yq1xp,HJI Shared,exp::control,HJI_C11 Na,HJI_C11 Na exp::control
1498349435485,"r^,DeJft}n",HJI Shared,exp::treatment,HJI_C11 Na,HJI_C11 Na exp::treatment
1498349435486,zEED:=J<Qm,HJI Shared,exp::treatment,HJI_C11 Na,HJI_C11 Na exp::treatment
1498349435487,Hw83{`O&zW,HJI Shared,exp::treatment,HJI_C11 Na,HJI_C11 Na exp::treatment
1498349435488,nHZWY1?raw,HJI Shared,exp::treatment,HJI_C11 Na,HJI_C11 Na exp::treatment
1498349435489,N<jL6gBljd,HJI Shared,exp::treatment,HJI_C11 Na,HJI_C11 Na exp::treatment
1498349435490,/NqUoj>`v,HJI Shared,exp::control,HJI_C11 Na,HJI_C11 Na exp::control
1498349435491,"KS,HfX@ppM",HJI Shared,exp::treatment,HJI_C11 Na,HJI_C11 Na exp::treatment
1498349435492,Puzpk{vcjj,HJI Shared,exp::treatment,HJI_C11 Na,HJI_C11 Na exp::treatment
1498349435493,"mmD,xGtxXL",HJI Shared,exp::treatment,HJI_C11 Na,HJI_C11 Na exp::treatment
1498349435494,AQ^;@U>Q;:,HJI Shared,exp::treatment,HJI_C11 Na,HJI_C11 Na exp::treatment
1498349435495,eSf--8rV#[,HJI Shared,exp::control,HJI_C11 Na,HJI_C11 Na exp::control
1498349435496,qW3GH}E^(:,HJI Shared,exp::control,HJI_C11 Na,HJI_C11 Na exp::control
1498349435497,I+qNCMPX9k,HJI Shared,exp::control,HJI_C11 Na,HJI_C11 Na exp::control
1498349435498,eCVByE4;T>,HJI Shared,exp::control,HJI_C11 Na,HJI_C11 Na exp::control
1498349435499,zOWIDlz>=R,HJI Shared,exp::control,HJI_C11 Na,HJI_C11 Na exp::control
1498349435500,eKA2t0R+J(,HJI Shared,exp::treatment,HJI_C11 Na,HJI_C11 Na exp::treatment
1498349435501,z9&[&[cWls,HJI Shared,exp::control,HJI_C11 Na,HJI_C11 Na exp::control
1498349435502,w$Y+tLNNkW,HJI Shared,exp::control,HJI_C11 Na,HJI_C11 Na exp::control
1498349435503,ngB*P)Vnnd,HJI Shared,exp::control,HJI_C11 Na,HJI_C11 Na exp::control
1498349435504,F.g^k`HV|i,HJI Shared,exp::control,HJI_C11 Na,HJI_C11 Na exp::control
1498349435505,lDzx2*6?e;,HJI Shared,exp::control,HJI_C11 Na,HJI_C11 Na exp::control
1498349435506,E`+EX#F]Nw,HJI Shared,exp::treatment,HJI_C11 Na,HJI_C11 Na exp::treatment
1498349435507,"n95OA~uP`,",HJI Shared,exp::treatment,HJI_C11 Na,HJI_C11 Na exp::treatment
1498349435508,GYfDg%~<x},HJI Shared,exp::treatment,HJI_C11 Na,HJI_C11 Na exp::treatment
1498349435509,I)n8?;5@U:,HJI Shared,exp::control,HJI_C11 Na,HJI_C11 Na exp::control
1498349435510,H9i2gX;(:F,HJI Shared,exp::treatment,HJI_C11 Na,HJI_C11 Na exp::treatment
1498349435511,s%4Rb|A(aa,HJI Shared,exp::treatment,HJI_C11 Na,HJI_C11 Na exp::treatment
1498349435512,l9uSu|IJsv,HJI Shared,exp::treatment,HJI_C11 Na,HJI_C11 Na exp::treatment
1498349435513,K%fdFsxH<E,HJI Shared,exp::treatment,HJI_C11 Na,HJI_C11 Na exp::treatment
1498349435514,tvnC7bS}Y_,HJI Shared,exp::treatment,HJI_C11 Na,HJI_C11 Na exp::treatment
1498349435515,tV{J7jk[pU,HJI Shared,exp::control,HJI_C11 Na,HJI_C11 Na exp::control
1498349435516,p;1Z1lGHl=,HJI Shared,exp::treatment,HJI_C11 Na,HJI_C11 Na exp::treatment
1498349435517,m#f2!H{xQQ,HJI Shared,exp::treatment,HJI_C11 Na,HJI_C11 Na exp::treatment
1498349435518,m!q>?f;HYi,HJI Shared,exp::control,HJI_C11 Na,HJI_C11 Na exp::control
1498349435519,I}+@1Z!i/A,HJI Shared,exp::treatment,HJI_C11 Na,HJI_C11 Na exp::treatment
1498349435520,r$P?(3O9Cb,HJI Shared,exp::treatment,HJI_C11 Na,HJI_C11 Na exp::treatment
1498349435521,S9%}qsDjF,HJI Shared,exp::control,HJI_C11 Na,HJI_C11 Na exp::control
1498349435522,CR<jO_phrg,HJI Shared,exp::treatment,HJI_C11 Na,HJI_C11 Na exp::treatment
1498349435523,IHBc!b_mNj,HJI Shared,exp::treatment,HJI_C11 Na,HJI_C11 Na exp::treatment
1498349435524,g^tHU2~m?`,HJI Shared,exp::treatment,HJI_C11 Na,HJI_C11 Na exp::treatment
1498349435525,fs2.CZyp%U,HJI Shared,exp::control,HJI_C11 Na,HJI_C11 Na exp::control
1498349435526,vaxw4{7<|B,HJI Shared,exp::treatment,HJI_C11 Na,HJI_C11 Na exp::treatment
1498349435527,NB)Q9a!.Q>,HJI Shared,exp::control,HJI_C11 Na,HJI_C11 Na exp::control
1498349435528,I$jNeSz/Mq,HJI Shared,exp::control,HJI_C11 Na,HJI_C11 Na exp::control
1498349435529,EHJk#YdGVs,HJI Shared,exp::treatment,HJI_C11 Na,HJI_C11 Na exp::treatment
1498349435530,KOOABmRIG>,HJI Shared,exp::treatment,HJI_C11 Na,HJI_C11 Na exp::treatment
1498349435531,rnkt}M16d),HJI Shared,exp::treatment,HJI_C11 Na,HJI_C11 Na exp::treatment
1498349435532,i}%@-aQ+#G,HJI Shared,exp::treatment,HJI_C11 Na,HJI_C11 Na exp::treatment
1498349435533,B3CFAEL#<F,HJI Shared,exp::treatment,HJI_C11 Na,HJI_C11 Na exp::treatment
1498349435534,Oo(_|d9KkY,HJI Shared,exp::treatment,HJI_C11 Na,HJI_C11 Na exp::treatment
1498349435535,QXqGHc9oej,HJI Shared,exp::control,HJI_C11 Na,HJI_C11 Na exp::control
1498349435536,K+WR4^jirM,HJI Shared,exp::control,HJI_C11 Na,HJI_C11 Na exp::control
1498349435537,w}-3Pr/6H?,HJI Shared,exp::treatment,HJI_C11 Na,HJI_C11 Na exp::treatment
1498349435538,b7@BesfjG`,HJI Shared,exp::treatment,HJI_C11 Na,HJI_C11 Na exp::treatment
1498349435539,1;j-0)z+c,HJI Shared,exp::control,HJI_C11 Na,HJI_C11 Na exp::control
1498349435540,jv_6ZMQ<3D,HJI Shared,exp::treatment,HJI_C11 Na,HJI_C11 Na exp::treatment
1498349435541,O>2D99a|~=,HJI Shared,exp::control,HJI_C11 Na,HJI_C11 Na exp::control
1498349435542,c6T-vmTAON,HJI Shared,exp::control,HJI_C11 Na,HJI_C11 Na exp::control
1498349435543,JH4>n=Chz4,HJI Shared,exp::treatment,HJI_C11 Na,HJI_C11 Na exp::treatment
1498349435544,"J{!T-)FW,.",HJI Shared,exp::treatment,HJI_C11 Na,HJI_C11 Na exp::treatment
1498349435545,oiI6asd9lo,HJI Shared,exp::control,HJI_C11 Na,HJI_C11 Na exp::control
1498349435546,HL*07bOXk_,HJI Shared,exp::treatment,HJI_C11 Na,HJI_C11 Na exp::treatment
1498349435547,ED^&V9BIu>,HJI Shared,exp::treatment,HJI_C11 Na,HJI_C11 Na exp::treatment
1498349435548,la@:y*kRX],HJI Shared,exp::treatment,HJI_C11 Na,HJI_C11 Na exp::treatment
1498349435549,bspnjxAHCv,HJI Shared,exp::treatment,HJI_C11 Na,HJI_C11 Na exp::treatment
1498349435550,JOCW7*6mmV,HJI Shared,exp::treatment,HJI_C11 Na,HJI_C11 Na exp::treatment
1498349435551,]fv4o#xv=,HJI Shared,exp::treatment,HJI_C11 Na,HJI_C11 Na exp::treatment
1498349435552,FjS80o@4L4,HJI Shared,exp::control,HJI_C12 TeForm,HJI_C12 TeForm exp::control
1498349435553,w9B;&6c]85,HJI Shared,exp::treatment,HJI_C12 TeForm,HJI_C12 TeForm exp::treatment
1498349435554,cTKmg*]9V},HJI Shared,exp::control,HJI_C12 TeForm,HJI_C12 TeForm exp::control
1498349435555,mt65B^+l6#,HJI Shared,exp::treatment,HJI_C12 TeForm,HJI_C12 TeForm exp::treatment
1498349435556,Br&]q8fOBW,HJI Shared,exp::control,HJI_C12 TeForm,HJI_C12 TeForm exp::control
1498349435557,c*+;{C?JT.,HJI Shared,exp::treatment,HJI_C12 TeForm,HJI_C12 TeForm exp::treatment
1498349435558,szvr2z?JhF,HJI Shared,exp::treatment,HJI_C12 TeForm,HJI_C12 TeForm exp::treatment
1498349435559,JAw_(RjDR8,HJI Shared,exp::treatment,HJI_C12 TeForm,HJI_C12 TeForm exp::treatment
1498349435560,"u5,[P`f#eJ",HJI Shared,exp::treatment,HJI_C12 TeForm,HJI_C12 TeForm exp::treatment
1498349435561,wHn-BdxsrM,HJI Shared,exp::control,HJI_C12 TeForm,HJI_C12 TeForm exp::control
1498349435562,u`%Rg66)G(,HJI Shared,exp::control,HJI_C12 TeForm,HJI_C12 TeForm exp::control
1498349435563,"Hx>8(hs,}B",HJI Shared,exp::control,HJI_C12 TeForm,HJI_C12 TeForm exp::control
1498349435564,n`0K9vVe-N,HJI Shared,exp::control,HJI_C12 TeForm,HJI_C12 TeForm exp::control
1498349435565,f0$cm7m|`,HJI Shared,exp::treatment,HJI_C12 TeForm,HJI_C12 TeForm exp::treatment
1498349435566,"B*6@zGlA2,",HJI Shared,exp::control,HJI_C12 TeForm,HJI_C12 TeForm exp::control
1498349435567,D}!;yi8?7n,HJI Shared,exp::treatment,HJI_C12 TeForm,HJI_C12 TeForm exp::treatment
1498349435568,"p:hli`c~n,",HJI Shared,exp::control,HJI_C12 TeForm,HJI_C12 TeForm exp::control
1498349435569,D!.B]SyKW),HJI Shared,exp::control,HJI_C12 TeForm,HJI_C12 TeForm exp::control
1498349435570,wa&V|Dy{pL,HJI Shared,exp::treatment,HJI_C12 TeForm,HJI_C12 TeForm exp::treatment
1498349435571,i!lM{cyc6a,HJI Shared,exp::control,HJI_C12 TeForm,HJI_C12 TeForm exp::control
1498349435572,tJk`PH?NLl,HJI Shared,exp::control,HJI_C12 TeForm,HJI_C12 TeForm exp::control
1498349435573,dR48S(&4CQ,HJI Shared,exp::treatment,HJI_C12 TeForm,HJI_C12 TeForm exp::treatment
1498349435574,"r,|(}X!D@J",HJI Shared,exp::treatment,HJI_C12 TeForm,HJI_C12 TeForm exp::treatment
1498349435575,P6_&0Hn@nS,HJI Shared,exp::control,HJI_C12 TeForm,HJI_C12 TeForm exp::control
1498349435576,CZNvxrQ/ot,HJI Shared,exp::treatment,HJI_C12 TeForm,HJI_C12 TeForm exp::treatment
1498349435577,k1KsDBg?!x,HJI Shared,exp::treatment,HJI_C12 TeForm,HJI_C12 TeForm exp::treatment
1498349435578,C_@:f}eZ4I,HJI Shared,exp::treatment,HJI_C12 TeForm,HJI_C12 TeForm exp::treatment
1498349435579,f:>-!Tqhsb,HJI Shared,exp::control,HJI_C12 TeForm,HJI_C12 TeForm exp::control
1498349435580,xdJ3|A[lIt,HJI Shared,exp::control,HJI_C12 TeForm,HJI_C12 TeForm exp::control
1498349435581,ybSn0qVzzA,HJI Shared,exp::treatment,HJI_C12 TeForm,HJI_C12 TeForm exp::treatment
1498349435582,g0pvgB*#@H,HJI Shared,exp::treatment,HJI_C12 TeForm,HJI_C12 TeForm exp::treatment
1498349435583,"M`#o*zI,WT",HJI Shared,exp::treatment,HJI_C12 TeForm,HJI_C12 TeForm exp::treatment
1498349435584,ewfHdJp}2&,HJI Shared,exp::treatment,HJI_C12 TeForm,HJI_C12 TeForm exp::treatment
1498349435585,DP(}U6Y5I&,HJI Shared,exp::treatment,HJI_C12 TeForm,HJI_C12 TeForm exp::treatment
1498349435586,t8Vz^;o!Ly,HJI Shared,exp::treatment,HJI_C12 TeForm,HJI_C12 TeForm exp::treatment
1498349435587,bH^D5gb*vA,HJI Shared,exp::treatment,HJI_C12 TeForm,HJI_C12 TeForm exp::treatment
1498349435588,PpZrhNU&*{,HJI Shared,exp::treatment,HJI_C12 TeForm,HJI_C12 TeForm exp::treatment
1498349435589,ESdGs.jXp,HJI Shared,exp::treatment,HJI_C12 TeForm,HJI_C12 TeForm exp::treatment
1498349435590,s^#Wl.cnVF,HJI Shared,exp::treatment,HJI_C12 TeForm,HJI_C12 TeForm exp::treatment
1498349435591,PW:^>)|Ute,HJI Shared,exp::control,HJI_C12 TeForm,HJI_C12 TeForm exp::control
1498349435592,mFlT]@yYy;,HJI Shared,exp::treatment,HJI_C12 TeForm,HJI_C12 TeForm exp::treatment
1498349435593,"i,:iZ<[xT,",HJI Shared,exp::control,HJI_C12 TeForm,HJI_C12 TeForm exp::control
1498349435594,z1AiWBX:Ws,HJI Shared,exp::control,HJI_C12 TeForm,HJI_C12 TeForm exp::control
1498349435595,I.Y&-I7tuq,HJI Shared,exp::treatment,HJI_C12 TeForm,HJI_C12 TeForm exp::treatment
1498349435596,A()UA}CU!F,HJI Shared,exp::control,HJI_C12 TeForm,HJI_C12 TeForm exp::control
1498349435597,L{dlb5BT`P,HJI Shared,exp::control,HJI_C12 TeForm,HJI_C12 TeForm exp::control
1498349435598,LdB%ND5j!r,HJI Shared,exp::control,HJI_C12 TeForm,HJI_C12 TeForm exp::control
1498349435599,ASfVJXCy8?,HJI Shared,exp::control,HJI_C12 TeForm,HJI_C12 TeForm exp::control
1498349435600,b#;fvEs6a4,HJI Shared,exp::control,HJI_C12 TeForm,HJI_C12 TeForm exp::control
1498349435601,Fi:o$nltSJ,HJI Shared,exp::control,HJI_C12 TeForm,HJI_C12 TeForm exp::control
1498349435602,tB0!0e2_tZ,HJI Shared,exp::treatment,HJI_C12 TeForm,HJI_C12 TeForm exp::treatment
1498349435603,N}#i$_M;R9,HJI Shared,exp::treatment,HJI_C12 TeForm,HJI_C12 TeForm exp::treatment
1498349435604,z3k?*i[8WT,HJI Shared,exp::control,HJI_C12 TeForm,HJI_C12 TeForm exp::control
1498349435605,k$K?S:EOys,HJI Shared,exp::treatment,HJI_C12 TeForm,HJI_C12 TeForm exp::treatment
1498349435606,x9`hKqTx%@,HJI Shared,exp::control,HJI_C12 TeForm,HJI_C12 TeForm exp::control
1498349435607,fw`vc^R{%s,HJI Shared,exp::control,HJI_C12 TeForm,HJI_C12 TeForm exp::control
1498349435608,"A,+,<sRw*:",HJI Shared,exp::treatment,HJI_C12 TeForm,HJI_C12 TeForm exp::treatment
1498349435609,"p$,+%H_4<N",HJI Shared,exp::treatment,HJI_C12 TeForm,HJI_C12 TeForm exp::treatment
1498349435610,bQpmN{0Sm2,HJI Shared,exp::treatment,HJI_C12 TeForm,HJI_C12 TeForm exp::treatment
1498349435611,tb.|xE}fZk,HJI Shared,exp::treatment,HJI_C12 TeForm,HJI_C12 TeForm exp::treatment
1498349435612,g4}2>$7*wt,HJI Shared,exp::control,HJI_C12 TeForm,HJI_C12 TeForm exp::control
1498349435613,xPSAv/VM5u,HJI Shared,exp::control,HJI_C12 TeForm,HJI_C12 TeForm exp::control
1498349435614,n|.AEK.Q*a,HJI Shared,exp::treatment,HJI_C12 TeForm,HJI_C12 TeForm exp::treatment
1498349435615,m@4zvhoR-c,HJI Shared,exp::treatment,HJI_C12 TeForm,HJI_C12 TeForm exp::treatment
1498349435616,Iu~fYPe.e.,HJI Shared,exp::treatment,HJI_C12 TeForm,HJI_C12 TeForm exp::treatment
1498349435617,kxT>>O7|kX,HJI Shared,exp::control,HJI_C12 TeForm,HJI_C12 TeForm exp::control
1498349435618,O?-yFpRZ|U,HJI Shared,exp::treatment,HJI_C12 TeForm,HJI_C12 TeForm exp::treatment
1498349435619,K1CX+1YY!+,HJI Shared,exp::treatment,HJI_C12 TeForm,HJI_C12 TeForm exp::treatment
1498349435620,"OL5=|,B:)X",HJI Shared,exp::control,HJI_C12 TeForm,HJI_C12 TeForm exp::control
1498349435621,xRPw~cZw)q,HJI Shared,exp::treatment,HJI_C12 TeForm,HJI_C12 TeForm exp::treatment
1498349435622,L@rl|h0Zip,HJI Shared,exp::treatment,HJI_C12 TeForm,HJI_C12 TeForm exp::treatment
1498349435623,Ao?eYx|X4Q,HJI Shared,exp::treatment,HJI_C12 TeForm,HJI_C12 TeForm exp::treatment
1498349435624,y2Q&[|<9|#,HJI Shared,exp::control,HJI_C12 TeForm,HJI_C12 TeForm exp::control
1498349435625,Ebm1WqIxuT,HJI Shared,exp::treatment,HJI_C12 TeForm,HJI_C12 TeForm exp::treatment
1498349435626,J%f$;)OoIH,HJI Shared,exp::treatment,HJI_C12 TeForm,HJI_C12 TeForm exp::treatment
1498349435627,tK||}~M|Ww,HJI Shared,exp::treatment,HJI_C12 TeForm,HJI_C12 TeForm exp::treatment
1498349435628,Ei~tCiUr3.,HJI Shared,exp::treatment,HJI_C12 TeForm,HJI_C12 TeForm exp::treatment
1498349435629,l^&l8T:Wa3,HJI Shared,exp::treatment,HJI_C12 TeForm,HJI_C12 TeForm exp::treatment
1498349435630,BQJJOx[mm*,HJI Shared,exp::treatment,HJI_C12 TeForm,HJI_C12 TeForm exp::treatment
1498349435631,Lc1QEX5l4S,HJI Shared,exp::control,HJI_C12 TeForm,HJI_C12 TeForm exp::control
1498349435632,h*tF/8aD/n,HJI Shared,exp::control,HJI_C12 TeForm,HJI_C12 TeForm exp::control
1498349435633,NbEUWq#6]d,HJI Shared,exp::treatment,HJI_C12 TeForm,HJI_C12 TeForm exp::treatment
1498349435634,HZFJ{3_M>b,HJI Shared,exp::treatment,HJI_C12 TeForm,HJI_C12 TeForm exp::treatment
1498349435635,Alqun:Q?{7,HJI Shared,exp::control,HJI_C12 TeForm,HJI_C12 TeForm exp::control
1498349435636,p1rE6w=GuP,HJI Shared,exp::treatment,HJI_C12 TeForm,HJI_C12 TeForm exp::treatment
1498349435637,oq<KHu-q%;,HJI Shared,exp::treatment,HJI_C12 TeForm,HJI_C12 TeForm exp::treatment
1498349435638,z:-DeMMhej,HJI Shared,exp::treatment,HJI_C12 TeForm,HJI_C12 TeForm exp::treatment
1498349435639,Jb$vY9ku!y,HJI Shared,exp::control,HJI_C12 TeForm,HJI_C12 TeForm exp::control
1498349435640,M!?/3j`ipM,HJI Shared,exp::treatment,HJI_C12 TeForm,HJI_C12 TeForm exp::treatment
1498349435641,yKWz4F>|7Y,HJI Shared,exp::treatment,HJI_C13 Trains,HJI_C13 Trains exp::treatment
1498349435642,E6ThDG)21[,HJI Shared,exp::control,HJI_C13 Trains,HJI_C13 Trains exp::control
1498349435643,Jow]!<R7(b,HJI Shared,exp::control,HJI_C13 Trains,HJI_C13 Trains exp::control
1498349435644,xI`jf0DM[R,HJI Shared,exp::control,HJI_C13 Trains,HJI_C13 Trains exp::control
1498349435645,"hlLtn<-)M,",HJI Shared,exp::treatment,HJI_C13 Trains,HJI_C13 Trains exp::treatment
1498349435646,xS?`6LjqNe,HJI Shared,exp::control,HJI_C13 Trains,HJI_C13 Trains exp::control
1498349435647,t!2)vcu45),HJI Shared,exp::treatment,HJI_C13 Trains,HJI_C13 Trains exp::treatment
1498349435648,LH~Hn9#WLq,HJI Shared,exp::control,HJI_C13 Trains,HJI_C13 Trains exp::control
1498349435649,"eX&<x-a&X,",HJI Shared,exp::treatment,HJI_C13 Trains,HJI_C13 Trains exp::treatment
1498349435650,pLeY26WGT2,HJI Shared,exp::control,HJI_C13 Trains,HJI_C13 Trains exp::control
1498349435651,puIB}&f0ro,HJI Shared,exp::control,HJI_C13 Trains,HJI_C13 Trains exp::control
1498349435652,jvmtL/~dY0,HJI Shared,exp::control,HJI_C13 Trains,HJI_C13 Trains exp::control
1498349435653,r/O-b=gkNA,HJI Shared,exp::treatment,HJI_C13 Trains,HJI_C13 Trains exp::treatment
1498349435654,m/pOf/IO8e,HJI Shared,exp::control,HJI_C13 Trains,HJI_C13 Trains exp::control
1498349435655,t`76PVIMZ8,HJI Shared,exp::treatment,HJI_C13 Trains,HJI_C13 Trains exp::treatment
1498349435656,k4xpA>[Rh+,HJI Shared,exp::treatment,HJI_C13 Trains,HJI_C13 Trains exp::treatment
1498349435657,KBe)Emx|;`,HJI Shared,exp::control,HJI_C13 Trains,HJI_C13 Trains exp::control
1498349435658,Q&qQ<Gh~0+,HJI Shared,exp::treatment,HJI_C13 Trains,HJI_C13 Trains exp::treatment
1498349435659,b%jm+khd^A,HJI Shared,exp::control,HJI_C13 Trains,HJI_C13 Trains exp::control
1498349435660,pS@8K]:GYa,HJI Shared,exp::control,HJI_C13 Trains,HJI_C13 Trains exp::control
1498349435661,I9wx0!1^v:,HJI Shared,exp::control,HJI_C13 Trains,HJI_C13 Trains exp::control
1498349435662,hAQ2Sn:N./,HJI Shared,exp::control,HJI_C13 Trains,HJI_C13 Trains exp::control
1498349435663,l3Yg=@OOYH,HJI Shared,exp::control,HJI_C13 Trains,HJI_C13 Trains exp::control
1498349435664,"I,Hc#.gZM;",HJI Shared,exp::control,HJI_C13 Trains,HJI_C13 Trains exp::control
1498349435665,bxD;:vd|7R,HJI Shared,exp::control,HJI_C13 Trains,HJI_C13 Trains exp::control
1498349435666,"qrD$ua8_,o",HJI Shared,exp::treatment,HJI_C13 Trains,HJI_C13 Trains exp::treatment
1498349435667,bpAgE.%y.2,HJI Shared,exp::treatment,HJI_C13 Trains,HJI_C13 Trains exp::treatment
1498349435668,"LmT[m[E,wY",HJI Shared,exp::control,HJI_C13 Trains,HJI_C13 Trains exp::control
1498349435669,"Qm-zT-},8k",HJI Shared,exp::treatment,HJI_C13 Trains,HJI_C13 Trains exp::treatment
1498349435670,tP[`Wulw@C,HJI Shared,exp::control,HJI_C13 Trains,HJI_C13 Trains exp::control
1498349435671,m|%$_#i`Mx,HJI Shared,exp::treatment,HJI_C13 Trains,HJI_C13 Trains exp::treatment
1498349435672,KY<y6bu0tr,HJI Shared,exp::treatment,HJI_C13 Trains,HJI_C13 Trains exp::treatment
1498349435673,jakh:Cds5<,HJI Shared,exp::control,HJI_C13 Trains,HJI_C13 Trains exp::control
1498349435674,riPbpD1BI/,HJI Shared,exp::treatment,HJI_C13 Trains,HJI_C13 Trains exp::treatment
1498349435675,OcUMIdEm|B,HJI Shared,exp::control,HJI_C13 Trains,HJI_C13 Trains exp::control
1498349435676,Oe]m$|T_^f,HJI Shared,exp::control,HJI_C13 Trains,HJI_C13 Trains exp::control
1498349435677,L0_#sJBLsA,HJI Shared,exp::control,HJI_C13 Trains,HJI_C13 Trains exp::control
1498349435678,ph0j!r^cIi,HJI Shared,exp::control,HJI_C13 Trains,HJI_C13 Trains exp::control
1498349435679,fRQ%4s>D+v,HJI Shared,exp::control,HJI_C13 Trains,HJI_C13 Trains exp::control
1498349435680,zg?M6`VbPs,HJI Shared,exp::control,HJI_C13 Trains,HJI_C13 Trains exp::control
1498349435681,L/xnq~4[_^,HJI Shared,exp::control,HJI_C13 Trains,HJI_C13 Trains exp::control
1498349435682,zSg0m7i@+W,HJI Shared,exp::control,HJI_C13 Trains,HJI_C13 Trains exp::control
1498349435683,l1k}B+wfl`,HJI Shared,exp::control,HJI_C13 Trains,HJI_C13 Trains exp::control
1498349435684,lmBPaLU#}],HJI Shared,exp::control,HJI_C13 Trains,HJI_C13 Trains exp::control
1498349435685,s|Wm](Mu:.,HJI Shared,exp::treatment,HJI_C13 Trains,HJI_C13 Trains exp::treatment
1498349435686,Ra+NbeK6l&,HJI Shared,exp::control,HJI_C13 Trains,HJI_C13 Trains exp::control
1498349435687,ly.*5Mb|]l,HJI Shared,exp::control,HJI_C13 Trains,HJI_C13 Trains exp::control
1498349435688,v]eWLO~YhO,HJI Shared,exp::treatment,HJI_C13 Trains,HJI_C13 Trains exp::treatment
1498349435689,zCG>YeF9:@,HJI Shared,exp::control,HJI_C13 Trains,HJI_C13 Trains exp::control
1498349435690,MxBv*q4b1T,HJI Shared,exp::control,HJI_C13 Trains,HJI_C13 Trains exp::control
1498349435691,hu)w#51nWj,HJI Shared,exp::control,HJI_C13 Trains,HJI_C13 Trains exp::control
1498349435692,K)fvhp5k-i,HJI Shared,exp::treatment,HJI_C13 Trains,HJI_C13 Trains exp::treatment
1498349435693,m|-8))|JYV,HJI Shared,exp::treatment,HJI_C13 Trains,HJI_C13 Trains exp::treatment
1498349435694,q<qnc2j*~F,HJI Shared,exp::treatment,HJI_C13 Trains,HJI_C13 Trains exp::treatment
1498349435695,"u{WsM,G+_5",HJI Shared,exp::control,HJI_C13 Trains,HJI_C13 Trains exp::control
1498349435696,GuRSg5#WR,HJI Shared,exp::treatment,HJI_C13 Trains,HJI_C13 Trains exp::treatment
1498349435697,J@F$4<|!:a,HJI Shared,exp::control,HJI_C13 Trains,HJI_C13 Trains exp::control
1498349435698,KK7l-ufU/M,HJI Shared,exp::control,HJI_C13 Trains,HJI_C13 Trains exp::control
1498349435699,rWBw@xyP^j,HJI Shared,exp::treatment,HJI_C13 Trains,HJI_C13 Trains exp::treatment
1498349435700,G-=&CLJf34,HJI Shared,exp::treatment,HJI_C13 Trains,HJI_C13 Trains exp::treatment
1498349435701,KTSMYYQ)wK,HJI Shared,exp::treatment,HJI_C13 Trains,HJI_C13 Trains exp::treatment
1498349435702,K!^FI$.w`+,HJI Shared,exp::control,HJI_C13 Trains,HJI_C13 Trains exp::control
1498349435703,"ij1|~1B,FW",HJI Shared,exp::control,HJI_C13 Trains,HJI_C13 Trains exp::control
1498349435704,"uR,>V)QylQ",HJI Shared,exp::control,HJI_C13 Trains,HJI_C13 Trains exp::control
1498349435705,xp;6CO8Or|,HJI Shared,exp::control,HJI_C13 Trains,HJI_C13 Trains exp::control
1498349435706,lt8e*K}o>?,HJI Shared,exp::control,HJI_C13 Trains,HJI_C13 Trains exp::control
1498349435707,rDkl2#%-Gs,HJI Shared,exp::treatment,HJI_C13 Trains,HJI_C13 Trains exp::treatment
1498349435708,q%jhKH:TK`,HJI Shared,exp::control,HJI_C13 Trains,HJI_C13 Trains exp::control
1498349435709,x$F*|`i|Oe,HJI Shared,exp::control,HJI_C13 Trains,HJI_C13 Trains exp::control
1498349435710,LZ*}}I&bSL,HJI Shared,exp::treatment,HJI_C13 Trains,HJI_C13 Trains exp::treatment
1498349435711,MfcC]<OaF!,HJI Shared,exp::treatment,HJI_C13 Trains,HJI_C13 Trains exp::treatment
1498349435712,dKGZA)w_|?,HJI Shared,exp::treatment,HJI_C13 Trains,HJI_C13 Trains exp::treatment
1498349435713,w:@-/0;u]u,HJI Shared,exp::control,HJI_C13 Trains,HJI_C13 Trains exp::control
1498349435714,H_?&$ePK!(,HJI Shared,exp::treatment,HJI_C13 Trains,HJI_C13 Trains exp::treatment
1498349435715,"A,:i[c@B74",HJI Shared,exp::control,HJI_C13 Trains,HJI_C13 Trains exp::control
1498349435716,jzqzVw<)/K,HJI Shared,exp::control,HJI_C13 Trains,HJI_C13 Trains exp::control
1498349435717,Jfo19#j4?%,HJI Shared,exp::control,HJI_C13 Trains,HJI_C13 Trains exp::control
1498349435718,gK(S!QT4*],HJI Shared,exp::treatment,HJI_C13 Trains,HJI_C13 Trains exp::treatment
1498349435719,o*Af?3KcO],HJI Shared,exp::control,HJI_C13 Trains,HJI_C13 Trains exp::control
1498349435720,E![D&@+&.r,HJI Shared,exp::treatment,HJI_C13 Trains,HJI_C13 Trains exp::treatment
1498349435721,v)ClK=5%>p,HJI Shared,exp::control,HJI_C13 Trains,HJI_C13 Trains exp::control
1498349435722,Pi+}PKwW7:,HJI Shared,exp::control,HJI_C13 Trains,HJI_C13 Trains exp::control
1498349435723,"kSz]evy0,.",HJI Shared,exp::treatment,HJI_C13 Trains,HJI_C13 Trains exp::treatment
1498349435724,pb5f![ALCD,HJI Shared,exp::treatment,HJI_C13 Trains,HJI_C13 Trains exp::treatment
1498349435725,JC<HWiolh+,HJI Shared,exp::control,HJI_C13 Trains,HJI_C13 Trains exp::control
1498349435726,w(pfUDi$h;,HJI Shared,exp::control,HJI_C13 Trains,HJI_C13 Trains exp::control
1498349435727,L.S.=/#}L.,HJI Shared,exp::treatment,HJI_C13 Trains,HJI_C13 Trains exp::treatment
1498349435728,I;:[QKEH?h,HJI Shared,exp::control,HJI_C13 Trains,HJI_C13 Trains exp::control
1498349435729,zHgEGrLYB4,HJI Shared,exp::control,HJI_C13 Trains,HJI_C13 Trains exp::control
1498349435730,"u:f!uq,G3Y",HJI Shared,exp::treatment,HJI_C13 Trains,HJI_C13 Trains exp::treatment
1498349435731,jh<TfG_y4`,HJI Shared,exp::control,HJI_C13 Trains,HJI_C13 Trains exp::control
1498349435732,wehIxmE5Vh,HJI Shared,exp::control,HJI_C13 Trains,HJI_C13 Trains exp::control
1498349435733,LsqUT)m)D:,HJI Shared,exp::treatment,HJI_C13 Trains,HJI_C13 Trains exp::treatment
1498349435734,"Qi/,DYVRPI",HJI Shared,exp::control,HJI_C13 Trains,HJI_C13 Trains exp::control
1498349435735,ByMfKI%f>Y,HJI Shared,exp::control,HJI_C13 Trains,HJI_C13 Trains exp::control
1498349435736,"pyu:(fXa,a",HJI Shared,exp::control,HJI_C13 Trains,HJI_C13 Trains exp::control
1498349435737,brpD@evwQ{,HJI Shared,exp::control,HJI_C13 Trains,HJI_C13 Trains exp::control
1498349435738,fi>7^Fcn8Q,HJI Shared,exp::control,HJI_C13 Trains,HJI_C13 Trains exp::control
1498349435739,Q?x#H8a5)K,HJI Shared,exp::treatment,HJI_C13 Trains,HJI_C13 Trains exp::treatment
1498349435740,Hs67Z-!P$<,HJI Shared,exp::control,HJI_C13 Trains,HJI_C13 Trains exp::control
1498349435741,L9DB93gACJ,HJI Shared,exp::control,HJI_C13 Trains,HJI_C13 Trains exp::control
1498349435742,Ay]]6g-(z+,HJI Shared,exp::treatment,HJI_C13 Trains,HJI_C13 Trains exp::treatment
1498349435743,B=yK{?=QG%,HJI Shared,exp::treatment,HJI_C13 Trains,HJI_C13 Trains exp::treatment
1498349435744,v`[Fws@QQ/,HJI Shared,exp::control,HJI_C13 Trains,HJI_C13 Trains exp::control
1498349435745,P@8R]Do($H,HJI Shared,exp::control,HJI_C13 Trains,HJI_C13 Trains exp::control
1498349435746,nRL)$1Ei=5,HJI Shared,exp::control,HJI_C13 Trains,HJI_C13 Trains exp::control
1498349435747,si!T81w^bu,HJI Shared,exp::control,HJI_C13 Trains,HJI_C13 Trains exp::control
1498349435748,"NN,0_SkU}%",HJI Shared,exp::treatment,HJI_C13 Trains,HJI_C13 Trains exp::treatment
1498349435749,H6p*q0iS%,HJI Shared,exp::treatment,HJI_C13 Trains,HJI_C13 Trains exp::treatment
1498349435750,g4x64G82Lr,HJI Shared,exp::treatment,HJI_C13 Trains,HJI_C13 Trains exp::treatment
1498349435751,Gg)k&&$*YE,HJI Shared,exp::control,HJI_C13 Trains,HJI_C13 Trains exp::control
1498349435752,"jZ^S&_,;<k",HJI Shared,exp::control,HJI_C13 Trains,HJI_C13 Trains exp::control
1498349435753,juzM>?.}vh,HJI Shared,exp::control,HJI_C13 Trains,HJI_C13 Trains exp::control
1498349435754,l1idr[}emR,HJI Shared,exp::treatment,HJI_C13 Trains,HJI_C13 Trains exp::treatment
1498349435755,LD1w#u#^?v,HJI Shared,exp::control,HJI_C13 Trains,HJI_C13 Trains exp::control
1498349435756,y|.Jr|Y[zC,HJI Shared,exp::treatment,HJI_C13 Trains,HJI_C13 Trains exp::treatment
1498349435757,iAO%Q@C9gt,HJI Shared,exp::treatment,HJI_C13 Trains,HJI_C13 Trains exp::treatment
1498349435758,OLomd^r4Au,HJI Shared,exp::control,HJI_C13 Trains,HJI_C13 Trains exp::control
1498349435759,O3=2nmlDQ*,HJI Shared,exp::treatment,HJI_C13 Trains,HJI_C13 Trains exp::treatment
1498349435760,f:2a0>amRw,HJI Shared,exp::treatment,HJI_C13 Trains,HJI_C13 Trains exp::treatment
1498349435761,k7.qtJgd-[,HJI Shared,exp::control,HJI_C13 Trains,HJI_C13 Trains exp::control
1498349435762,j;:RhYY.9V,HJI Shared,exp::control,HJI_C13 Trains,HJI_C13 Trains exp::control
1498349435763,yic.dn80fT,HJI Shared,exp::control,HJI_C13 Trains,HJI_C13 Trains exp::control
1498349435764,erPL9X2dOh,HJI Shared,exp::control,HJI_C13 Trains,HJI_C13 Trains exp::control
1498349435765,I+sj2dOY1$,HJI Shared,exp::treatment,HJI_C13 Trains,HJI_C13 Trains exp::treatment
1498349435766,lwzcL#7A%<,HJI Shared,exp::control,HJI_C13 Trains,HJI_C13 Trains exp::control
1498349435767,q&vf#fC^zS,HJI Shared,exp::treatment,HJI_C13 Trains,HJI_C13 Trains exp::treatment
1498349435768,w({]JLbmN&,HJI Shared,exp::control,HJI_C13 Trains,HJI_C13 Trains exp::control
1498349435769,"k<x*5,0v2M",HJI Shared,exp::treatment,HJI_C13 Trains,HJI_C13 Trains exp::treatment
1498349435770,uI>JclZ@l|,HJI Shared,exp::control,HJI_C13 Trains,HJI_C13 Trains exp::control
1498349435771,FM$G_z%(Da,HJI Shared,exp::control,HJI_C13 Trains,HJI_C13 Trains exp::control
1498349435772,cl}4MBrjUG,HJI Shared,exp::control,HJI_C13 Trains,HJI_C13 Trains exp::control
1498349435773,o0lajv1~mT,HJI Shared,exp::treatment,HJI_C14 Hoshii,HJI_C14 Hoshii exp::treatment
1498349435774,l3=zahp$bT,HJI Shared,exp::treatment,HJI_C14 Hoshii,HJI_C14 Hoshii exp::treatment
1498349435775,u)fp=E%)HE,HJI Shared,exp::treatment,HJI_C14 Hoshii,HJI_C14 Hoshii exp::treatment
1498349435776,ID[rz@mk:[,HJI Shared,exp::treatment,HJI_C14 Hoshii,HJI_C14 Hoshii exp::treatment
1498349435777,A>*[{_#@.,HJI Shared,exp::treatment,HJI_C14 Hoshii,HJI_C14 Hoshii exp::treatment
1498349435778,N!o7kCLF|5,HJI Shared,exp::control,HJI_C14 Hoshii,HJI_C14 Hoshii exp::control
1498349435779,bDM6?lUy(@,HJI Shared,exp::control,HJI_C14 Hoshii,HJI_C14 Hoshii exp::control
1498349435780,wPa]s=WvMG,HJI Shared,exp::control,HJI_C14 Hoshii,HJI_C14 Hoshii exp::control
1498349435781,IOwFRPsV)K,HJI Shared,exp::control,HJI_C14 Hoshii,HJI_C14 Hoshii exp::control
1498349435782,e_r6#Y&!Nh,HJI Shared,exp::control,HJI_C14 Hoshii,HJI_C14 Hoshii exp::control
1498349435783,E:_8e*35@-,HJI Shared,exp::control,HJI_C14 Hoshii,HJI_C14 Hoshii exp::control
1498349435784,sS)3UR3FNC,HJI Shared,exp::control,HJI_C14 Hoshii,HJI_C14 Hoshii exp::control
1498349435785,I9.@/)d2^@,HJI Shared,exp::treatment,HJI_C14 Hoshii,HJI_C14 Hoshii exp::treatment
1498349435786,Mj{#_}j3Jm,HJI Shared,exp::control,HJI_C14 Hoshii,HJI_C14 Hoshii exp::control
1498349435787,"kL7k,d+%>p",HJI Shared,exp::control,HJI_C14 Hoshii,HJI_C14 Hoshii exp::control
1498349435788,"d6wClK.,A*",HJI Shared,exp::treatment,HJI_C14 Hoshii,HJI_C14 Hoshii exp::treatment
1498349435789,t`jm4{e}:J,HJI Shared,exp::control,HJI_C14 Hoshii,HJI_C14 Hoshii exp::control
1498349435790,C|XK)$PIy?,HJI Shared,exp::treatment,HJI_C14 Hoshii,HJI_C14 Hoshii exp::treatment
1498349435791,ze:Q@Vb3hE,HJI Shared,exp::treatment,HJI_C14 Hoshii,HJI_C14 Hoshii exp::treatment
1498349435792,tey6/PdHef,HJI Shared,exp::control,HJI_C14 Hoshii,HJI_C14 Hoshii exp::control
1498349435793,IhSO64xlf<,HJI Shared,exp::treatment,HJI_C14 Hoshii,HJI_C14 Hoshii exp::treatment
1498349435794,Lq)7<+-?.z,HJI Shared,exp::control,HJI_C14 Hoshii,HJI_C14 Hoshii exp::control
1498349435795,l7knj(snr^,HJI Shared,exp::control,HJI_C14 Hoshii,HJI_C14 Hoshii exp::control
1498349435796,QG>U^RMkJL,HJI Shared,exp::control,HJI_C14 Hoshii,HJI_C14 Hoshii exp::control
1498349435797,diD[zEf].U,HJI Shared,exp::treatment,HJI_C14 Hoshii,HJI_C14 Hoshii exp::treatment
1498349435798,eiI[&rn2D},HJI Shared,exp::treatment,HJI_C14 Hoshii,HJI_C14 Hoshii exp::treatment
1498349435799,KIAuv)Uu@(,HJI Shared,exp::control,HJI_C14 Hoshii,HJI_C14 Hoshii exp::control
1498349435800,xMS]|J9n39,HJI Shared,exp::control,HJI_C14 Hoshii,HJI_C14 Hoshii exp::control
1498349435801,E}@0~^j$*o,HJI Shared,exp::treatment,HJI_C14 Hoshii,HJI_C14 Hoshii exp::treatment
1498349435802,qq;j._STU!,HJI Shared,exp::control,HJI_C14 Hoshii,HJI_C14 Hoshii exp::control
1498349435803,sD(m%A7+-w,HJI Shared,exp::treatment,HJI_C14 Hoshii,HJI_C14 Hoshii exp::treatment
1498349435804,OJ$PSf/F6$,HJI Shared,exp::control,HJI_C14 Hoshii,HJI_C14 Hoshii exp::control
1498349435805,FB}!Gs*)9A,HJI Shared,exp::treatment,HJI_C14 Hoshii,HJI_C14 Hoshii exp::treatment
1498349435806,p5T`qEd-Sh,HJI Shared,exp::control,HJI_C14 Hoshii,HJI_C14 Hoshii exp::control
1498349435807,k9?}Jb9<hj,HJI Shared,exp::control,HJI_C14 Hoshii,HJI_C14 Hoshii exp::control
1498349435808,CG/t]!|688,HJI Shared,exp::control,HJI_C14 Hoshii,HJI_C14 Hoshii exp::control
1498349435809,"wMM}ux,/G:",HJI Shared,exp::control,HJI_C14 Hoshii,HJI_C14 Hoshii exp::control
1498349435810,"dz,=jwkM{Y",HJI Shared,exp::control,HJI_C14 Hoshii,HJI_C14 Hoshii exp::control
1498349435811,sg{PsaSW>E,HJI Shared,exp::treatment,HJI_C14 Hoshii,HJI_C14 Hoshii exp::treatment
1498349435812,ATgQ]d_&[V,HJI Shared,exp::control,HJI_C14 Hoshii,HJI_C14 Hoshii exp::control
1498349435813,o.$9fUA3K},HJI Shared,exp::control,HJI_C14 Hoshii,HJI_C14 Hoshii exp::control
1498349435814,A?C/m}_!&^,HJI Shared,exp::treatment,HJI_C14 Hoshii,HJI_C14 Hoshii exp::treatment
1498349435815,"sf@)Hli,Hj",HJI Shared,exp::treatment,HJI_C14 Hoshii,HJI_C14 Hoshii exp::treatment
1498349435816,JI(R>wr%Ea,HJI Shared,exp::treatment,HJI_C14 Hoshii,HJI_C14 Hoshii exp::treatment
1498349435817,IlK96JCZh>,HJI Shared,exp::control,HJI_C14 Hoshii,HJI_C14 Hoshii exp::control
1498349435818,Ic2o]a)@AI,HJI Shared,exp::control,HJI_C14 Hoshii,HJI_C14 Hoshii exp::control
1498349435819,C@).B_5sw.,HJI Shared,exp::treatment,HJI_C14 Hoshii,HJI_C14 Hoshii exp::treatment
1498349435820,bt?hp/=sJa,HJI Shared,exp::treatment,HJI_C14 Hoshii,HJI_C14 Hoshii exp::treatment
1498349435821,F@TD7.]1}8,HJI Shared,exp::treatment,HJI_C14 Hoshii,HJI_C14 Hoshii exp::treatment
1498349435822,w<jJL?5?=Z,HJI Shared,exp::control,HJI_C14 Hoshii,HJI_C14 Hoshii exp::control
1498349435823,eGn(nn5U<y,HJI Shared,exp::control,HJI_C14 Hoshii,HJI_C14 Hoshii exp::control
1498349435824,wUxLj&@}_Q,HJI Shared,exp::control,HJI_C14 Hoshii,HJI_C14 Hoshii exp::control
1498349435825,vSSsamp<w%,HJI Shared,exp::treatment,HJI_C14 Hoshii,HJI_C14 Hoshii exp::treatment
1498349435826,q#@Ghn(i+A,HJI Shared,exp::treatment,HJI_C14 Hoshii,HJI_C14 Hoshii exp::treatment
1498349435827,DOLmbT#!k/,HJI Shared,exp::control,HJI_C14 Hoshii,HJI_C14 Hoshii exp::control
1498349435828,KglEPCscPX,HJI Shared,exp::control,HJI_C14 Hoshii,HJI_C14 Hoshii exp::control
1498349435829,oMUG]Pz-xW,HJI Shared,exp::control,HJI_C14 Hoshii,HJI_C14 Hoshii exp::control
1498349435830,yy!AeWnTO_,HJI Shared,exp::treatment,HJI_C14 Hoshii,HJI_C14 Hoshii exp::treatment
1498349435831,wxVV@zA8x3,HJI Shared,exp::treatment,HJI_C14 Hoshii,HJI_C14 Hoshii exp::treatment
1498349435832,H/;c$Y.)M_,HJI Shared,exp::treatment,HJI_C14 Hoshii,HJI_C14 Hoshii exp::treatment
1498349435833,ACJ^/TKu~t,HJI Shared,exp::control,HJI_C14 Hoshii,HJI_C14 Hoshii exp::control
1498349435834,bg)iP!RqZT,HJI Shared,exp::treatment,HJI_C14 Hoshii,HJI_C14 Hoshii exp::treatment
1498349435835,vc[]P+}hgp,HJI Shared,exp::treatment,HJI_C14 Hoshii,HJI_C14 Hoshii exp::treatment
1498349435836,Jq}r`YU^]$,HJI Shared,exp::control,HJI_C14 Hoshii,HJI_C14 Hoshii exp::control
1498349435837,ej+.YH5jV[,HJI Shared,exp::treatment,HJI_C14 Hoshii,HJI_C14 Hoshii exp::treatment
1498349435838,JH]owd%kpU,HJI Shared,exp::treatment,HJI_C14 Hoshii,HJI_C14 Hoshii exp::treatment
1498349435839,x19y1LE2G~,HJI Shared,exp::treatment,HJI_C14 Hoshii,HJI_C14 Hoshii exp::treatment
1498349435840,oByG%~Dv&V,HJI Shared,exp::treatment,HJI_C14 Hoshii,HJI_C14 Hoshii exp::treatment
1498349435841,tizffmD^H&,HJI Shared,exp::treatment,HJI_C14 Hoshii,HJI_C14 Hoshii exp::treatment
1498349435842,kCD[6ypI+p,HJI Shared,exp::control,HJI_C14 Hoshii,HJI_C14 Hoshii exp::control
1498349435843,F8[+}peKPU,HJI Shared,exp::treatment,HJI_C14 Hoshii,HJI_C14 Hoshii exp::treatment
1498349435844,y<%sLD|Juk,HJI Shared,exp::treatment,HJI_C14 Hoshii,HJI_C14 Hoshii exp::treatment
1498349435845,DPPh~FtkIF,HJI Shared,exp::control,HJI_C14 Hoshii,HJI_C14 Hoshii exp::control
1498349435846,d%zvn^V`cS,HJI Shared,exp::treatment,HJI_C14 Hoshii,HJI_C14 Hoshii exp::treatment
1498349435847,x8sM#.l6v:,HJI Shared,exp::treatment,HJI_C14 Hoshii,HJI_C14 Hoshii exp::treatment
1498349435848,u!p[tWzT2#,HJI Shared,exp::treatment,HJI_C14 Hoshii,HJI_C14 Hoshii exp::treatment
1498349435849,oOY0DIPQi;,HJI Shared,exp::control,HJI_C14 Hoshii,HJI_C14 Hoshii exp::control
1498349435850,lkG%hY/*Za,HJI Shared,exp::treatment,HJI_C14 Hoshii,HJI_C14 Hoshii exp::treatment
1498349435851,K3sAE=^;L:,HJI Shared,exp::treatment,HJI_C14 Hoshii,HJI_C14 Hoshii exp::treatment
1498349435852,wXi1[*fZsd,HJI Shared,exp::control,HJI_C14 Hoshii,HJI_C14 Hoshii exp::control
1498349435853,L)6Bi4VJ<t,HJI Shared,exp::control,HJI_C14 Hoshii,HJI_C14 Hoshii exp::control
1498349435854,i5H0KK|ul6,HJI Shared,exp::treatment,HJI_C14 Hoshii,HJI_C14 Hoshii exp::treatment
1498349435855,nnNlW-VCg:,HJI Shared,exp::treatment,HJI_C14 Hoshii,HJI_C14 Hoshii exp::treatment
1498349435856,H#XfbM9:Bq,HJI Shared,exp::control,HJI_C14 Hoshii,HJI_C14 Hoshii exp::control
1498349435857,x5c|uyRofh,HJI Shared,exp::control,HJI_C14 Hoshii,HJI_C14 Hoshii exp::control
1498349435858,cBay(&4p?D,HJI Shared,exp::treatment,HJI_C14 Hoshii,HJI_C14 Hoshii exp::treatment
1498349435859,y0V^t_.kUu,HJI Shared,exp::treatment,HJI_C14 Hoshii,HJI_C14 Hoshii exp::treatment
1498349435860,"uI],+CSApA",HJI Shared,exp::control,HJI_C14 Hoshii,HJI_C14 Hoshii exp::control
1498349435861,z2;@$~9;%v,HJI Shared,exp::treatment,HJI_C14 Hoshii,HJI_C14 Hoshii exp::treatment
1498349435862,yNk6!%_eVK,HJI Shared,exp::control,HJI_C14 Hoshii,HJI_C14 Hoshii exp::control
1498349435863,HhO8z3JnKw,HJI Shared,exp::control,HJI_C14 Hoshii,HJI_C14 Hoshii exp::control
1498349435864,It_I^j]/ur,HJI Shared,exp::treatment,HJI_C14 Hoshii,HJI_C14 Hoshii exp::treatment
1498349435865,zT;O<grmOC,HJI Shared,exp::control,HJI_C14 Hoshii,HJI_C14 Hoshii exp::control
1498349435866,H4lHm}o)$(,HJI Shared,exp::treatment,HJI_C14 Hoshii,HJI_C14 Hoshii exp::treatment
1498349435867,JG32..{(oG,HJI Shared,exp::control,HJI_C15 Permission,HJI_C15 Permission exp::control
1498349435868,"u},2gLwjA%",HJI Shared,exp::control,HJI_C15 Permission,HJI_C15 Permission exp::control
1498349435869,Ggs$Mkt8hd,HJI Shared,exp::control,HJI_C15 Permission,HJI_C15 Permission exp::control
1498349435870,u=o2gE^];M,HJI Shared,exp::control,HJI_C15 Permission,HJI_C15 Permission exp::control
1498349435871,z]h;Y3|-1q,HJI Shared,exp::control,HJI_C15 Permission,HJI_C15 Permission exp::control
1498349435872,O:6.pjR+2b,HJI Shared,exp::control,HJI_C15 Permission,HJI_C15 Permission exp::control
1498349435873,n&z@+724Xr,HJI Shared,exp::treatment,HJI_C15 Permission,HJI_C15 Permission exp::treatment
1498349435874,JbZB^tR([J,HJI Shared,exp::control,HJI_C15 Permission,HJI_C15 Permission exp::control
1498349435875,uRP(;)$#x^,HJI Shared,exp::treatment,HJI_C15 Permission,HJI_C15 Permission exp::treatment
1498349435876,J68as(xz&*,HJI Shared,exp::control,HJI_C15 Permission,HJI_C15 Permission exp::control
1498349435877,h)_K%JnAKY,HJI Shared,exp::control,HJI_C15 Permission,HJI_C15 Permission exp::control
1498349435878,c$Mg2}R%>X,HJI Shared,exp::control,HJI_C15 Permission,HJI_C15 Permission exp::control
1498349435879,LfOR3P[x33,HJI Shared,exp::treatment,HJI_C15 Permission,HJI_C15 Permission exp::treatment
1498349435880,Ma3c*-Lg!@,HJI Shared,exp::control,HJI_C15 Permission,HJI_C15 Permission exp::control
1498349435881,rQsI=_/-}1,HJI Shared,exp::treatment,HJI_C15 Permission,HJI_C15 Permission exp::treatment
1498349435882,s5X9E;s|ZJ,HJI Shared,exp::treatment,HJI_C15 Permission,HJI_C15 Permission exp::treatment
1498349435883,K(Ui!w|cmX,HJI Shared,exp::control,HJI_C15 Permission,HJI_C15 Permission exp::control
1498349435884,kRQK0*TA@%,HJI Shared,exp::treatment,HJI_C15 Permission,HJI_C15 Permission exp::treatment
1498349435885,M0aZ(GN~;*,HJI Shared,exp::treatment,HJI_C15 Permission,HJI_C15 Permission exp::treatment
1498349435886,=Bzj6wc*r,HJI Shared,exp::treatment,HJI_C15 Permission,HJI_C15 Permission exp::treatment
1498349435887,"d,BjD)_|3?",HJI Shared,exp::control,HJI_C15 Permission,HJI_C15 Permission exp::control
1498349435888,Ekn:L#<>UP,HJI Shared,exp::treatment,HJI_C15 Permission,HJI_C15 Permission exp::treatment
1498349435889,Q(tsJ.Ld]Q,HJI Shared,exp::control,HJI_C15 Permission,HJI_C15 Permission exp::control
1498349435890,KCd-[l#mgQ,HJI Shared,exp::control,HJI_C15 Permission,HJI_C15 Permission exp::control
1498349435891,g+j]Gx|J=&,HJI Shared,exp::treatment,HJI_C15 Permission,HJI_C15 Permission exp::treatment
1498349435892,IPP_bfew7w,HJI Shared,exp::treatment,HJI_C15 Permission,HJI_C15 Permission exp::treatment
1498349435893,HL>k5JLj!h,HJI Shared,exp::control,HJI_C15 Permission,HJI_C15 Permission exp::control
1498349435894,g5)G&/VY?6,HJI Shared,exp::treatment,HJI_C15 Permission,HJI_C15 Permission exp::treatment
1498349435895,y?jRLp5!53,HJI Shared,exp::treatment,HJI_C15 Permission,HJI_C15 Permission exp::treatment
1498349435896,DH41dn~`-d,HJI Shared,exp::control,HJI_C15 Permission,HJI_C15 Permission exp::control
1498349435897,fiD%iOAhwT,HJI Shared,exp::treatment,HJI_C15 Permission,HJI_C15 Permission exp::treatment
1498349435898,"z9O%;%,2dv",HJI Shared,exp::treatment,HJI_C15 Permission,HJI_C15 Permission exp::treatment
1498349435899,cz[!1yz6r=,HJI Shared,exp::control,HJI_C15 Permission,HJI_C15 Permission exp::control
1498349435900,Pt0c-+Q#M+,HJI Shared,exp::control,HJI_C15 Permission,HJI_C15 Permission exp::control
1498349435901,IJR]X/=`}=,HJI Shared,exp::control,HJI_C15 Permission,HJI_C15 Permission exp::control
1498349435902,z98!O?1zm3,HJI Shared,exp::treatment,HJI_C15 Permission,HJI_C15 Permission exp::treatment
1498349435903,eotfGyLY`T,HJI Shared,exp::control,HJI_C15 Permission,HJI_C15 Permission exp::control
1498349435904,sfyb{YF-cX,HJI Shared,exp::treatment,HJI_C15 Permission,HJI_C15 Permission exp::treatment
1498349435905,wO$L/c)&j|,HJI Shared,exp::treatment,HJI_C15 Permission,HJI_C15 Permission exp::treatment
1498349435906,oC~)R)WJ7{,HJI Shared,exp::treatment,HJI_C15 Permission,HJI_C15 Permission exp::treatment
1498349435907,P`Li]qC#S#,HJI Shared,exp::control,HJI_C15 Permission,HJI_C15 Permission exp::control
1498349435908,k^qvjEV>%C,HJI Shared,exp::control,HJI_C15 Permission,HJI_C15 Permission exp::control
1498349435909,erjb(c!K:!,HJI Shared,exp::treatment,HJI_C15 Permission,HJI_C15 Permission exp::treatment
1498349435910,P6lTidsuml,HJI Shared,exp::control,HJI_C15 Permission,HJI_C15 Permission exp::control
1498349435911,m(s`%|Zrj6,HJI Shared,exp::treatment,HJI_C15 Permission,HJI_C15 Permission exp::treatment
1498349435912,HiG<jZmh!J,HJI Shared,exp::treatment,HJI_C15 Permission,HJI_C15 Permission exp::treatment
1498349435913,OCwNgn`PsT,HJI Shared,exp::treatment,HJI_C15 Permission,HJI_C15 Permission exp::treatment
1498349435914,d?D]fdv{@#,HJI Shared,exp::control,HJI_C15 Permission,HJI_C15 Permission exp::control
1498349435915,AqoW-pqxNu,HJI Shared,exp::control,HJI_C15 Permission,HJI_C15 Permission exp::control
1498349435916,A|Qd615Cv!,HJI Shared,exp::control,HJI_C15 Permission,HJI_C15 Permission exp::control
1498349435917,"s[Mm.6gKF,",HJI Shared,exp::control,HJI_C15 Permission,HJI_C15 Permission exp::control
1498349435918,dFB9wLEUAG,HJI Shared,exp::treatment,HJI_C15 Permission,HJI_C15 Permission exp::treatment
1498349435919,vCUW)DwpBE,HJI Shared,exp::control,HJI_C15 Permission,HJI_C15 Permission exp::control
1498349435920,Q*vb!R$jR6,HJI Shared,exp::treatment,HJI_C15 Permission,HJI_C15 Permission exp::treatment
1498349435921,e&^thSl6ev,HJI Shared,exp::treatment,HJI_C15 Permission,HJI_C15 Permission exp::treatment
1498349435922,g}f+@S9j@A,HJI Shared,exp::control,HJI_C15 Permission,HJI_C15 Permission exp::control
1498349435923,Ldk.ey43f#,HJI Shared,exp::control,HJI_C15 Permission,HJI_C15 Permission exp::control
1498349435924,PQi@{J)Y$U,HJI Shared,exp::control,HJI_C15 Permission,HJI_C15 Permission exp::control
1498349435925,niKy7LVsTk,HJI Shared,exp::control,HJI_C15 Permission,HJI_C15 Permission exp::control
1498349435926,DZzv[[=$t[,HJI Shared,exp::control,HJI_C15 Permission,HJI_C15 Permission exp::control
1498349435927,o<FWSFB7fo,HJI Shared,exp::control,HJI_C15 Permission,HJI_C15 Permission exp::control
1498349435928,"tZ0s*5,56I",HJI Shared,exp::control,HJI_C15 Permission,HJI_C15 Permission exp::control
1498349435929,C/VlA$i>xN,HJI Shared,exp::control,HJI_C15 Permission,HJI_C15 Permission exp::control
1498349435930,zAggt-MEF~,HJI Shared,exp::treatment,HJI_C15 Permission,HJI_C15 Permission exp::treatment
1498349435931,v0/6(ag_u#,HJI Shared,exp::treatment,HJI_C15 Permission,HJI_C15 Permission exp::treatment
1498349435932,o<Vp<-0PMb,HJI Shared,exp::control,HJI_C15 Permission,HJI_C15 Permission exp::control
1498349435933,kp4$Com+dw,HJI Shared,exp::treatment,HJI_C15 Permission,HJI_C15 Permission exp::treatment
1498349435934,eX|B74y?GI,HJI Shared,exp::treatment,HJI_C15 Permission,HJI_C15 Permission exp::treatment
1498349435935,e$LdkBj3oO,HJI Shared,exp::treatment,HJI_C15 Permission,HJI_C15 Permission exp::treatment
1498349435936,PHk09vPSRZ,HJI Shared,exp::treatment,HJI_C15 Permission,HJI_C15 Permission exp::treatment
1498349435937,K:NA$VL<96,HJI Shared,exp::treatment,HJI_C15 Permission,HJI_C15 Permission exp::treatment
1498349435938,sz|DvxKG&),HJI Shared,exp::control,HJI_C15 Permission,HJI_C15 Permission exp::control
1498349435939,m03n>wI&sD,HJI Shared,exp::treatment,HJI_C15 Permission,HJI_C15 Permission exp::treatment
1498349435940,qVMIw]7!h$,HJI Shared,exp::control,HJI_C15 Permission,HJI_C15 Permission exp::control
1498349435941,D&?1Z28Aib,HJI Shared,exp::treatment,HJI_C15 Permission,HJI_C15 Permission exp::treatment
1498349435942,"n$/,H=Q,6!",HJI Shared,exp::control,HJI_C15 Permission,HJI_C15 Permission exp::control
1498349435943,MF8^~AoS=7,HJI Shared,exp::control,HJI_C15 Permission,HJI_C15 Permission exp::control
1498349435944,N.8@q2DHmd,HJI Shared,exp::treatment,HJI_C15 Permission,HJI_C15 Permission exp::treatment
1498349435945,K^!VB!!9[K,HJI Shared,exp::treatment,HJI_C15 Permission,HJI_C15 Permission exp::treatment
1498349435946,cIJ3d_KxG},HJI Shared,exp::control,HJI_C15 Permission,HJI_C15 Permission exp::control
1498349435947,"G)@c$#x,d|",HJI Shared,exp::treatment,HJI_C15 Permission,HJI_C15 Permission exp::treatment
1498349435948,b=(Vwe~>+T,HJI Shared,exp::control,HJI_C15 Permission,HJI_C15 Permission exp::control
1498349435949,suKzZ@uJQ<,HJI Shared,exp::treatment,HJI_C15 Permission,HJI_C15 Permission exp::treatment
1498349435950,L1JK)|Ah7h,HJI Shared,exp::treatment,HJI_C15 Permission,HJI_C15 Permission exp::treatment
1498349435951,NxCvKVqE2Q,HJI Shared,exp::control,HJI_C15 Permission,HJI_C15 Permission exp::control
1498349435952,hj$[|zM%*m,HJI Shared,exp::control,HJI_C15 Permission,HJI_C15 Permission exp::control
1498349435953,yKS9dmN8vn,HJI Shared,exp::treatment,CoffeeShop HJI_C16,CoffeeShop HJI_C16 exp::treatment
1498349435954,j!{eRvbl#@,HJI Shared,exp::control,CoffeeShop HJI_C16,CoffeeShop HJI_C16 exp::control
1498349435955,KRT0cf/M7k,HJI Shared,exp::treatment,CoffeeShop HJI_C16,CoffeeShop HJI_C16 exp::treatment
1498349435956,iQi.h[0.a:,HJI Shared,exp::control,CoffeeShop HJI_C16,CoffeeShop HJI_C16 exp::control
1498349435957,o~WCMnLblc,HJI Shared,exp::treatment,CoffeeShop HJI_C16,CoffeeShop HJI_C16 exp::treatment
1498349435958,"hHb_S9N=D,",HJI Shared,exp::control,CoffeeShop HJI_C16,CoffeeShop HJI_C16 exp::control
1498349435959,xS}}EY]yh9,HJI Shared,exp::control,CoffeeShop HJI_C16,CoffeeShop HJI_C16 exp::control
1498349435960,Mt-fz^D3Xj,HJI Shared,exp::treatment,CoffeeShop HJI_C16,CoffeeShop HJI_C16 exp::treatment
1498349435961,Ni1SYXK|cR,HJI Shared,exp::control,CoffeeShop HJI_C16,CoffeeShop HJI_C16 exp::control
1498349435962,kX5nkBU>Dh,HJI Shared,exp::control,CoffeeShop HJI_C16,CoffeeShop HJI_C16 exp::control
1498349435963,AHBUPukhx,HJI Shared,exp::control,CoffeeShop HJI_C16,CoffeeShop HJI_C16 exp::control
1498349435964,klIM[qorr6,HJI Shared,exp::control,CoffeeShop HJI_C16,CoffeeShop HJI_C16 exp::control
1498349435965,vQmgUAhi@W,HJI Shared,exp::treatment,CoffeeShop HJI_C16,CoffeeShop HJI_C16 exp::treatment
1498349435966,A1~1?:Oc<0,HJI Shared,exp::control,CoffeeShop HJI_C16,CoffeeShop HJI_C16 exp::control
1498349435967,p-l_<@_BBh,HJI Shared,exp::control,CoffeeShop HJI_C16,CoffeeShop HJI_C16 exp::control
1498349435968,P:Lp%])$G1,HJI Shared,exp::treatment,CoffeeShop HJI_C16,CoffeeShop HJI_C16 exp::treatment
1498349435969,"E<u,MrbjU{",HJI Shared,exp::control,CoffeeShop HJI_C16,CoffeeShop HJI_C16 exp::control
1498349435970,q!1|MZ8}=y,HJI Shared,exp::control,CoffeeShop HJI_C16,CoffeeShop HJI_C16 exp::control
1498349435971,sOf+wnwQNF,HJI Shared,exp::treatment,CoffeeShop HJI_C16,CoffeeShop HJI_C16 exp::treatment
1498349435972,tMA1z7jS_.,HJI Shared,exp::control,CoffeeShop HJI_C16,CoffeeShop HJI_C16 exp::control
1498349435973,g!ZPy(}|4|,HJI Shared,exp::treatment,CoffeeShop HJI_C16,CoffeeShop HJI_C16 exp::treatment
1498349435974,<r!k98cK3,HJI Shared,exp::treatment,CoffeeShop HJI_C16,CoffeeShop HJI_C16 exp::treatment
1498349435975,"o~}k,rspX",HJI Shared,exp::treatment,CoffeeShop HJI_C16,CoffeeShop HJI_C16 exp::treatment
1498349435976,cV.a`gBBRJ,HJI Shared,exp::control,CoffeeShop HJI_C16,CoffeeShop HJI_C16 exp::control
1498349435977,kx{m7JQfvm,HJI Shared,exp::treatment,CoffeeShop HJI_C16,CoffeeShop HJI_C16 exp::treatment
1498349435978,lJW_}G2MI^,HJI Shared,exp::treatment,CoffeeShop HJI_C16,CoffeeShop HJI_C16 exp::treatment
1498349435979,buO1y]22$X,HJI Shared,exp::control,CoffeeShop HJI_C16,CoffeeShop HJI_C16 exp::control
1498349435980,te3@RY6^b8,HJI Shared,exp::control,CoffeeShop HJI_C16,CoffeeShop HJI_C16 exp::control
1498349435981,NWK?lpJ!;`,HJI Shared,exp::treatment,CoffeeShop HJI_C16,CoffeeShop HJI_C16 exp::treatment
1498349435982,s;EzS@~I/],HJI Shared,exp::treatment,CoffeeShop HJI_C16,CoffeeShop HJI_C16 exp::treatment
1498349435983,"qpPgef,rf]",HJI Shared,exp::treatment,CoffeeShop HJI_C16,CoffeeShop HJI_C16 exp::treatment
1498349435984,"C0cOh.9J,!",HJI Shared,exp::control,CoffeeShop HJI_C16,CoffeeShop HJI_C16 exp::control
1498349435985,Q<l3Iy|yU=,HJI Shared,exp::control,CoffeeShop HJI_C16,CoffeeShop HJI_C16 exp::control
1498349435986,rv.FV;U-.^,HJI Shared,exp::control,CoffeeShop HJI_C16,CoffeeShop HJI_C16 exp::control
1498349435987,N%CrGgKx8l,HJI Shared,exp::treatment,CoffeeShop HJI_C16,CoffeeShop HJI_C16 exp::treatment
1498349435988,hpA1g>VayU,HJI Shared,exp::treatment,CoffeeShop HJI_C16,CoffeeShop HJI_C16 exp::treatment
1498349435989,IF&|9yk5U>,HJI Shared,exp::control,CoffeeShop HJI_C16,CoffeeShop HJI_C16 exp::control
1498349435990,xRKLb?)P7H,HJI Shared,exp::control,CoffeeShop HJI_C16,CoffeeShop HJI_C16 exp::control
1498349435991,e~DAP$yq!L,HJI Shared,exp::control,CoffeeShop HJI_C16,CoffeeShop HJI_C16 exp::control
1498349435992,gw:Vhi&;b3,HJI Shared,exp::control,CoffeeShop HJI_C16,CoffeeShop HJI_C16 exp::control
1498349435993,M[vKtel*v7,HJI Shared,exp::control,CoffeeShop HJI_C16,CoffeeShop HJI_C16 exp::control
1498349435994,HD1|b[4p8p,HJI Shared,exp::treatment,CoffeeShop HJI_C16,CoffeeShop HJI_C16 exp::treatment
1498349435995,G[W:rT2+LJ,HJI Shared,exp::control,CoffeeShop HJI_C16,CoffeeShop HJI_C16 exp::control
1498349435996,efNL(f;w`<,HJI Shared,exp::treatment,CoffeeShop HJI_C16,CoffeeShop HJI_C16 exp::treatment
1498349435997,p)CwK>J;yK,HJI Shared,exp::control,CoffeeShop HJI_C16,CoffeeShop HJI_C16 exp::control
1498349435998,o7YU_bQ?Z4,HJI Shared,exp::control,CoffeeShop HJI_C16,CoffeeShop HJI_C16 exp::control
1498349435999,z23=})@ag9,HJI Shared,exp::control,CoffeeShop HJI_C16,CoffeeShop HJI_C16 exp::control
1498349436000,"kEiqPuZ,jg",HJI Shared,exp::control,CoffeeShop HJI_C16,CoffeeShop HJI_C16 exp::control
1498349436001,E-@`g#vt1E,HJI Shared,exp::control,CoffeeShop HJI_C16,CoffeeShop HJI_C16 exp::control
1498349436002,iC8+CvFT8l,HJI Shared,exp::treatment,CoffeeShop HJI_C16,CoffeeShop HJI_C16 exp::treatment
1498349436003,doU#;;g!L^,HJI Shared,exp::treatment,CoffeeShop HJI_C16,CoffeeShop HJI_C16 exp::treatment
1498349436004,M<BBx^db]z,HJI Shared,exp::treatment,CoffeeShop HJI_C16,CoffeeShop HJI_C16 exp::treatment
1498349436005,kU79jL4NX~,HJI Shared,exp::control,CoffeeShop HJI_C16,CoffeeShop HJI_C16 exp::control
1498349436006,z2GvMq#Aj%,HJI Shared,exp::control,CoffeeShop HJI_C16,CoffeeShop HJI_C16 exp::control
1498349436007,"l,$++z[U]0",HJI Shared,exp::control,CoffeeShop HJI_C16,CoffeeShop HJI_C16 exp::control
1498349436008,fGW}h)7-#t,HJI Shared,exp::treatment,CoffeeShop HJI_C16,CoffeeShop HJI_C16 exp::treatment
1498349436009,hE!2Z]`Bj>,HJI Shared,exp::control,CoffeeShop HJI_C16,CoffeeShop HJI_C16 exp::control
1498349436010,dFhR[Dq#o*,HJI Shared,exp::control,CoffeeShop HJI_C16,CoffeeShop HJI_C16 exp::control
1498349436011,iw?})h2va5,HJI Shared,exp::control,CoffeeShop HJI_C16,CoffeeShop HJI_C16 exp::control
1498349436012,reQu!v@~j1,HJI Shared,exp::control,CoffeeShop HJI_C16,CoffeeShop HJI_C16 exp::control
1498349436013,d)-8!p*vSk,HJI Shared,exp::control,CoffeeShop HJI_C16,CoffeeShop HJI_C16 exp::control
1498349436014,B*iGls~vQO,HJI Shared,exp::control,CoffeeShop HJI_C16,CoffeeShop HJI_C16 exp::control
1498349436015,Am({g$FYye,HJI Shared,exp::treatment,CoffeeShop HJI_C16,CoffeeShop HJI_C16 exp::treatment
1498349436016,AuZg$#]:0A,HJI Shared,exp::control,CoffeeShop HJI_C16,CoffeeShop HJI_C16 exp::control
1498349436017,x56)Cho6Xb,HJI Shared,exp::control,CoffeeShop HJI_C16,CoffeeShop HJI_C16 exp::control
1498349436018,PJsM.N5M]$,HJI Shared,exp::treatment,CoffeeShop HJI_C16,CoffeeShop HJI_C16 exp::treatment
1498349436019,J?/n;)Lofz,HJI Shared,exp::control,CoffeeShop HJI_C16,CoffeeShop HJI_C16 exp::control
1498349436020,lelD2/%/qX,HJI Shared,exp::treatment,CoffeeShop HJI_C16,CoffeeShop HJI_C16 exp::treatment
1498349436021,"!hCg,&[`F",HJI Shared,exp::control,CoffeeShop HJI_C16,CoffeeShop HJI_C16 exp::control
1498349436022,gPv~W6w4g7,HJI Shared,exp::control,CoffeeShop HJI_C16,CoffeeShop HJI_C16 exp::control
1498349436023,m?<YZ=0csz,HJI Shared,exp::control,CoffeeShop HJI_C16,CoffeeShop HJI_C16 exp::control
1498349436024,"MQ0)mP=;(,",HJI Shared,exp::treatment,CoffeeShop HJI_C16,CoffeeShop HJI_C16 exp::treatment
1498349436025,Bf@.HS;AjC,HJI Shared,exp::treatment,CoffeeShop HJI_C16,CoffeeShop HJI_C16 exp::treatment
1498349436026,"vJgh6>,lkS",HJI Shared,exp::treatment,CoffeeShop HJI_C16,CoffeeShop HJI_C16 exp::treatment
1498349436027,bGNjvX#Zaj,HJI Shared,exp::control,CoffeeShop HJI_C16,CoffeeShop HJI_C16 exp::control
1498349436028,O-aY%we*B^,HJI Shared,exp::control,CoffeeShop HJI_C16,CoffeeShop HJI_C16 exp::control
1498349436029,CXCTLQ<SQ?,HJI Shared,exp::control,CoffeeShop HJI_C16,CoffeeShop HJI_C16 exp::control
1498349436030,Di}&T#.t_b,HJI Shared,exp::control,CoffeeShop HJI_C16,CoffeeShop HJI_C16 exp::control
1498349436031,CS.AY}/$93,HJI Shared,exp::control,CoffeeShop HJI_C16,CoffeeShop HJI_C16 exp::control
1498349436032,d$B#AdSwR6,HJI Shared,exp::treatment,CoffeeShop HJI_C16,CoffeeShop HJI_C16 exp::treatment
1498349436033,lP+{{k`AOT,HJI Shared,exp::treatment,CoffeeShop HJI_C16,CoffeeShop HJI_C16 exp::treatment
1498349436034,vk/x&L8EMn,HJI Shared,exp::control,CoffeeShop HJI_C16,CoffeeShop HJI_C16 exp::control
1498349436035,jfUO-FU>I1,HJI Shared,exp::treatment,CoffeeShop HJI_C16,CoffeeShop HJI_C16 exp::treatment
1498349436036,Bl(IITxs(5,HJI Shared,exp::treatment,CoffeeShop HJI_C16,CoffeeShop HJI_C16 exp::treatment
1498349436037,lJ*}52I&81,HJI Shared,exp::treatment,CoffeeShop HJI_C16,CoffeeShop HJI_C16 exp::treatment
1498349436038,E3$md&8ep;,HJI Shared,exp::control,CoffeeShop HJI_C16,CoffeeShop HJI_C16 exp::control
1498349436039,L5YI>|MBA<,HJI Shared,exp::control,CoffeeShop HJI_C16,CoffeeShop HJI_C16 exp::control
1498349436040,hz$jnrd.On,HJI Shared,exp::control,CoffeeShop HJI_C16,CoffeeShop HJI_C16 exp::control
1498349436041,r|^xB+MiPK,HJI Shared,exp::treatment,CoffeeShop HJI_C16,CoffeeShop HJI_C16 exp::treatment
1498349436042,"l>=Rz,%V)<",HJI Shared,exp::treatment,CoffeeShop HJI_C16,CoffeeShop HJI_C16 exp::treatment
1498349436043,FU;)@UaaEU,HJI Shared,exp::control,CoffeeShop HJI_C16,CoffeeShop HJI_C16 exp::control
1498349436044,zM_LO6x$[H,HJI Shared,exp::treatment,CoffeeShop HJI_C16,CoffeeShop HJI_C16 exp::treatment
1498349436045,l%?V/jodxS,HJI Shared,exp::treatment,CoffeeShop HJI_C16,CoffeeShop HJI_C16 exp::treatment
1498349436046,P^v~+A3k$l,HJI Shared,exp::control,CoffeeShop HJI_C16,CoffeeShop HJI_C16 exp::control
1498349436047,z]G;hR}I5E,HJI Shared,exp::treatment,CoffeeShop HJI_C16,CoffeeShop HJI_C16 exp::treatment
1498349436048,rw*fXyH(>p,HJI Shared,exp::treatment,CoffeeShop HJI_C16,CoffeeShop HJI_C16 exp::treatment
1498349436049,Q[*PagW%nm,HJI Shared,exp::control,CoffeeShop HJI_C16,CoffeeShop HJI_C16 exp::control
1498349436050,m+8~&Aq*dc,HJI Shared,exp::control,CoffeeShop HJI_C16,CoffeeShop HJI_C16 exp::control
1498349436051,N]l0C/7>CC,HJI Shared,exp::treatment,CoffeeShop HJI_C16,CoffeeShop HJI_C16 exp::treatment
1498349436052,eDZW(]+fR8,HJI Shared,exp::treatment,CoffeeShop HJI_C16,CoffeeShop HJI_C16 exp::treatment
1498349436053,EVC;[1R1tm,HJI Shared,exp::treatment,CoffeeShop HJI_C16,CoffeeShop HJI_C16 exp::treatment
1498349436054,ALp6VQ$<nF,HJI Shared,exp::treatment,CoffeeShop HJI_C16,CoffeeShop HJI_C16 exp::treatment
1498349436055,"n<]w<4uSm,",HJI Shared,exp::control,CoffeeShop HJI_C16,CoffeeShop HJI_C16 exp::control
1498349436056,N^c]<7`WM~,HJI Shared,exp::control,CoffeeShop HJI_C16,CoffeeShop HJI_C16 exp::control
1498349436057,J+lOW:/~.#,HJI Shared,exp::control,CoffeeShop HJI_C16,CoffeeShop HJI_C16 exp::control
1498349436058,"q>6N#,6rRY",HJI Shared,exp::control,CoffeeShop HJI_C16,CoffeeShop HJI_C16 exp::control
1498349436059,Hb+v0rmJSW,HJI Shared,exp::treatment,CoffeeShop HJI_C16,CoffeeShop HJI_C16 exp::treatment
1498349436060,n)<9E3@6*.,HJI Shared,exp::control,CoffeeShop HJI_C16,CoffeeShop HJI_C16 exp::control
1498349436061,p8@{wlm}qe,HJI Shared,exp::control,CoffeeShop HJI_C16,CoffeeShop HJI_C16 exp::control
1498349436062,orC%5Jh`s;,HJI Shared,exp::treatment,CoffeeShop HJI_C16,CoffeeShop HJI_C16 exp::treatment
1498349436063,hAq^FdQ+>L,HJI Shared,exp::control,CoffeeShop HJI_C16,CoffeeShop HJI_C16 exp::control
1498349436064,Hv@&&-G.7U,HJI Shared,exp::control,CoffeeShop HJI_C16,CoffeeShop HJI_C16 exp::control
1498349436065,w28H#];=GC,HJI Shared,exp::treatment,CoffeeShop HJI_C16,CoffeeShop HJI_C16 exp::treatment
1498349436066,rUGvxYuBc5,HJI Shared,exp::treatment,CoffeeShop HJI_C16,CoffeeShop HJI_C16 exp::treatment
1498349436067,gxO^9td.cd,HJI Shared,exp::treatment,CoffeeShop HJI_C16,CoffeeShop HJI_C16 exp::treatment
1498349436068,"Jk,y)hXGOz",HJI Shared,exp::control,CoffeeShop HJI_C16,CoffeeShop HJI_C16 exp::control
1498349436069,kN|N|8>&Ye,HJI Shared,exp::control,CoffeeShop HJI_C16,CoffeeShop HJI_C16 exp::control
1498349436070,eR@p{]gX[T,HJI Shared,exp::control,CoffeeShop HJI_C16,CoffeeShop HJI_C16 exp::control
1498349436071,No=3@^r7P3,HJI Shared,exp::treatment,CoffeeShop HJI_C16,CoffeeShop HJI_C16 exp::treatment
1498349436072,Q/aRUW12jl,HJI Shared,exp::control,CoffeeShop HJI_C16,CoffeeShop HJI_C16 exp::control
1498349436073,C2Yfz+}8V+,HJI Shared,exp::treatment,CoffeeShop HJI_C16,CoffeeShop HJI_C16 exp::treatment
1498349436074,x<eYVO7.YI,HJI Shared,exp::treatment,CoffeeShop HJI_C16,CoffeeShop HJI_C16 exp::treatment
1498349436075,JoM_NcnO0S,HJI Shared,exp::treatment,CoffeeShop HJI_C16,CoffeeShop HJI_C16 exp::treatment
1498349436076,J3[6O+D@dA,HJI Shared,exp::control,CoffeeShop HJI_C16,CoffeeShop HJI_C16 exp::control
1498349436077,bqO[nx>d2r,HJI Shared,exp::control,CoffeeShop HJI_C16,CoffeeShop HJI_C16 exp::control
1498349436078,m~lQ5+}C8c,HJI Shared,exp::treatment,CoffeeShop HJI_C16,CoffeeShop HJI_C16 exp::treatment
1498349436079,LUIfWX)lTm,HJI Shared,exp::control,CoffeeShop HJI_C16,CoffeeShop HJI_C16 exp::control
1498349436080,kmq&t?Iuq},HJI Shared,exp::control,HJI_C17 TransitiveIntransitive,HJI_C17 TransitiveIntransitive exp::control
1498349436081,s+!r`Gh_yk,HJI Shared,exp::control,HJI_C17 TransitiveIntransitive,HJI_C17 TransitiveIntransitive exp::control
1498349436082,N9#8XydciK,HJI Shared,exp::treatment,HJI_C17 TransitiveIntransitive,HJI_C17 TransitiveIntransitive exp::treatment
1498349436083,K/`[Z@;Q92,HJI Shared,exp::control,HJI_C17 TransitiveIntransitive,HJI_C17 TransitiveIntransitive exp::control
1498349436084,n5^P%<w(%$,HJI Shared,exp::treatment,HJI_C17 TransitiveIntransitive,HJI_C17 TransitiveIntransitive exp::treatment
1498349436085,EPu}8fJP?y,HJI Shared,exp::control,HJI_C17 TransitiveIntransitive,HJI_C17 TransitiveIntransitive exp::control
1498349436086,"t71v=5p,0>",HJI Shared,exp::treatment,HJI_C17 TransitiveIntransitive,HJI_C17 TransitiveIntransitive exp::treatment
1498349436087,dl.mNhQt`1,HJI Shared,exp::control,HJI_C17 TransitiveIntransitive,HJI_C17 TransitiveIntransitive exp::control
1498349436088,mE3uu$iykN,HJI Shared,exp::treatment,HJI_C17 TransitiveIntransitive,HJI_C17 TransitiveIntransitive exp::treatment
1498349436089,okf1rXH*U=,HJI Shared,exp::treatment,HJI_C17 TransitiveIntransitive,HJI_C17 TransitiveIntransitive exp::treatment
1498349436090,vq4u}TS4gd,HJI Shared,exp::treatment,HJI_C17 TransitiveIntransitive,HJI_C17 TransitiveIntransitive exp::treatment
1498349436091,"vL[?kX,4.8",HJI Shared,exp::treatment,HJI_C17 TransitiveIntransitive,HJI_C17 TransitiveIntransitive exp::treatment
1498349436092,"LVYK~,E^dw",HJI Shared,exp::treatment,HJI_C17 TransitiveIntransitive,HJI_C17 TransitiveIntransitive exp::treatment
1498349436093,ezU?X%Ag^g,HJI Shared,exp::control,HJI_C17 TransitiveIntransitive,HJI_C17 TransitiveIntransitive exp::control
1498349436094,O1n{Z6W8f~,HJI Shared,exp::treatment,HJI_C17 TransitiveIntransitive,HJI_C17 TransitiveIntransitive exp::treatment
1498349436095,jY$1y@`dw#,HJI Shared,exp::control,HJI_C17 TransitiveIntransitive,HJI_C17 TransitiveIntransitive exp::control
1498349436096,fr/-}fUc4x,HJI Shared,exp::treatment,HJI_C17 TransitiveIntransitive,HJI_C17 TransitiveIntransitive exp::treatment
1498349436097,o7&<@AD+Sn,HJI Shared,exp::treatment,HJI_C17 TransitiveIntransitive,HJI_C17 TransitiveIntransitive exp::treatment
1498349436098,HU}Zbu80#m,HJI Shared,exp::treatment,HJI_C17 TransitiveIntransitive,HJI_C17 TransitiveIntransitive exp::treatment
1498349436099,yo(.%zZ7sV,HJI Shared,exp::control,HJI_C17 TransitiveIntransitive,HJI_C17 TransitiveIntransitive exp::control
1498349436100,L_e(_C;:f5,HJI Shared,exp::control,HJI_C17 TransitiveIntransitive,HJI_C17 TransitiveIntransitive exp::control
1498349436101,"E;vR,93p0j",HJI Shared,exp::treatment,HJI_C17 TransitiveIntransitive,HJI_C17 TransitiveIntransitive exp::treatment
1498349436102,Oy|dSx1v@w,HJI Shared,exp::control,HJI_C17 TransitiveIntransitive,HJI_C17 TransitiveIntransitive exp::control
1498349436103,Pj=sn6]|2l,HJI Shared,exp::control,HJI_C17 TransitiveIntransitive,HJI_C17 TransitiveIntransitive exp::control
1498349436104,g|Bo{M>T{i,HJI Shared,exp::control,HJI_C17 TransitiveIntransitive,HJI_C17 TransitiveIntransitive exp::control
1498349436105,"DlA;A2,CO5",HJI Shared,exp::control,HJI_C17 TransitiveIntransitive,HJI_C17 TransitiveIntransitive exp::control
1498349436106,CS9G+dJn-C,HJI Shared,exp::treatment,HJI_C17 TransitiveIntransitive,HJI_C17 TransitiveIntransitive exp::treatment
1498349436107,kRlNrJY`.h,HJI Shared,exp::treatment,HJI_C17 TransitiveIntransitive,HJI_C17 TransitiveIntransitive exp::treatment
1498349436108,AsP^Am7DZ6,HJI Shared,exp::control,HJI_C17 TransitiveIntransitive,HJI_C17 TransitiveIntransitive exp::control
1498349436109,rUgKAd:!F-,HJI Shared,exp::treatment,HJI_C17 TransitiveIntransitive,HJI_C17 TransitiveIntransitive exp::treatment
1498349436110,sQq_*a}:aG,HJI Shared,exp::control,HJI_C17 TransitiveIntransitive,HJI_C17 TransitiveIntransitive exp::control
1498349436111,m&N<V|NE=.,HJI Shared,exp::control,HJI_C17 TransitiveIntransitive,HJI_C17 TransitiveIntransitive exp::control
1498349436112,dHU+{y]]C_,HJI Shared,exp::control,HJI_C17 TransitiveIntransitive,HJI_C17 TransitiveIntransitive exp::control
1498349436113,utK|<pU76},HJI Shared,exp::treatment,HJI_C17 TransitiveIntransitive,HJI_C17 TransitiveIntransitive exp::treatment
1498349436114,EK7<HC6pD;,HJI Shared,exp::treatment,HJI_C17 TransitiveIntransitive,HJI_C17 TransitiveIntransitive exp::treatment
1498349436115,"x,R}r8u]J_",HJI Shared,exp::control,HJI_C17 TransitiveIntransitive,HJI_C17 TransitiveIntransitive exp::control
1498349436116,poC7`*(Gyp,HJI Shared,exp::treatment,HJI_C17 TransitiveIntransitive,HJI_C17 TransitiveIntransitive exp::treatment
1498349436117,f3k404ow4j,HJI Shared,exp::treatment,HJI_C17 TransitiveIntransitive,HJI_C17 TransitiveIntransitive exp::treatment
1498349436118,L9|EFmj$VV,HJI Shared,exp::control,HJI_C17 TransitiveIntransitive,HJI_C17 TransitiveIntransitive exp::control
1498349436119,z2z*:*s>s),HJI Shared,exp::treatment,HJI_C17 TransitiveIntransitive,HJI_C17 TransitiveIntransitive exp::treatment
1498349436120,p?e0lL^_K@,HJI Shared,exp::control,HJI_C17 TransitiveIntransitive,HJI_C17 TransitiveIntransitive exp::control
1498349436121,I~uWR^(lRY,HJI Shared,exp::treatment,HJI_C17 TransitiveIntransitive,HJI_C17 TransitiveIntransitive exp::treatment
1498349436122,HU]IvE#1KA,HJI Shared,exp::control,HJI_C17 TransitiveIntransitive,HJI_C17 TransitiveIntransitive exp::control
1498349436123,DhsmX9OHxF,HJI Shared,exp::treatment,HJI_C17 TransitiveIntransitive,HJI_C17 TransitiveIntransitive exp::treatment
1498349436124,"sAR,WS036:",HJI Shared,exp::control,HJI_C17 TransitiveIntransitive,HJI_C17 TransitiveIntransitive exp::control
1498349436125,k4zHZOTnjg,HJI Shared,exp::treatment,HJI_C17 TransitiveIntransitive,HJI_C17 TransitiveIntransitive exp::treatment
1498349436126,GSoR$ly+u.,HJI Shared,exp::control,HJI_C17 TransitiveIntransitive,HJI_C17 TransitiveIntransitive exp::control
1498349436127,sn6jkofSDi,HJI Shared,exp::control,HJI_C17 TransitiveIntransitive,HJI_C17 TransitiveIntransitive exp::control
1498349436128,Kg8:JG.jPS,HJI Shared,exp::control,HJI_C17 TransitiveIntransitive,HJI_C17 TransitiveIntransitive exp::control
1498349436129,Dgt{@^~bRl,HJI Shared,exp::control,HJI_C17 TransitiveIntransitive,HJI_C17 TransitiveIntransitive exp::control
1498349436130,s=Bft$|9/.,HJI Shared,exp::control,HJI_C17 TransitiveIntransitive,HJI_C17 TransitiveIntransitive exp::control
1498349436131,H&$w@|?00i,HJI Shared,exp::control,HJI_C17 TransitiveIntransitive,HJI_C17 TransitiveIntransitive exp::control
1498349436132,Ep<?a!1J=4,HJI Shared,exp::treatment,HJI_C17 TransitiveIntransitive,HJI_C17 TransitiveIntransitive exp::treatment
1498349436133,p_>K3u~S8h,HJI Shared,exp::treatment,HJI_C17 TransitiveIntransitive,HJI_C17 TransitiveIntransitive exp::treatment
1498349436134,1vJd[Gh2|,HJI Shared,exp::control,HJI_C17 TransitiveIntransitive,HJI_C17 TransitiveIntransitive exp::control
1498349436135,Q1K[k&|peJ,HJI Shared,exp::treatment,HJI_C17 TransitiveIntransitive,HJI_C17 TransitiveIntransitive exp::treatment
1498349436136,d-6FY5u%|-,HJI Shared,exp::control,HJI_C17 TransitiveIntransitive,HJI_C17 TransitiveIntransitive exp::control
1498349436137,PqV9Uhp/I2,HJI Shared,exp::control,HJI_C17 TransitiveIntransitive,HJI_C17 TransitiveIntransitive exp::control
1498349436138,tg~@KjPz`U,HJI Shared,exp::control,HJI_C17 TransitiveIntransitive,HJI_C17 TransitiveIntransitive exp::control
1498349436139,muW*4f9r.f,HJI Shared,exp::control,HJI_C17 TransitiveIntransitive,HJI_C17 TransitiveIntransitive exp::control
1498349436140,wO]rs+{V<M,HJI Shared,exp::control,HJI_C17 TransitiveIntransitive,HJI_C17 TransitiveIntransitive exp::control
1498349436141,M[qj~H5@}g,HJI Shared,exp::treatment,HJI_C17 TransitiveIntransitive,HJI_C17 TransitiveIntransitive exp::treatment
1498349436142,ezpYt;7[?:,HJI Shared,exp::treatment,HJI_C17 TransitiveIntransitive,HJI_C17 TransitiveIntransitive exp::treatment
1498349436143,H-@yDYuT3M,HJI Shared,exp::control,HJI_C17 TransitiveIntransitive,HJI_C17 TransitiveIntransitive exp::control
1498349436144,Md6UvNfD1U,HJI Shared,exp::control,HJI_C17 TransitiveIntransitive,HJI_C17 TransitiveIntransitive exp::control
1498349436145,r<-Gq=$E-W,HJI Shared,exp::control,HJI_C17 TransitiveIntransitive,HJI_C17 TransitiveIntransitive exp::control
1498349436146,pB^WGK2VtY,HJI Shared,exp::control,HJI_C17 TransitiveIntransitive,HJI_C17 TransitiveIntransitive exp::control
1498349436147,"Q,yUc+<s&=",HJI Shared,exp::treatment,HJI_C17 TransitiveIntransitive,HJI_C17 TransitiveIntransitive exp::treatment
1498349436148,d1djHK[%EK,HJI Shared,exp::treatment,HJI_C17 TransitiveIntransitive,HJI_C17 TransitiveIntransitive exp::treatment
1498349436149,mX@EB/twE;,HJI Shared,exp::control,HJI_C17 TransitiveIntransitive,HJI_C17 TransitiveIntransitive exp::control
1498349436150,qOYzFjHw@M,HJI Shared,exp::control,HJI_C17 TransitiveIntransitive,HJI_C17 TransitiveIntransitive exp::control
1498349436151,DaDAys70Qg,HJI Shared,exp::treatment,HJI_C17 TransitiveIntransitive,HJI_C17 TransitiveIntransitive exp::treatment
1498349436152,rK_Uec2EaY,HJI Shared,exp::control,HJI_C17 TransitiveIntransitive,HJI_C17 TransitiveIntransitive exp::control
1498349436153,w}vbu-IH0$,HJI Shared,exp::treatment,HJI_C17 TransitiveIntransitive,HJI_C17 TransitiveIntransitive exp::treatment
1498349436154,Nk#xk2IU)B,HJI Shared,exp::treatment,HJI_C17 TransitiveIntransitive,HJI_C17 TransitiveIntransitive exp::treatment
1498349436155,Id#$4]76nB,HJI Shared,exp::treatment,HJI_C17 TransitiveIntransitive,HJI_C17 TransitiveIntransitive exp::treatment
1498349436156,DuVDKSW4IW,HJI Shared,exp::control,HJI_C17 TransitiveIntransitive,HJI_C17 TransitiveIntransitive exp::control
1498349436157,B+[l[1[8OP,HJI Shared,exp::treatment,HJI_C17 TransitiveIntransitive,HJI_C17 TransitiveIntransitive exp::treatment
1498349436158,1<F_1StB&,HJI Shared,exp::treatment,HJI_C17 TransitiveIntransitive,HJI_C17 TransitiveIntransitive exp::treatment
1498349436159,rb4`60X;}q,HJI Shared,exp::control,HJI_C17 TransitiveIntransitive,HJI_C17 TransitiveIntransitive exp::control
1498349436161,O8+nWl1R&[,HJI Shared,exp::control,HJI_C17 TransitiveIntransitive,HJI_C17 TransitiveIntransitive exp::control
1498349436162,B{XK.+|UP|,HJI Shared,exp::control,HJI_C17 TransitiveIntransitive,HJI_C17 TransitiveIntransitive exp::control
1498349436163,EKo1}1ee#i,HJI Shared,exp::control,HJI_C17 TransitiveIntransitive,HJI_C17 TransitiveIntransitive exp::control
1498349436164,M}?QwolusH,HJI Shared,exp::treatment,HJI_C17 TransitiveIntransitive,HJI_C17 TransitiveIntransitive exp::treatment
1498349436165,Ol1`@lJthR,HJI Shared,exp::control,HJI_C17 TransitiveIntransitive,HJI_C17 TransitiveIntransitive exp::control
1498349436166,HwgFSHtun4,HJI Shared,exp::treatment,HJI_C17 TransitiveIntransitive,HJI_C17 TransitiveIntransitive exp::treatment
1498349436167,g<~n3s{2gp,HJI Shared,exp::control,HJI_C17 TransitiveIntransitive,HJI_C17 TransitiveIntransitive exp::control
1498349436168,C4bS)_&|S],HJI Shared,exp::treatment,HJI_C17 TransitiveIntransitive,HJI_C17 TransitiveIntransitive exp::treatment
1498349436169,~!w{]-?[|,HJI Shared,exp::control,HJI_C17 TransitiveIntransitive,HJI_C17 TransitiveIntransitive exp::control
1498349436170,F/[)btixwX,HJI Shared,exp::treatment,HJI_C17 TransitiveIntransitive,HJI_C17 TransitiveIntransitive exp::treatment
1498349436171,"z;?PC,ZLc{",HJI Shared,exp::control,HJI_C17 TransitiveIntransitive,HJI_C17 TransitiveIntransitive exp::control
1498349436172,fb10H8=Y?e,HJI Shared,exp::control,HJI_C17 TransitiveIntransitive,HJI_C17 TransitiveIntransitive exp::control
1498349436173,hO={o_kjsT,HJI Shared,exp::control,HJI_C17 TransitiveIntransitive,HJI_C17 TransitiveIntransitive exp::control
1498349436174,ul$qzET2b`,HJI Shared,exp::control,HJI_C17 TransitiveIntransitive,HJI_C17 TransitiveIntransitive exp::control
1498349436175,k!xvF)8z/b,HJI Shared,exp::treatment,HJI_C17 TransitiveIntransitive,HJI_C17 TransitiveIntransitive exp::treatment
1498349436176,k*dXa;Ufjl,HJI Shared,exp::treatment,HJI_C17 TransitiveIntransitive,HJI_C17 TransitiveIntransitive exp::treatment
1498349436177,oa:*4Do#i!,HJI Shared,exp::control,HJI_C17 TransitiveIntransitive,HJI_C17 TransitiveIntransitive exp::control
1498349436178,b&_ws}xAn@,HJI Shared,exp::control,HJI_C17 TransitiveIntransitive,HJI_C17 TransitiveIntransitive exp::control
1498349436179,sX{h4ox?wC,HJI Shared,exp::control,HJI_C17 TransitiveIntransitive,HJI_C17 TransitiveIntransitive exp::control
1498349436180,kS3}Sq%X3:,HJI Shared,exp::control,HJI_C17 TransitiveIntransitive,HJI_C17 TransitiveIntransitive exp::control
1498349436181,PH!{TA`+Z_,HJI Shared,exp::treatment,HJI_C17 TransitiveIntransitive,HJI_C17 TransitiveIntransitive exp::treatment
1498349436182,v+dtiLn[ko,HJI Shared,exp::control,HJI_C17 TransitiveIntransitive,HJI_C17 TransitiveIntransitive exp::control
1498349436183,ndtNnyru43,HJI Shared,exp::treatment,HJI_C17 TransitiveIntransitive,HJI_C17 TransitiveIntransitive exp::treatment
1498349436184,xTTO2a+aKv,HJI Shared,exp::treatment,HJI_C17 TransitiveIntransitive,HJI_C17 TransitiveIntransitive exp::treatment
1498349436185,DgiAeJ4;P~,HJI Shared,exp::treatment,HJI_C17 TransitiveIntransitive,HJI_C17 TransitiveIntransitive exp::treatment
1498349436186,QEe>%G2$}H,HJI Shared,exp::treatment,HJI_C17 TransitiveIntransitive,HJI_C17 TransitiveIntransitive exp::treatment
1498349436187,GKcuZp4?]a,HJI Shared,exp::treatment,HJI_C18 LifeExperiences,HJI_C18 LifeExperiences exp::treatment
1498349436188,itEe-mY=5A,HJI Shared,exp::treatment,HJI_C18 LifeExperiences,HJI_C18 LifeExperiences exp::treatment
1498349436189,pAoK}uzbOp,HJI Shared,exp::control,HJI_C18 LifeExperiences,HJI_C18 LifeExperiences exp::control
1498349436190,qKRiQH#_Jn,HJI Shared,exp::treatment,HJI_C18 LifeExperiences,HJI_C18 LifeExperiences exp::treatment
1498349436191,"sNRbCK,wrT",HJI Shared,exp::treatment,HJI_C18 LifeExperiences,HJI_C18 LifeExperiences exp::treatment
1498349436192,w$;m}e5teb,HJI Shared,exp::treatment,HJI_C18 LifeExperiences,HJI_C18 LifeExperiences exp::treatment
1498349436193,"ef,F%gm3>!",HJI Shared,exp::control,HJI_C18 LifeExperiences,HJI_C18 LifeExperiences exp::control
1498349436194,Iy~;<xt~pr,HJI Shared,exp::treatment,HJI_C18 LifeExperiences,HJI_C18 LifeExperiences exp::treatment
1498349436195,e-n@*UYf_<,HJI Shared,exp::treatment,HJI_C18 LifeExperiences,HJI_C18 LifeExperiences exp::treatment
1498349436196,Ad~K)FmF$],HJI Shared,exp::treatment,HJI_C18 LifeExperiences,HJI_C18 LifeExperiences exp::treatment
1498349436197,jdI#Br(4JP,HJI Shared,exp::control,HJI_C18 LifeExperiences,HJI_C18 LifeExperiences exp::control
1498349436198,s=En*T56Z+,HJI Shared,exp::control,HJI_C18 LifeExperiences,HJI_C18 LifeExperiences exp::control
1498349436199,v&Z;zYN:Zj,HJI Shared,exp::treatment,HJI_C18 LifeExperiences,HJI_C18 LifeExperiences exp::treatment
1498349436200,iu~j?yN}3Q,HJI Shared,exp::control,HJI_C18 LifeExperiences,HJI_C18 LifeExperiences exp::control
1498349436201,t?/-w]LwFd,HJI Shared,exp::treatment,HJI_C18 LifeExperiences,HJI_C18 LifeExperiences exp::treatment
1498349436202,rM9~O0=NS[,HJI Shared,exp::treatment,HJI_C18 LifeExperiences,HJI_C18 LifeExperiences exp::treatment
1498349436203,E<c*]=SRoL,HJI Shared,exp::treatment,HJI_C18 LifeExperiences,HJI_C18 LifeExperiences exp::treatment
1498349436204,o)DRRJBCdx,HJI Shared,exp::treatment,HJI_C18 LifeExperiences,HJI_C18 LifeExperiences exp::treatment
1498349436205,"Bs*%X8+tc,",HJI Shared,exp::control,HJI_C18 LifeExperiences,HJI_C18 LifeExperiences exp::control
1498349436206,FHZniXrMY.,HJI Shared,exp::treatment,HJI_C18 LifeExperiences,HJI_C18 LifeExperiences exp::treatment
1498349436207,wUZd]Qt^i(,HJI Shared,exp::control,HJI_C18 LifeExperiences,HJI_C18 LifeExperiences exp::control
1498349436208,Q<1t[dE5*/,HJI Shared,exp::treatment,HJI_C18 LifeExperiences,HJI_C18 LifeExperiences exp::treatment
1498349436209,QyL[cF/8-3,HJI Shared,exp::treatment,HJI_C18 LifeExperiences,HJI_C18 LifeExperiences exp::treatment
1498349436210,KI3LV%FjFn,HJI Shared,exp::control,HJI_C18 LifeExperiences,HJI_C18 LifeExperiences exp::control
1498349436211,Qe$dk]dt9k,HJI Shared,exp::treatment,HJI_C18 LifeExperiences,HJI_C18 LifeExperiences exp::treatment
1498349436212,"QqV%T,&}gF",HJI Shared,exp::treatment,HJI_C18 LifeExperiences,HJI_C18 LifeExperiences exp::treatment
1498349436213,zN9TDBxlTm,HJI Shared,exp::treatment,HJI_C18 LifeExperiences,HJI_C18 LifeExperiences exp::treatment
1498349436214,F:Wf8UaY<Z,HJI Shared,exp::control,HJI_C18 LifeExperiences,HJI_C18 LifeExperiences exp::control
1498349436215,A26;~W=NPF,HJI Shared,exp::treatment,HJI_C18 LifeExperiences,HJI_C18 LifeExperiences exp::treatment
1498349436216,dj6y8Loxc^,HJI Shared,exp::treatment,HJI_C18 LifeExperiences,HJI_C18 LifeExperiences exp::treatment
1498349436217,ea1sQScZa/,HJI Shared,exp::control,HJI_C18 LifeExperiences,HJI_C18 LifeExperiences exp::control
1498349436218,r#C}KkqOOx,HJI Shared,exp::control,HJI_C18 LifeExperiences,HJI_C18 LifeExperiences exp::control
1498349436219,xFN8]k*>bo,HJI Shared,exp::treatment,HJI_C18 LifeExperiences,HJI_C18 LifeExperiences exp::treatment
1498349436220,f9~89Ljh?/,HJI Shared,exp::treatment,HJI_C18 LifeExperiences,HJI_C18 LifeExperiences exp::treatment
1498349436221,<#x*rfF{z,HJI Shared,exp::treatment,HJI_C18 LifeExperiences,HJI_C18 LifeExperiences exp::treatment
1498349436222,l75%*>w?B`,HJI Shared,exp::treatment,HJI_C18 LifeExperiences,HJI_C18 LifeExperiences exp::treatment
1498349436223,e~JRU8DKUK,HJI Shared,exp::control,HJI_C18 LifeExperiences,HJI_C18 LifeExperiences exp::control
1498349436224,L|Eh?(V1U<,HJI Shared,exp::control,HJI_C18 LifeExperiences,HJI_C18 LifeExperiences exp::control
1498349436225,Kz_4Fr@2d!,HJI Shared,exp::control,HJI_C18 LifeExperiences,HJI_C18 LifeExperiences exp::control
1498349436226,GvA$=Lj(*m,HJI Shared,exp::control,HJI_C18 LifeExperiences,HJI_C18 LifeExperiences exp::control
1498349436227,Egz`y|kP,HJI Shared,exp::treatment,HJI_C18 LifeExperiences,HJI_C18 LifeExperiences exp::treatment
1498349436228,G?l]@IPMdz,HJI Shared,exp::control,HJI_C18 LifeExperiences,HJI_C18 LifeExperiences exp::control
1498349436229,AuzB<FDa4.,HJI Shared,exp::treatment,HJI_C18 LifeExperiences,HJI_C18 LifeExperiences exp::treatment
1498349436230,MGpOoAPI2K,HJI Shared,exp::treatment,HJI_C18 LifeExperiences,HJI_C18 LifeExperiences exp::treatment
1498349436231,KCx3XOJxh=,HJI Shared,exp::treatment,HJI_C18 LifeExperiences,HJI_C18 LifeExperiences exp::treatment
1498349436232,oT{.vPC9Mf,HJI Shared,exp::treatment,HJI_C18 LifeExperiences,HJI_C18 LifeExperiences exp::treatment
1498349436233,Gw]Jq0u39`,HJI Shared,exp::control,HJI_C18 LifeExperiences,HJI_C18 LifeExperiences exp::control
1498349436234,"x1RUg.+lR,",HJI Shared,exp::treatment,HJI_C18 LifeExperiences,HJI_C18 LifeExperiences exp::treatment
1498349436235,bA$s3cWOMG,HJI Shared,exp::treatment,HJI_C18 LifeExperiences,HJI_C18 LifeExperiences exp::treatment
1498349436236,QkziFVawh4,HJI Shared,exp::control,HJI_C18 LifeExperiences,HJI_C18 LifeExperiences exp::control
1498349436237,l$leK4WIbd,HJI Shared,exp::treatment,HJI_C18 LifeExperiences,HJI_C18 LifeExperiences exp::treatment
1498349436238,ug&m;9B0f(,HJI Shared,exp::control,HJI_C18 LifeExperiences,HJI_C18 LifeExperiences exp::control
1498349436239,o?XA~3FW?Q,HJI Shared,exp::treatment,HJI_C18 LifeExperiences,HJI_C18 LifeExperiences exp::treatment
1498349436240,H%b)EZ`h?f,HJI Shared,exp::control,HJI_C18 LifeExperiences,HJI_C18 LifeExperiences exp::control
1498349436241,"b}2!m+@D7,",HJI Shared,exp::treatment,HJI_C18 LifeExperiences,HJI_C18 LifeExperiences exp::treatment
1498349436242,b.HO9+q*A:,HJI Shared,exp::treatment,HJI_C18 LifeExperiences,HJI_C18 LifeExperiences exp::treatment
1498349436243,w$IC}N5Gw(,HJI Shared,exp::treatment,HJI_C18 LifeExperiences,HJI_C18 LifeExperiences exp::treatment
1498349436244,q=+;1L&13f,HJI Shared,exp::treatment,HJI_C18 LifeExperiences,HJI_C18 LifeExperiences exp::treatment
1498349436245,prT[E9___F,HJI Shared,exp::treatment,HJI_C18 LifeExperiences,HJI_C18 LifeExperiences exp::treatment
1498349436246,rQm5xCaRJ),HJI Shared,exp::treatment,HJI_C18 LifeExperiences,HJI_C18 LifeExperiences exp::treatment
1498349436247,"LU+!$4n,b,",HJI Shared,exp::treatment,HJI_C18 LifeExperiences,HJI_C18 LifeExperiences exp::treatment
1498349436248,y1y?vrGJcS,HJI Shared,exp::treatment,HJI_C18 LifeExperiences,HJI_C18 LifeExperiences exp::treatment
1498349436249,s82<a~~53.,HJI Shared,exp::treatment,HJI_C18 LifeExperiences,HJI_C18 LifeExperiences exp::treatment
1498349436250,ftkH0^UkMZ,HJI Shared,exp::control,HJI_C18 LifeExperiences,HJI_C18 LifeExperiences exp::control
1498349436251,"GxYJK;,9wr",HJI Shared,exp::treatment,HJI_C18 LifeExperiences,HJI_C18 LifeExperiences exp::treatment
1498349436252,lYy.B&?w0^,HJI Shared,exp::control,HJI_C18 LifeExperiences,HJI_C18 LifeExperiences exp::control
1498349436253,"Ff`wP)F&,2",HJI Shared,exp::control,Convenience HJI_C19,Convenience HJI_C19 exp::control
1498349436254,E_|IYByR6G,HJI Shared,exp::control,Convenience HJI_C19,Convenience HJI_C19 exp::control
1498349436255,E!#_Q|S^/j,HJI Shared,exp::control,Convenience HJI_C19,Convenience HJI_C19 exp::control
1498349436256,n^ZZ6d_`T2,HJI Shared,exp::treatment,Convenience HJI_C19,Convenience HJI_C19 exp::treatment
1498349436257,hdL<q[IQz:,HJI Shared,exp::treatment,Convenience HJI_C19,Convenience HJI_C19 exp::treatment
1498349436258,o@TzaxM?LH,HJI Shared,exp::treatment,Convenience HJI_C19,Convenience HJI_C19 exp::treatment
1498349436259,kfeQ=q}DZj,HJI Shared,exp::treatment,Convenience HJI_C19,Convenience HJI_C19 exp::treatment
1498349436260,wG/AW1fh#(,HJI Shared,exp::treatment,Convenience HJI_C19,Convenience HJI_C19 exp::treatment
1498349436261,I~hamC:lvK,HJI Shared,exp::control,Convenience HJI_C19,Convenience HJI_C19 exp::control
1498349436262,sr_i|Pq9aA,HJI Shared,exp::control,Convenience HJI_C19,Convenience HJI_C19 exp::control
1498349436263,K3saX}QY+/,HJI Shared,exp::control,Convenience HJI_C19,Convenience HJI_C19 exp::control
1498349436264,Pz>e0|<0<,HJI Shared,exp::treatment,Convenience HJI_C19,Convenience HJI_C19 exp::treatment
1498349436265,vVPeH4`gHj,HJI Shared,exp::treatment,Convenience HJI_C19,Convenience HJI_C19 exp::treatment
1498349436266,x0b-33Pv:N,HJI Shared,exp::control,Convenience HJI_C19,Convenience HJI_C19 exp::control
1498349436267,Bpv1SCpk[p,HJI Shared,exp::control,Convenience HJI_C19,Convenience HJI_C19 exp::control
1498349436268,mV!9ZWk`no,HJI Shared,exp::control,Convenience HJI_C19,Convenience HJI_C19 exp::control
1498349436269,n;?04leNLd,HJI Shared,exp::treatment,Convenience HJI_C19,Convenience HJI_C19 exp::treatment
1498349436270,Gp&+lSh9dZ,HJI Shared,exp::control,Convenience HJI_C19,Convenience HJI_C19 exp::control
1498349436271,J-DIlKq<+9,HJI Shared,exp::control,Convenience HJI_C19,Convenience HJI_C19 exp::control
1498349436272,"kS6%6X,Z4F",HJI Shared,exp::treatment,Convenience HJI_C19,Convenience HJI_C19 exp::treatment
1498349436273,KBTtIr%n;P,HJI Shared,exp::treatment,Convenience HJI_C19,Convenience HJI_C19 exp::treatment
1498349436274,bdg02=)3Zk,HJI Shared,exp::control,Convenience HJI_C19,Convenience HJI_C19 exp::control
1498349436275,f>`;+O!c[O,HJI Shared,exp::treatment,Convenience HJI_C19,Convenience HJI_C19 exp::treatment
1498349436276,NvpF/Q?Le(,HJI Shared,exp::control,Convenience HJI_C19,Convenience HJI_C19 exp::control
1498349436277,I$NZ%hiBY5,HJI Shared,exp::treatment,Convenience HJI_C19,Convenience HJI_C19 exp::treatment
1498349436278,iZo/^T*DgO,HJI Shared,exp::control,Convenience HJI_C19,Convenience HJI_C19 exp::control
1498349436279,rcXGy5hg=&,HJI Shared,exp::control,Convenience HJI_C19,Convenience HJI_C19 exp::control
1498349436280,<_+;|Wo61,HJI Shared,exp::treatment,Convenience HJI_C19,Convenience HJI_C19 exp::treatment
1498349436281,i)%M6P>W{;,HJI Shared,exp::treatment,Convenience HJI_C19,Convenience HJI_C19 exp::treatment
1498349436282,PiwvjW/@ac,HJI Shared,exp::treatment,Convenience HJI_C19,Convenience HJI_C19 exp::treatment
1498349436283,v]d1<~c6(C,HJI Shared,exp::control,Convenience HJI_C19,Convenience HJI_C19 exp::control
1498349436284,"ha[+5#,`)|",HJI Shared,exp::treatment,Convenience HJI_C19,Convenience HJI_C19 exp::treatment
1498349436285,O;Q?xM45yV,HJI Shared,exp::treatment,Convenience HJI_C19,Convenience HJI_C19 exp::treatment
1498349436286,"Is6Yj#,x;!",HJI Shared,exp::treatment,Convenience HJI_C19,Convenience HJI_C19 exp::treatment
1498349436287,iJ&%6WxU76,HJI Shared,exp::treatment,Convenience HJI_C19,Convenience HJI_C19 exp::treatment
1498349436288,JV$f)V6&#t,HJI Shared,exp::treatment,Convenience HJI_C19,Convenience HJI_C19 exp::treatment
1498349436289,M2kpm4S?5H,HJI Shared,exp::control,Convenience HJI_C19,Convenience HJI_C19 exp::control
1498349436290,d.mOd+~yKd,HJI Shared,exp::treatment,Convenience HJI_C19,Convenience HJI_C19 exp::treatment
1498349436291,un|:knq^F*,HJI Shared,exp::treatment,Convenience HJI_C19,Convenience HJI_C19 exp::treatment
1498349436292,zXXnAst02[,HJI Shared,exp::treatment,Convenience HJI_C19,Convenience HJI_C19 exp::treatment
1498349436293,j/HqM8s~$T,HJI Shared,exp::treatment,Convenience HJI_C19,Convenience HJI_C19 exp::treatment
1498349436294,zOAFMZuvc`,HJI Shared,exp::control,Convenience HJI_C19,Convenience HJI_C19 exp::control
1498349436295,i])r.E.G^(,HJI Shared,exp::control,Convenience HJI_C19,Convenience HJI_C19 exp::control
1498349436296,H$:UBbk8Bc,HJI Shared,exp::control,Convenience HJI_C19,Convenience HJI_C19 exp::control
1498349436297,"c+,.~gMU]3",HJI Shared,exp::control,Convenience HJI_C19,Convenience HJI_C19 exp::control
1498349436298,f@0]B7g3cK,HJI Shared,exp::control,Convenience HJI_C19,Convenience HJI_C19 exp::control
1498349436299,oeX<!/l.mI,HJI Shared,exp::treatment,Convenience HJI_C19,Convenience HJI_C19 exp::treatment
1498349436300,f+&*ma/d~d,HJI Shared,exp::treatment,Convenience HJI_C19,Convenience HJI_C19 exp::treatment
1498349436301,N%e#QfBvrf,HJI Shared,exp::control,Convenience HJI_C19,Convenience HJI_C19 exp::control
1498349436302,pI5JC=KV(&,HJI Shared,exp::control,Convenience HJI_C19,Convenience HJI_C19 exp::control
1498349436303,JpZSIa*@k/,HJI Shared,exp::treatment,Convenience HJI_C19,Convenience HJI_C19 exp::treatment
1498349436304,r_M:m=JyTU,HJI Shared,exp::control,Convenience HJI_C19,Convenience HJI_C19 exp::control
1498349436305,dqZUg4QH)u,HJI Shared,exp::treatment,Convenience HJI_C19,Convenience HJI_C19 exp::treatment
1498349436306,I/a.D*m:cq,HJI Shared,exp::control,Convenience HJI_C19,Convenience HJI_C19 exp::control
1498349436307,jg-[-51H0*,HJI Shared,exp::treatment,Convenience HJI_C19,Convenience HJI_C19 exp::treatment
1498349436308,"yZkP*,[gy*",HJI Shared,exp::treatment,Convenience HJI_C19,Convenience HJI_C19 exp::treatment
1498349436309,Dx`Qe(b>vd,HJI Shared,exp::treatment,Convenience HJI_C19,Convenience HJI_C19 exp::treatment
1498349436310,m{CS&I0]^S,HJI Shared,exp::treatment,Convenience HJI_C19,Convenience HJI_C19 exp::treatment
1498349436311,P4f*bh52-M,HJI Shared,exp::control,Convenience HJI_C19,Convenience HJI_C19 exp::control
1498349436312,CyiZs$Gho:,HJI Shared,exp::control,Convenience HJI_C19,Convenience HJI_C19 exp::control
1498349436313,n)jnb>-:^s,HJI Shared,exp::control,Convenience HJI_C19,Convenience HJI_C19 exp::control
1498349436314,PqNYc~qUlL,HJI Shared,exp::control,Convenience HJI_C19,Convenience HJI_C19 exp::control
1498349436315,h?1#gXL9S$,HJI Shared,exp::treatment,Convenience HJI_C19,Convenience HJI_C19 exp::treatment
1498349436316,u@ZkIdDeZ|,HJI Shared,exp::control,Convenience HJI_C19,Convenience HJI_C19 exp::control
1498349436317,Aw;T2nSQ%g,HJI Shared,exp::treatment,Convenience HJI_C19,Convenience HJI_C19 exp::treatment
1498349436318,1Phc>GwN|,HJI Shared,exp::control,Convenience HJI_C19,Convenience HJI_C19 exp::control
1498349436319,^wNX^q2/A,HJI Shared,exp::treatment,Convenience HJI_C19,Convenience HJI_C19 exp::treatment
1498349436320,K1SGo?.eYL,HJI Shared,exp::control,Convenience HJI_C19,Convenience HJI_C19 exp::control
1498349436321,"Jp<|7H!>,F",HJI Shared,exp::control,Convenience HJI_C19,Convenience HJI_C19 exp::control
1498349436322,v)JOz+1{LM,HJI Shared,exp::control,Convenience HJI_C19,Convenience HJI_C19 exp::control
1498349436323,j69+OTLwRB,HJI Shared,exp::treatment,Convenience HJI_C19,Convenience HJI_C19 exp::treatment
1498349436324,p_8~_@tx=M,HJI Shared,exp::treatment,Convenience HJI_C19,Convenience HJI_C19 exp::treatment
1498349436325,wLd(84:|4P,HJI Shared,exp::treatment,Convenience HJI_C19,Convenience HJI_C19 exp::treatment
1498349436326,t}>NrK.5fb,HJI Shared,exp::treatment,Convenience HJI_C19,Convenience HJI_C19 exp::treatment
1498349436327,G0NJ=nxE-(,HJI Shared,exp::treatment,Convenience HJI_C19,Convenience HJI_C19 exp::treatment
1498349436328,xdEm29L^3+,HJI Shared,exp::treatment,Convenience HJI_C19,Convenience HJI_C19 exp::treatment
1498349436329,cP5sd5}L%;,HJI Shared,exp::treatment,Convenience HJI_C19,Convenience HJI_C19 exp::treatment
1498349436330,OpW@U;2b{?,HJI Shared,exp::control,Convenience HJI_C19,Convenience HJI_C19 exp::control
1498349436331,"E}~M%RvJC,",HJI Shared,exp::control,Convenience HJI_C19,Convenience HJI_C19 exp::control
1498349436332,iX%{zi-~S_,HJI Shared,exp::treatment,Convenience HJI_C19,Convenience HJI_C19 exp::treatment
1498349436333,D3BFmD>n6V,HJI Shared,exp::treatment,Convenience HJI_C19,Convenience HJI_C19 exp::treatment
1498349436334,xz0V2-:mzN,HJI Shared,exp::treatment,Convenience HJI_C19,Convenience HJI_C19 exp::treatment
1498349436335,Pi&3jI!xpF,HJI Shared,exp::control,Convenience HJI_C19,Convenience HJI_C19 exp::control
1498349436336,qCk(Fgb1(r,HJI Shared,exp::treatment,Convenience HJI_C19,Convenience HJI_C19 exp::treatment
1498349436337,oSWY7pz.>V,HJI Shared,exp::control,CurrentStatus HJI_C20,CurrentStatus HJI_C20 exp::control
1498349436338,h8>+k[eQ(l,HJI Shared,exp::treatment,CurrentStatus HJI_C20,CurrentStatus HJI_C20 exp::treatment
1498349436339,o]zU-n%AM6,HJI Shared,exp::control,CurrentStatus HJI_C20,CurrentStatus HJI_C20 exp::control
1498349436340,c(zzPgj|$c,HJI Shared,exp::treatment,CurrentStatus HJI_C20,CurrentStatus HJI_C20 exp::treatment
1498349436341,c!Zmq#|T4>,HJI Shared,exp::control,CurrentStatus HJI_C20,CurrentStatus HJI_C20 exp::control
1498349436342,ES].]|#v0q,HJI Shared,exp::treatment,CurrentStatus HJI_C20,CurrentStatus HJI_C20 exp::treatment
1498349436343,z/[&BzXq({,HJI Shared,exp::control,CurrentStatus HJI_C20,CurrentStatus HJI_C20 exp::control
1498349436344,PSaNA!lso8,HJI Shared,exp::treatment,CurrentStatus HJI_C20,CurrentStatus HJI_C20 exp::treatment
1498349436345,hRa+vX#:1A,HJI Shared,exp::control,CurrentStatus HJI_C20,CurrentStatus HJI_C20 exp::control
1498349436346,Fl(}q[^7EZ,HJI Shared,exp::control,CurrentStatus HJI_C20,CurrentStatus HJI_C20 exp::control
1498349436347,fi/JQ6`n9y,HJI Shared,exp::control,CurrentStatus HJI_C20,CurrentStatus HJI_C20 exp::control
1498349436348,seOKH7u2Q;,HJI Shared,exp::control,CurrentStatus HJI_C20,CurrentStatus HJI_C20 exp::control
1498349436349,vt.a@w%SPE,HJI Shared,exp::treatment,CurrentStatus HJI_C20,CurrentStatus HJI_C20 exp::treatment
1498349436350,"cz,!KF0MOV",HJI Shared,exp::control,CurrentStatus HJI_C20,CurrentStatus HJI_C20 exp::control
1498349436351,"Lb36,;5f5G",HJI Shared,exp::control,CurrentStatus HJI_C20,CurrentStatus HJI_C20 exp::control
1498349436352,"e__8!UfOF,",HJI Shared,exp::treatment,CurrentStatus HJI_C20,CurrentStatus HJI_C20 exp::treatment
1498349436353,"HN,y;!.Pz{",HJI Shared,exp::control,CurrentStatus HJI_C20,CurrentStatus HJI_C20 exp::control
1498349436354,w~>2eV;h:i,HJI Shared,exp::treatment,CurrentStatus HJI_C20,CurrentStatus HJI_C20 exp::treatment
1498349436355,N:jNz<FK{B,HJI Shared,exp::treatment,CurrentStatus HJI_C20,CurrentStatus HJI_C20 exp::treatment
1498349436356,rLfZjQDXF9,HJI Shared,exp::control,CurrentStatus HJI_C20,CurrentStatus HJI_C20 exp::control
1498349436357,p<Lm.6nLi#,HJI Shared,exp::control,CurrentStatus HJI_C20,CurrentStatus HJI_C20 exp::control
1498349436358,iC2K/D?edr,HJI Shared,exp::treatment,CurrentStatus HJI_C20,CurrentStatus HJI_C20 exp::treatment
1498349436359,gy&c+6n}s<,HJI Shared,exp::treatment,CurrentStatus HJI_C20,CurrentStatus HJI_C20 exp::treatment
1498349436360,LwJMtRPdmh,HJI Shared,exp::control,CurrentStatus HJI_C20,CurrentStatus HJI_C20 exp::control
1498349436361,Ap:=t!w{.H,HJI Shared,exp::control,CurrentStatus HJI_C20,CurrentStatus HJI_C20 exp::control
1498349436362,A9;H8}YN.1,HJI Shared,exp::control,CurrentStatus HJI_C20,CurrentStatus HJI_C20 exp::control
1498349436363,xlO:Y|`Ygb,HJI Shared,exp::treatment,CurrentStatus HJI_C20,CurrentStatus HJI_C20 exp::treatment
1498349436364,"kpW,Z&mY*%",HJI Shared,exp::treatment,CurrentStatus HJI_C20,CurrentStatus HJI_C20 exp::treatment
1498349436365,"t,VJ=xRWeS",HJI Shared,exp::treatment,CurrentStatus HJI_C20,CurrentStatus HJI_C20 exp::treatment
1498349436366,mj+`GQAX28,HJI Shared,exp::control,CurrentStatus HJI_C20,CurrentStatus HJI_C20 exp::control
1498349436367,M&epE-][o&,HJI Shared,exp::control,CurrentStatus HJI_C20,CurrentStatus HJI_C20 exp::control
1498349436368,L?KGsIpMdr,HJI Shared,exp::treatment,CurrentStatus HJI_C20,CurrentStatus HJI_C20 exp::treatment
1498349436369,ks1(f[@I!m,HJI Shared,exp::treatment,CurrentStatus HJI_C20,CurrentStatus HJI_C20 exp::treatment
1498349436370,"kY,Z}Lm[cB",HJI Shared,exp::treatment,CurrentStatus HJI_C20,CurrentStatus HJI_C20 exp::treatment
1498349436371,K~hD`$*F8:,HJI Shared,exp::treatment,CurrentStatus HJI_C20,CurrentStatus HJI_C20 exp::treatment
1498349436372,g:Pz5&AbG2,HJI Shared,exp::treatment,CurrentStatus HJI_C20,CurrentStatus HJI_C20 exp::treatment
1498349436373,vGsGOxo#Jj,HJI Shared,exp::treatment,CurrentStatus HJI_C20,CurrentStatus HJI_C20 exp::treatment
1498349436374,L4L+IJr&[*,HJI Shared,exp::control,CurrentStatus HJI_C20,CurrentStatus HJI_C20 exp::control
1498349436375,"O<MLX,$iT9",HJI Shared,exp::control,CurrentStatus HJI_C20,CurrentStatus HJI_C20 exp::control
1498349436376,f>0AYxnGo},HJI Shared,exp::control,CurrentStatus HJI_C20,CurrentStatus HJI_C20 exp::control
1498349436377,kq~b#&I#Q1,HJI Shared,exp::control,CurrentStatus HJI_C20,CurrentStatus HJI_C20 exp::control
1498349436378,H{;I{]Oq]],HJI Shared,exp::treatment,CurrentStatus HJI_C20,CurrentStatus HJI_C20 exp::treatment
1498349436379,L./b4I_zp-,HJI Shared,exp::treatment,CurrentStatus HJI_C20,CurrentStatus HJI_C20 exp::treatment
1498349436380,kvK0&8S&RN,HJI Shared,exp::control,CurrentStatus HJI_C20,CurrentStatus HJI_C20 exp::control
1498349436381,v$G;|8L.bM,HJI Shared,exp::treatment,CurrentStatus HJI_C20,CurrentStatus HJI_C20 exp::treatment
1498349436382,dkVlN-]i^q,HJI Shared,exp::control,CurrentStatus HJI_C20,CurrentStatus HJI_C20 exp::control
1498349436383,"A5,dOEdJ6{",HJI Shared,exp::treatment,CurrentStatus HJI_C20,CurrentStatus HJI_C20 exp::treatment
1498349436384,"NtCS,z6H!n",HJI Shared,exp::control,CurrentStatus HJI_C20,CurrentStatus HJI_C20 exp::control
1498349436385,BIY.aMfdm/,HJI Shared,exp::treatment,CurrentStatus HJI_C20,CurrentStatus HJI_C20 exp::treatment
1498349436386,urQBr?}d~x,HJI Shared,exp::treatment,CurrentStatus HJI_C20,CurrentStatus HJI_C20 exp::treatment
1498349436387,w8EGhQWRBK,HJI Shared,exp::treatment,CurrentStatus HJI_C20,CurrentStatus HJI_C20 exp::treatment
1498349436388,Lyv<4%i(z,HJI Shared,exp::treatment,CurrentStatus HJI_C20,CurrentStatus HJI_C20 exp::treatment
1498349436389,eH_H;:>jp+,HJI Shared,exp::treatment,CurrentStatus HJI_C20,CurrentStatus HJI_C20 exp::treatment
1498349436390,"FiFiZ!e*^,",HJI Shared,exp::treatment,CurrentStatus HJI_C20,CurrentStatus HJI_C20 exp::treatment
1498349436391,qgPNS2@YPU,HJI Shared,exp::treatment,CurrentStatus HJI_C20,CurrentStatus HJI_C20 exp::treatment
1498349436392,"s,pre=}-Ib",HJI Shared,exp::treatment,CurrentStatus HJI_C20,CurrentStatus HJI_C20 exp::treatment
1498349436393,GY%dvkjc)v,HJI Shared,exp::treatment,CurrentStatus HJI_C20,CurrentStatus HJI_C20 exp::treatment
1498349436394,yc%>O3A6Lj,HJI Shared,exp::treatment,CurrentStatus HJI_C20,CurrentStatus HJI_C20 exp::treatment
1498349436395,hxqb;=hHOW,HJI Shared,exp::treatment,CurrentStatus HJI_C20,CurrentStatus HJI_C20 exp::treatment
1498349436396,Q^{1Ipq(Ld,HJI Shared,exp::treatment,CurrentStatus HJI_C20,CurrentStatus HJI_C20 exp::treatment
1498349436397,Gu:Rm<Cw8i,HJI Shared,exp::treatment,CurrentStatus HJI_C20,CurrentStatus HJI_C20 exp::treatment
1498349436398,Ip`(|ZB`w<,HJI Shared,exp::control,CurrentStatus HJI_C20,CurrentStatus HJI_C20 exp::control
1498349436399,HB_bYmh8;M,HJI Shared,exp::treatment,CurrentStatus HJI_C20,CurrentStatus HJI_C20 exp::treatment
1498349436400,N]vyE*i(+3,HJI Shared,exp::treatment,CurrentStatus HJI_C20,CurrentStatus HJI_C20 exp::treatment
1498349436401,J2+i.]H2ru,HJI Shared,exp::control,CurrentStatus HJI_C20,CurrentStatus HJI_C20 exp::control
1498349436402,f-x%<[A>/#,HJI Shared,exp::treatment,CurrentStatus HJI_C20,CurrentStatus HJI_C20 exp::treatment
1498349436403,AB>w5FIdZ/,HJI Shared,exp::treatment,CurrentStatus HJI_C20,CurrentStatus HJI_C20 exp::treatment
1498349436404,o+Cp~W`+wE,HJI Shared,exp::treatment,CurrentStatus HJI_C20,CurrentStatus HJI_C20 exp::treatment
1498349436405,lFrh(B+PEi,HJI Shared,exp::control,CurrentStatus HJI_C20,CurrentStatus HJI_C20 exp::control
1498349436406,PVMZB~;4Uk,HJI Shared,exp::control,CurrentStatus HJI_C20,CurrentStatus HJI_C20 exp::control
1498349436407,"wi,7C|?AgH",HJI Shared,exp::treatment,CurrentStatus HJI_C20,CurrentStatus HJI_C20 exp::treatment
1498349436408,gLNi7Z/w>(,HJI Shared,exp::treatment,CurrentStatus HJI_C20,CurrentStatus HJI_C20 exp::treatment
1498349436409,wP&vd;g6^?,HJI Shared,exp::control,CurrentStatus HJI_C20,CurrentStatus HJI_C20 exp::control
1498349436410,INdTh2rc1:,HJI Shared,exp::treatment,CurrentStatus HJI_C20,CurrentStatus HJI_C20 exp::treatment
1498349436411,f!x<$66v8u,HJI Shared,exp::treatment,CurrentStatus HJI_C20,CurrentStatus HJI_C20 exp::treatment
1498349436412,w^4xk-e>%J,HJI Shared,exp::control,CurrentStatus HJI_C20,CurrentStatus HJI_C20 exp::control
1498349436413,lw09aR8nmh,HJI Shared,exp::control,CurrentStatus HJI_C20,CurrentStatus HJI_C20 exp::control
1498349436414,]4)bg6F>J,HJI Shared,exp::treatment,EmbeddedQuestions HJI_C21,EmbeddedQuestions HJI_C21 exp::treatment
1498349436415,P5-e}4nWSk,HJI Shared,exp::control,EmbeddedQuestions HJI_C21,EmbeddedQuestions HJI_C21 exp::control
1498349436416,lFx#CXd.B@,HJI Shared,exp::treatment,EmbeddedQuestions HJI_C21,EmbeddedQuestions HJI_C21 exp::treatment
1498349436417,PB6RIT[{Wj,HJI Shared,exp::control,EmbeddedQuestions HJI_C21,EmbeddedQuestions HJI_C21 exp::control
1498349436418,P~k[NX2@2K,HJI Shared,exp::control,EmbeddedQuestions HJI_C21,EmbeddedQuestions HJI_C21 exp::control
1498349436419,oNjJJfn?fl,HJI Shared,exp::control,EmbeddedQuestions HJI_C21,EmbeddedQuestions HJI_C21 exp::control
1498349436420,cv^}fU;G7x,HJI Shared,exp::control,EmbeddedQuestions HJI_C21,EmbeddedQuestions HJI_C21 exp::control
1498349436421,DlA5CN7BGi,HJI Shared,exp::control,EmbeddedQuestions HJI_C21,EmbeddedQuestions HJI_C21 exp::control
1498349436422,kk-X16y)@W,HJI Shared,exp::control,EmbeddedQuestions HJI_C21,EmbeddedQuestions HJI_C21 exp::control
1498349436423,"e!{lv]K,~G",HJI Shared,exp::treatment,EmbeddedQuestions HJI_C21,EmbeddedQuestions HJI_C21 exp::treatment
1498349436424,ht7ontrBC],HJI Shared,exp::treatment,EmbeddedQuestions HJI_C21,EmbeddedQuestions HJI_C21 exp::treatment
1498349436425,L]/!;uZo*q,HJI Shared,exp::control,EmbeddedQuestions HJI_C21,EmbeddedQuestions HJI_C21 exp::control
1498349436426,svo<Tw3?x{,HJI Shared,exp::control,EmbeddedQuestions HJI_C21,EmbeddedQuestions HJI_C21 exp::control
1498349436427,wStc1`}b@d,HJI Shared,exp::control,EmbeddedQuestions HJI_C21,EmbeddedQuestions HJI_C21 exp::control
1498349436428,gSpc8iH2q6,HJI Shared,exp::control,EmbeddedQuestions HJI_C21,EmbeddedQuestions HJI_C21 exp::control
1498349436429,HZ`}NKi^cO,HJI Shared,exp::treatment,EmbeddedQuestions HJI_C21,EmbeddedQuestions HJI_C21 exp::treatment
1498349436430,PG%bQxa3Af,HJI Shared,exp::control,EmbeddedQuestions HJI_C21,EmbeddedQuestions HJI_C21 exp::control
1498349436431,OU6*]O*Os{,HJI Shared,exp::treatment,EmbeddedQuestions HJI_C21,EmbeddedQuestions HJI_C21 exp::treatment
1498349436432,M91Z{TDB~w,HJI Shared,exp::treatment,EmbeddedQuestions HJI_C21,EmbeddedQuestions HJI_C21 exp::treatment
1498349436433,OnYi{b`c+n,HJI Shared,exp::control,EmbeddedQuestions HJI_C21,EmbeddedQuestions HJI_C21 exp::control
1498349436434,l-{aDr|C%7,HJI Shared,exp::control,EmbeddedQuestions HJI_C21,EmbeddedQuestions HJI_C21 exp::control
1498349436435,yT8RChGll(,HJI Shared,exp::treatment,EmbeddedQuestions HJI_C21,EmbeddedQuestions HJI_C21 exp::treatment
1498349436436,q6DznDEE-B,HJI Shared,exp::control,EmbeddedQuestions HJI_C21,EmbeddedQuestions HJI_C21 exp::control
1498349436437,G%|#S*JZp4,HJI Shared,exp::treatment,EmbeddedQuestions HJI_C21,EmbeddedQuestions HJI_C21 exp::treatment
1498349436438,e;xlvztx*q,HJI Shared,exp::control,EmbeddedQuestions HJI_C21,EmbeddedQuestions HJI_C21 exp::control
1498349436439,H(nXz1c|B/,HJI Shared,exp::treatment,EmbeddedQuestions HJI_C21,EmbeddedQuestions HJI_C21 exp::treatment
1498349436440,yjopNQh@]A,HJI Shared,exp::control,EmbeddedQuestions HJI_C21,EmbeddedQuestions HJI_C21 exp::control
1498349436441,HA~eB({nWQ,HJI Shared,exp::control,EmbeddedQuestions HJI_C21,EmbeddedQuestions HJI_C21 exp::control
1498349436442,HdF|n81_]E,HJI Shared,exp::treatment,EmbeddedQuestions HJI_C21,EmbeddedQuestions HJI_C21 exp::treatment
1498349436443,zex{TKLIB],HJI Shared,exp::control,EmbeddedQuestions HJI_C21,EmbeddedQuestions HJI_C21 exp::control
1498349436444,f^h<fjP_n},HJI Shared,exp::treatment,EmbeddedQuestions HJI_C21,EmbeddedQuestions HJI_C21 exp::treatment
1498349436445,d>ne4N(])w,HJI Shared,exp::control,EmbeddedQuestions HJI_C21,EmbeddedQuestions HJI_C21 exp::control
1498349436446,FnnrB_^Q8[,HJI Shared,exp::treatment,EmbeddedQuestions HJI_C21,EmbeddedQuestions HJI_C21 exp::treatment
1498349436447,s6e{JgbCGJ,HJI Shared,exp::treatment,EmbeddedQuestions HJI_C21,EmbeddedQuestions HJI_C21 exp::treatment
1498349436448,"m3U,u$<Hg@",HJI Shared,exp::control,EmbeddedQuestions HJI_C21,EmbeddedQuestions HJI_C21 exp::control
1498349436449,F5l%]55m^|,HJI Shared,exp::control,EmbeddedQuestions HJI_C21,EmbeddedQuestions HJI_C21 exp::control
1498349436450,"p^c,x52W3a",HJI Shared,exp::treatment,EmbeddedQuestions HJI_C21,EmbeddedQuestions HJI_C21 exp::treatment
1498349436451,L7huuNtGIz,HJI Shared,exp::treatment,EmbeddedQuestions HJI_C21,EmbeddedQuestions HJI_C21 exp::treatment
1498349436452,"PuRj1l6q,g",HJI Shared,exp::control,EmbeddedQuestions HJI_C21,EmbeddedQuestions HJI_C21 exp::control
1498349436453,iJ;16UWh65,HJI Shared,exp::treatment,EmbeddedQuestions HJI_C21,EmbeddedQuestions HJI_C21 exp::treatment
1498349436454,x[E)^s:8lK,HJI Shared,exp::control,EmbeddedQuestions HJI_C21,EmbeddedQuestions HJI_C21 exp::control
1498349436455,bj>e)o7b>a,HJI Shared,exp::treatment,EmbeddedQuestions HJI_C21,EmbeddedQuestions HJI_C21 exp::treatment
1498349436456,H&0+bp%3E^,HJI Shared,exp::control,EmbeddedQuestions HJI_C21,EmbeddedQuestions HJI_C21 exp::control
1498349436457,baS=pF#?`,HJI Shared,exp::control,EmbeddedQuestions HJI_C21,EmbeddedQuestions HJI_C21 exp::control
1498349436458,NKzof6dK9w,HJI Shared,exp::control,EmbeddedQuestions HJI_C21,EmbeddedQuestions HJI_C21 exp::control
1498349436459,"gi,+E{;h:c",HJI Shared,exp::treatment,EmbeddedQuestions HJI_C21,EmbeddedQuestions HJI_C21 exp::treatment
1498349436460,JVq~&}>8i,HJI Shared,exp::treatment,EmbeddedQuestions HJI_C21,EmbeddedQuestions HJI_C21 exp::treatment
1498349436461,N88DlLm^92,HJI Shared,exp::control,EmbeddedQuestions HJI_C21,EmbeddedQuestions HJI_C21 exp::control
1498349436462,n3iLs1<_Fm,HJI Shared,exp::control,EmbeddedQuestions HJI_C21,EmbeddedQuestions HJI_C21 exp::control
1498349436463,MRr:!YRQ`4,HJI Shared,exp::treatment,EmbeddedQuestions HJI_C21,EmbeddedQuestions HJI_C21 exp::treatment
1498349436464,H7Lo0>sFVf,HJI Shared,exp::control,EmbeddedQuestions HJI_C21,EmbeddedQuestions HJI_C21 exp::control
1498349436465,PUZJAMJ%A{,HJI Shared,exp::treatment,EmbeddedQuestions HJI_C21,EmbeddedQuestions HJI_C21 exp::treatment
1498349436466,Pbz2w)#lnm,HJI Shared,exp::treatment,EmbeddedQuestions HJI_C21,EmbeddedQuestions HJI_C21 exp::treatment
1498349436467,"y,U3oD!0yY",HJI Shared,exp::control,EmbeddedQuestions HJI_C21,EmbeddedQuestions HJI_C21 exp::control
1498349436468,MN.oRD>g+&,HJI Shared,exp::control,EmbeddedQuestions HJI_C21,EmbeddedQuestions HJI_C21 exp::control
1498349436469,Jo>Dt%n3@y,HJI Shared,exp::treatment,EmbeddedQuestions HJI_C21,EmbeddedQuestions HJI_C21 exp::treatment
1498349436470,Mv1ZqT/6|8,HJI Shared,exp::treatment,EmbeddedQuestions HJI_C21,EmbeddedQuestions HJI_C21 exp::treatment
1498349436471,KIJ]U/Y$Rv,HJI Shared,exp::control,EmbeddedQuestions HJI_C21,EmbeddedQuestions HJI_C21 exp::control
1498349436472,tQ/lw$5Q=M,HJI Shared,exp::control,EmbeddedQuestions HJI_C21,EmbeddedQuestions HJI_C21 exp::control
1498349436473,O-o`WUg$0N,HJI Shared,exp::control,EmbeddedQuestions HJI_C21,EmbeddedQuestions HJI_C21 exp::control
1498349436474,fuP5aU[F*5,HJI Shared,exp::treatment,EmbeddedQuestions HJI_C21,EmbeddedQuestions HJI_C21 exp::treatment
1498349436475,y`kBis_i)4,HJI Shared,exp::treatment,EmbeddedQuestions HJI_C21,EmbeddedQuestions HJI_C21 exp::treatment
1498349436476,jaxJ-r{DMd,HJI Shared,exp::treatment,EmbeddedQuestions HJI_C21,EmbeddedQuestions HJI_C21 exp::treatment
1498349436477,q}|jA/+[0I,HJI Shared,exp::control,EmbeddedQuestions HJI_C21,EmbeddedQuestions HJI_C21 exp::control
1498349436478,E-X0P%t_=),HJI Shared,exp::treatment,EmbeddedQuestions HJI_C21,EmbeddedQuestions HJI_C21 exp::treatment
1498349436479,oZ:yXMF{`j,HJI Shared,exp::control,EmbeddedQuestions HJI_C21,EmbeddedQuestions HJI_C21 exp::control
1498349436480,o_JBDWQE($,HJI Shared,exp::treatment,EmbeddedQuestions HJI_C21,EmbeddedQuestions HJI_C21 exp::treatment
1498349436481,"qe,g=BRlbk",HJI Shared,exp::treatment,EmbeddedQuestions HJI_C21,EmbeddedQuestions HJI_C21 exp::treatment
1498349436482,o_z7v*<dd5,HJI Shared,exp::control,EmbeddedQuestions HJI_C21,EmbeddedQuestions HJI_C21 exp::control
1498349436483,lNi*L9&2Fb,HJI Shared,exp::control,EmbeddedQuestions HJI_C21,EmbeddedQuestions HJI_C21 exp::control
1498349436484,g>M7z#>c!L,HJI Shared,exp::control,EmbeddedQuestions HJI_C21,EmbeddedQuestions HJI_C21 exp::control
1498349436485,ba;3Da]R?n,HJI Shared,exp::treatment,EmbeddedQuestions HJI_C21,EmbeddedQuestions HJI_C21 exp::treatment
1498349436486,Cu$k]_jfv%,HJI Shared,exp::control,EmbeddedQuestions HJI_C21,EmbeddedQuestions HJI_C21 exp::control
1498349436487,QePDc3%yfM,HJI Shared,exp::treatment,EmbeddedQuestions HJI_C21,EmbeddedQuestions HJI_C21 exp::treatment
1498349436488,c(Y[`dr8Se,HJI Shared,exp::control,EmbeddedQuestions HJI_C21,EmbeddedQuestions HJI_C21 exp::control
1498349436489,cOFkQMaa<k,HJI Shared,exp::control,Food HJI_C22,Food HJI_C22 exp::control
1498349436490,g;4b~[q:5M,HJI Shared,exp::treatment,Food HJI_C22,Food HJI_C22 exp::treatment
1498349436491,bpi_P}Z)2),HJI Shared,exp::control,Food HJI_C22,Food HJI_C22 exp::control
1498349436492,jp9~e[/2#P,HJI Shared,exp::treatment,Food HJI_C22,Food HJI_C22 exp::treatment
1498349436493,O0<Pt{RwCs,HJI Shared,exp::treatment,Food HJI_C22,Food HJI_C22 exp::treatment
1498349436494,fPS=iJGbs6,HJI Shared,exp::treatment,Food HJI_C22,Food HJI_C22 exp::treatment
1498349436495,"KY>&af+>,a",HJI Shared,exp::treatment,Food HJI_C22,Food HJI_C22 exp::treatment
1498349436496,h%>RC$)lq_,HJI Shared,exp::treatment,Food HJI_C22,Food HJI_C22 exp::treatment
1498349436497,CdINS^_#Xy,HJI Shared,exp::treatment,Food HJI_C22,Food HJI_C22 exp::treatment
1498349436498,m]i;Kd_a@y,HJI Shared,exp::treatment,Food HJI_C22,Food HJI_C22 exp::treatment
1498349436499,epK[a]rPN),HJI Shared,exp::treatment,Food HJI_C22,Food HJI_C22 exp::treatment
1498349436500,tV_+>m}J$(,HJI Shared,exp::treatment,Food HJI_C22,Food HJI_C22 exp::treatment
1498349436501,pL<hd_E|h<,HJI Shared,exp::control,Food HJI_C22,Food HJI_C22 exp::control
1498349436502,"k(A`T#M*|,",HJI Shared,exp::control,Food HJI_C22,Food HJI_C22 exp::control
1498349436503,hoGfyd8p7t,HJI Shared,exp::control,Food HJI_C22,Food HJI_C22 exp::control
1498349436504,jw<L$T-_+},HJI Shared,exp::treatment,Food HJI_C22,Food HJI_C22 exp::treatment
1498349436505,n@RKq}=`WE,HJI Shared,exp::control,Food HJI_C22,Food HJI_C22 exp::control
1498349436506,rhgdd#j5V3,HJI Shared,exp::treatment,Food HJI_C22,Food HJI_C22 exp::treatment
1498349436507,FBnhkzY7ZN,HJI Shared,exp::control,Food HJI_C22,Food HJI_C22 exp::control
1498349436508,JwrcasK1%D,HJI Shared,exp::treatment,Food HJI_C22,Food HJI_C22 exp::treatment
1498349436509,PdLU;X8T(:,HJI Shared,exp::control,Food HJI_C22,Food HJI_C22 exp::control
1498349436510,pyDdA<NJT+,HJI Shared,exp::treatment,Food HJI_C22,Food HJI_C22 exp::treatment
1498349436511,KY@:ksv9Fl,HJI Shared,exp::control,Food HJI_C22,Food HJI_C22 exp::control
1498349436512,y#QS5Cf9U1,HJI Shared,exp::treatment,Food HJI_C22,Food HJI_C22 exp::treatment
1498349436513,"Q6%U3,aFs1",HJI Shared,exp::control,Food HJI_C22,Food HJI_C22 exp::control
1498349436514,H.dsgjo(=p,HJI Shared,exp::control,Food HJI_C22,Food HJI_C22 exp::control
1498349436515,h:Mi~jq|h1,HJI Shared,exp::control,Food HJI_C22,Food HJI_C22 exp::control
1498349436516,pxDmNRx9gv,HJI Shared,exp::control,Food HJI_C22,Food HJI_C22 exp::control
1498349436517,jT>poV:%Zp,HJI Shared,exp::control,Food HJI_C22,Food HJI_C22 exp::control
1498349436518,"p,QJ6mIB/*",HJI Shared,exp::control,Food HJI_C22,Food HJI_C22 exp::control
1498349436519,"N<vJ~y,rKO",HJI Shared,exp::control,Food HJI_C22,Food HJI_C22 exp::control
1498349436520,kd<adg*x;-,HJI Shared,exp::control,Food HJI_C22,Food HJI_C22 exp::control
1498349436521,jFF6PdKJ)s,HJI Shared,exp::treatment,Food HJI_C22,Food HJI_C22 exp::treatment
1498349436522,h|Yvc{1oS],HJI Shared,exp::control,Food HJI_C22,Food HJI_C22 exp::control
1498349436523,"bzL,5/;Y;5",HJI Shared,exp::treatment,Food HJI_C22,Food HJI_C22 exp::treatment
1498349436524,nrC;|z!@Cp,HJI Shared,exp::treatment,Food HJI_C22,Food HJI_C22 exp::treatment
1498349436525,yPJdDz_%B),HJI Shared,exp::treatment,Food HJI_C22,Food HJI_C22 exp::treatment
1498349436526,O$6-p-/am^,HJI Shared,exp::control,Food HJI_C22,Food HJI_C22 exp::control
1498349436527,sjR%m0zJgm,HJI Shared,exp::control,Food HJI_C22,Food HJI_C22 exp::control
1498349436528,NB0wc11Z1w,HJI Shared,exp::treatment,Food HJI_C22,Food HJI_C22 exp::treatment
1498349436529,qjuw*~lV;`,HJI Shared,exp::treatment,Food HJI_C22,Food HJI_C22 exp::treatment
1498349436530,j`_TDCG29W,HJI Shared,exp::treatment,Food HJI_C22,Food HJI_C22 exp::treatment
1498349436531,mHP-hL:OE!,HJI Shared,exp::control,Food HJI_C22,Food HJI_C22 exp::control
1498349436532,m!IiHMBGmp,HJI Shared,exp::control,Food HJI_C22,Food HJI_C22 exp::control
1498349436533,L=}}F{XXJ9,HJI Shared,exp::control,Food HJI_C22,Food HJI_C22 exp::control
1498349436534,pR5lPPq3pQ,HJI Shared,exp::treatment,Food HJI_C22,Food HJI_C22 exp::treatment
1498349436535,"j}5:>=,lwj",HJI Shared,exp::treatment,Food HJI_C22,Food HJI_C22 exp::treatment
1498349436536,j7d@`*@Ua.,HJI Shared,exp::control,Food HJI_C22,Food HJI_C22 exp::control
1498349436537,Ou$QI8v?tl,HJI Shared,exp::treatment,Food HJI_C22,Food HJI_C22 exp::treatment
1498349436538,PN;h6MEF3.,HJI Shared,exp::treatment,Food HJI_C22,Food HJI_C22 exp::treatment
1498349436539,eH|z_J4oCA,HJI Shared,exp::control,Food HJI_C22,Food HJI_C22 exp::control
1498349436540,xJ(q~e$|J,HJI Shared,exp::control,Food HJI_C22,Food HJI_C22 exp::control
1498349436541,ng0S`CRJt:,HJI Shared,exp::control,Food HJI_C22,Food HJI_C22 exp::control
1498349436542,mv6)|{T:VS,HJI Shared,exp::treatment,Food HJI_C22,Food HJI_C22 exp::treatment
1498349436543,iWZ[b)S20m,HJI Shared,exp::treatment,Food HJI_C22,Food HJI_C22 exp::treatment
1498349436544,l=TRk-VQV8,HJI Shared,exp::treatment,Food HJI_C22,Food HJI_C22 exp::treatment
1498349436545,LqGb5notpD,HJI Shared,exp::control,Food HJI_C22,Food HJI_C22 exp::control
1498349436546,QNL68sS}^F,HJI Shared,exp::control,Food HJI_C22,Food HJI_C22 exp::control
1498349436547,LB{rXqM]I;,HJI Shared,exp::control,Food HJI_C22,Food HJI_C22 exp::control
1498349436548,NKNg3Lak;N,HJI Shared,exp::treatment,Food HJI_C22,Food HJI_C22 exp::treatment
1498349436549,"xqQ),[E.[t",HJI Shared,exp::control,Food HJI_C22,Food HJI_C22 exp::control
1498349436550,E=)d^NPJ0[,HJI Shared,exp::control,Food HJI_C22,Food HJI_C22 exp::control
1498349436551,k+^[T?|{cz,HJI Shared,exp::control,Food HJI_C22,Food HJI_C22 exp::control
1498349436552,L3z^MK{_}5,HJI Shared,exp::treatment,Food HJI_C22,Food HJI_C22 exp::treatment
1498349436553,e>rzMa=ueg,HJI Shared,exp::control,Food HJI_C22,Food HJI_C22 exp::control
1498349436554,wO6-Cnr=>8,HJI Shared,exp::control,Food HJI_C22,Food HJI_C22 exp::control
1498349436555,HvkdNM?XBj,HJI Shared,exp::treatment,Food HJI_C22,Food HJI_C22 exp::treatment
1498349436556,HQo|qL|FZM,HJI Shared,exp::treatment,Food HJI_C22,Food HJI_C22 exp::treatment
1498349436557,"m_F`P,-HhI",HJI Shared,exp::treatment,Food HJI_C22,Food HJI_C22 exp::treatment
1498349436558,kJ}O@J6*^o,HJI Shared,exp::treatment,Food HJI_C22,Food HJI_C22 exp::treatment
1498349436559,MzXa^}!U|s,HJI Shared,exp::treatment,Food HJI_C22,Food HJI_C22 exp::treatment
1498349436560,m6kthh)IW?,HJI Shared,exp::control,Food HJI_C22,Food HJI_C22 exp::control
1498349436561,zN1s*9B[F?,HJI Shared,exp::treatment,Food HJI_C22,Food HJI_C22 exp::treatment
1498349436562,fuci$B27Dl,HJI Shared,exp::control,Food HJI_C22,Food HJI_C22 exp::control
1498349436563,juFNoB3[*#,HJI Shared,exp::treatment,Food HJI_C22,Food HJI_C22 exp::treatment
1498349436564,bW=W3w0qGY,HJI Shared,exp::control,Food HJI_C22,Food HJI_C22 exp::control
1498349436565,p5@3HB4-kO,HJI Shared,exp::control,Food HJI_C22,Food HJI_C22 exp::control
1498349436566,d8GEpL/eA[,HJI Shared,exp::control,Food HJI_C22,Food HJI_C22 exp::control
1498349436567,Co_W-q]k1,HJI Shared,exp::control,Food HJI_C22,Food HJI_C22 exp::control
1498349436568,zb<Lz&=o+Y,HJI Shared,exp::control,Food HJI_C22,Food HJI_C22 exp::control
1498349436569,IUSC|W=`%g,HJI Shared,exp::control,Food HJI_C22,Food HJI_C22 exp::control
1498349436570,lBn*p7x5BX,HJI Shared,exp::control,Food HJI_C22,Food HJI_C22 exp::control
1498349436571,pHKTz;%e>l,HJI Shared,exp::control,Food HJI_C22,Food HJI_C22 exp::control
1498349436572,hH7lM_DKc[,HJI Shared,exp::control,Food HJI_C22,Food HJI_C22 exp::control
1498349436573,oev11luX*r,HJI Shared,exp::treatment,Food HJI_C22,Food HJI_C22 exp::treatment
1498349436574,qdny(L5i41,HJI Shared,exp::control,Food HJI_C22,Food HJI_C22 exp::control
1498349436575,F7q.$RmL&l,HJI Shared,exp::treatment,Food HJI_C22,Food HJI_C22 exp::treatment
1498349436576,Ia/%G{zQC{,HJI Shared,exp::treatment,Food HJI_C22,Food HJI_C22 exp::treatment
1498349436577,sck2RmhIZY,HJI Shared,exp::treatment,Food HJI_C22,Food HJI_C22 exp::treatment
1498349436578,iJ=h!B9sMI,HJI Shared,exp::control,Food HJI_C22,Food HJI_C22 exp::control
1498349436579,ja$hqAj_WK,HJI Shared,exp::control,Food HJI_C22,Food HJI_C22 exp::control
1498349436580,lie%-1pYvi,HJI Shared,exp::treatment,Food HJI_C22,Food HJI_C22 exp::treatment
1498349436581,"z{Cd#,/Guj",HJI Shared,exp::treatment,Food HJI_C22,Food HJI_C22 exp::treatment
1498349436582,lRid<M9SWO,HJI Shared,exp::treatment,Food HJI_C22,Food HJI_C22 exp::treatment
1498349436583,AKwt*|!<Bf,HJI Shared,exp::control,Food HJI_C22,Food HJI_C22 exp::control
1498349436584,u_V02d[81l,HJI Shared,exp::treatment,Food HJI_C22,Food HJI_C22 exp::treatment
1498349436585,qngZ5gEW4p,HJI Shared,exp::treatment,Food HJI_C22,Food HJI_C22 exp::treatment
1498349436586,K>t$!mw96@,HJI Shared,exp::control,Food HJI_C22,Food HJI_C22 exp::control
1498349436587,Iuhp[W)wn|,HJI Shared,exp::treatment,Food HJI_C22,Food HJI_C22 exp::treatment
1498349436588,pD#Ao5`(]R,HJI Shared,exp::control,Food HJI_C22,Food HJI_C22 exp::control
1498349436589,pG*En.i/|Z,HJI Shared,exp::control,Food HJI_C22,Food HJI_C22 exp::control
1498349436590,B/0)k`AR8S,HJI Shared,exp::control,Food HJI_C22,Food HJI_C22 exp::control
1498349436591,gII%d1`rr<,HJI Shared,exp::treatment,Food HJI_C22,Food HJI_C22 exp::treatment
1498349436592,AcJVvl5{Rh,HJI Shared,exp::treatment,Food HJI_C22,Food HJI_C22 exp::treatment
1498349436593,Id$p+;l-iQ,HJI Shared,exp::treatment,Food HJI_C22,Food HJI_C22 exp::treatment
1498349436594,G+>brSvGT@,HJI Shared,exp::control,Food HJI_C22,Food HJI_C22 exp::control
1498349436595,LA$MY(R{$0,HJI Shared,exp::control,Food HJI_C22,Food HJI_C22 exp::control
1498349436596,kYG8uppeM1,HJI Shared,exp::control,Food HJI_C22,Food HJI_C22 exp::control
1498349436597,ueWXY]%1aR,HJI Shared,exp::control,Food HJI_C22,Food HJI_C22 exp::control
1498349436598,mr`av;O{qx,HJI Shared,exp::control,Food HJI_C22,Food HJI_C22 exp::control
1498349436599,"DOO$MWn,I2",HJI Shared,exp::treatment,Food HJI_C22,Food HJI_C22 exp::treatment
1498349436600,ij:pTeO[Ce,HJI Shared,exp::control,Food HJI_C22,Food HJI_C22 exp::control
1498349436601,M9-l)G->3Q,HJI Shared,exp::control,Food HJI_C22,Food HJI_C22 exp::control
1498349436602,ucN!A^|YOH,HJI Shared,exp::control,Food HJI_C22,Food HJI_C22 exp::control
1498349436603,"rgJ1Dw,A<G",HJI Shared,exp::control,Food HJI_C22,Food HJI_C22 exp::control
1498349436604,CR&tE.Pw=-,HJI Shared,exp::treatment,Food HJI_C22,Food HJI_C22 exp::treatment
1498349436605,Nn]bR@h2&),HJI Shared,exp::treatment,Food HJI_C22,Food HJI_C22 exp::treatment
1498349436606,H9OU/;d=W|,HJI Shared,exp::control,Food HJI_C22,Food HJI_C22 exp::control
1498349436607,5gz$W1qQW,HJI Shared,exp::treatment,Food HJI_C22,Food HJI_C22 exp::treatment
1498349436608,jW~md4)(h>,HJI Shared,exp::treatment,Food HJI_C22,Food HJI_C22 exp::treatment
1498349436609,sQJQ{8UeF6,HJI Shared,exp::treatment,Food HJI_C22,Food HJI_C22 exp::treatment
1498349436610,oR:15$Wl=3,HJI Shared,exp::treatment,Food HJI_C22,Food HJI_C22 exp::treatment
1498349436611,jY&!a|g=wy,HJI Shared,exp::control,Food HJI_C22,Food HJI_C22 exp::control
1498349436612,ctYj.~<[}{,HJI Shared,exp::treatment,Food HJI_C22,Food HJI_C22 exp::treatment
1498349436613,g:X_ELnRc%,HJI Shared,exp::treatment,Food HJI_C22,Food HJI_C22 exp::treatment
1498349436614,H}QXyHQX}<,HJI Shared,exp::control,Food HJI_C22,Food HJI_C22 exp::control
1498349436615,rn?b(5>P8(,HJI Shared,exp::treatment,Food HJI_C22,Food HJI_C22 exp::treatment
1498349436616,"e<Lv,D+tjL",HJI Shared,exp::treatment,Food HJI_C22,Food HJI_C22 exp::treatment
1498349436617,ub:z)%``F@,HJI Shared,exp::treatment,Food HJI_C22,Food HJI_C22 exp::treatment
1498349436618,u((jg4[j<Q,HJI Shared,exp::treatment,Food HJI_C22,Food HJI_C22 exp::treatment
1498349436619,MU`~Yd%sy$,HJI Shared,exp::treatment,Food HJI_C22,Food HJI_C22 exp::treatment
1498349436620,m;C9/;@4vu,HJI Shared,exp::control,Food HJI_C22,Food HJI_C22 exp::control
1498349436621,vnM[RZdoxy,HJI Shared,exp::control,Food HJI_C22,Food HJI_C22 exp::control
1498349436622,q=}@Bk@4?X,HJI Shared,exp::control,Food HJI_C22,Food HJI_C22 exp::control
1498349436623,IA0EPQv87I,HJI Shared,exp::treatment,Food HJI_C22,Food HJI_C22 exp::treatment
1498349436624,xh0mnwtG!g,HJI Shared,exp::control,Food HJI_C22,Food HJI_C22 exp::control
1498349436625,A]<]D9Se]],HJI Shared,exp::treatment,Food HJI_C22,Food HJI_C22 exp::treatment
1498349436626,IpBKfBP{vO,HJI Shared,exp::treatment,Food HJI_C22,Food HJI_C22 exp::treatment
1498349436627,b@h;+To<4e,HJI Shared,exp::treatment,Food HJI_C22,Food HJI_C22 exp::treatment
1498349436628,mzuhB$U)LU,HJI Shared,exp::control,Food HJI_C22,Food HJI_C22 exp::control
1498349436629,qc]}*U)D#T,HJI Shared,exp::treatment,Food HJI_C22,Food HJI_C22 exp::treatment
1498349436630,b>044y*Ouq,HJI Shared,exp::control,Food HJI_C22,Food HJI_C22 exp::control
1498349436631,"swE,5oZrkS",HJI Shared,exp::control,Food HJI_C22,Food HJI_C22 exp::control
1498349436632,NVNVE6SS/+,HJI Shared,exp::treatment,Food HJI_C22,Food HJI_C22 exp::treatment
1498349436633,mVTw?]aDgN,HJI Shared,exp::control,Food HJI_C22,Food HJI_C22 exp::control
1498349436634,sc3B$Xw:U0,HJI Shared,exp::control,Food HJI_C22,Food HJI_C22 exp::control
1498349436635,mwYL|M4z>`,HJI Shared,exp::treatment,Food HJI_C22,Food HJI_C22 exp::treatment
1498349436636,Ell_ALzrG{,HJI Shared,exp::control,Food HJI_C22,Food HJI_C22 exp::control
1498349436637,f$ao~VZ-Ak,HJI Shared,exp::treatment,Food HJI_C22,Food HJI_C22 exp::treatment
1498349436638,cmVyC%ba%$,HJI Shared,exp::treatment,Food HJI_C22,Food HJI_C22 exp::treatment
1498349436639,bI!n>_Zq{K,HJI Shared,exp::treatment,Food HJI_C22,Food HJI_C22 exp::treatment
1498349436640,"AZ~,rC6]6X",HJI Shared,exp::treatment,Food HJI_C22,Food HJI_C22 exp::treatment
1498349436641,P~i)]03f$@,HJI Shared,exp::treatment,Food HJI_C22,Food HJI_C22 exp::treatment
1498349436642,qf/@*#t*yg,HJI Shared,exp::control,Food HJI_C22,Food HJI_C22 exp::control
1498349436643,jangI<Bz%>,HJI Shared,exp::control,Food HJI_C22,Food HJI_C22 exp::control
1498349436644,P[9O]oU7)p,HJI Shared,exp::control,Food HJI_C22,Food HJI_C22 exp::control
1498349436645,N^AVuj!5on,HJI Shared,exp::treatment,Food HJI_C22,Food HJI_C22 exp::treatment
1498349436646,jghh5B0tC),HJI Shared,exp::treatment,HJI_C23 Relative,HJI_C23 Relative exp::treatment
1498349436647,"m_L7TSVA,b",HJI Shared,exp::control,HJI_C23 Relative,HJI_C23 Relative exp::control
1498349436648,My_m$BZ]U=,HJI Shared,exp::control,HJI_C23 Relative,HJI_C23 Relative exp::control
1498349436649,IJiF%b}Mib,HJI Shared,exp::treatment,HJI_C23 Relative,HJI_C23 Relative exp::treatment
1498349436650,DBM;VQ:kHE,HJI Shared,exp::control,HJI_C23 Relative,HJI_C23 Relative exp::control
1498349436651,xK]=^0i]ji,HJI Shared,exp::treatment,HJI_C23 Relative,HJI_C23 Relative exp::treatment
1498349436652,k`bsLf(Ok!,HJI Shared,exp::treatment,HJI_C23 Relative,HJI_C23 Relative exp::treatment
1498349436653,FI|C5mbi;1,HJI Shared,exp::treatment,HJI_C23 Relative,HJI_C23 Relative exp::treatment
1498349436654,mW/^]Td-{y,HJI Shared,exp::control,HJI_C23 Relative,HJI_C23 Relative exp::control
1498349436655,d0<ZIg12^,HJI Shared,exp::control,HJI_C23 Relative,HJI_C23 Relative exp::control
1498349436656,zwj7)3B=KW,HJI Shared,exp::control,HJI_C23 Relative,HJI_C23 Relative exp::control
1498349436657,P=FZ(LV<2l,HJI Shared,exp::control,HJI_C23 Relative,HJI_C23 Relative exp::control
1498349436658,eijCz[.fP#,HJI Shared,exp::treatment,HJI_C23 Relative,HJI_C23 Relative exp::treatment
1498349436659,H*oncu~Sd%,HJI Shared,exp::treatment,HJI_C23 Relative,HJI_C23 Relative exp::treatment
1498349436660,vC]*9V*>o2,HJI Shared,exp::control,HJI_C23 Relative,HJI_C23 Relative exp::control
1498349436661,wt]V-tT0=H,HJI Shared,exp::control,HJI_C23 Relative,HJI_C23 Relative exp::control
1498349436662,c)awybh9w+,HJI Shared,exp::control,HJI_C23 Relative,HJI_C23 Relative exp::control
1498349436663,QMHU!DW5I8,HJI Shared,exp::treatment,HJI_C23 Relative,HJI_C23 Relative exp::treatment
1498349436664,BB%AZz5i1:,HJI Shared,exp::control,HJI_C23 Relative,HJI_C23 Relative exp::control
1498349436665,"p$C}9c@)6,",HJI Shared,exp::treatment,HJI_C23 Relative,HJI_C23 Relative exp::treatment
1498349436666,dP[7VY)j]S,HJI Shared,exp::control,HJI_C23 Relative,HJI_C23 Relative exp::control
1498349436667,wo|$[c<wPz,HJI Shared,exp::control,HJI_C23 Relative,HJI_C23 Relative exp::control
1498349436668,"DG&W*,^7+I",HJI Shared,exp::control,HJI_C23 Relative,HJI_C23 Relative exp::control
1498349436669,K>=#nm9?aU,HJI Shared,exp::treatment,HJI_C23 Relative,HJI_C23 Relative exp::treatment
1498349436670,NFYylRIDqS,HJI Shared,exp::control,HJI_C23 Relative,HJI_C23 Relative exp::control
1498349436671,c{_u0vp4T[,HJI Shared,exp::treatment,HJI_C23 Relative,HJI_C23 Relative exp::treatment
1498349436672,yrzHw77:y_,HJI Shared,exp::control,HJI_C23 Relative,HJI_C23 Relative exp::control
1498349436673,w4wqHIncZc,HJI Shared,exp::control,HJI_C23 Relative,HJI_C23 Relative exp::control
1498349436674,uo{@?Q^<{},HJI Shared,exp::treatment,HJI_C24 Yo,HJI_C24 Yo exp::treatment
1498349436675,EZ!qpGs}?7,HJI Shared,exp::control,HJI_C24 Yo,HJI_C24 Yo exp::control
1498349436676,wD.DfNQBwZ,HJI Shared,exp::control,HJI_C24 Yo,HJI_C24 Yo exp::control
1498349436677,uk`+pR?r(^,HJI Shared,exp::control,HJI_C24 Yo,HJI_C24 Yo exp::control
1498349436678,Ks_hLqpE9v,HJI Shared,exp::control,HJI_C24 Yo,HJI_C24 Yo exp::control
1498349436679,IU0&M&#vK>,HJI Shared,exp::control,HJI_C24 Yo,HJI_C24 Yo exp::control
1498349436680,o@e[W2L4T@,HJI Shared,exp::treatment,HJI_C24 Yo,HJI_C24 Yo exp::treatment
1498349436681,"BB`7z:J,vd",HJI Shared,exp::treatment,HJI_C24 Yo,HJI_C24 Yo exp::treatment
1498349436682,N0;$5N^D@|,HJI Shared,exp::treatment,HJI_C24 Yo,HJI_C24 Yo exp::treatment
1498349436683,fF%OR4C6yV,HJI Shared,exp::treatment,HJI_C24 Yo,HJI_C24 Yo exp::treatment
1498349436684,"fJ$Am*mU,s",HJI Shared,exp::treatment,HJI_C24 Yo,HJI_C24 Yo exp::treatment
1498349436685,woKfQO6z7),HJI Shared,exp::treatment,HJI_C24 Yo,HJI_C24 Yo exp::treatment
1498349436686,n1&+6D:pK#,HJI Shared,exp::control,HJI_C24 Yo,HJI_C24 Yo exp::control
1498349436687,i-=nYS|?sn,HJI Shared,exp::control,HJI_C24 Yo,HJI_C24 Yo exp::control
1498349436688,iZ38*/3.g5,HJI Shared,exp::control,HJI_C24 Yo,HJI_C24 Yo exp::control
1498349436689,"N,*Qptma;r",HJI Shared,exp::control,HJI_C24 Yo,HJI_C24 Yo exp::control
1498349436690,Inm}Gzw;;y,HJI Shared,exp::control,HJI_C24 Yo,HJI_C24 Yo exp::control
1498349436691,e`G(e$sZDg,HJI Shared,exp::treatment,HJI_C24 Yo,HJI_C24 Yo exp::treatment
1498349436692,my-40l*E};,HJI Shared,exp::treatment,HJI_C24 Yo,HJI_C24 Yo exp::treatment
1498349436693,MR6Zxm2be],HJI Shared,exp::control,HJI_C24 Yo,HJI_C24 Yo exp::control
1498349436694,Au{T)xMH6!,HJI Shared,exp::control,HJI_C24 Yo,HJI_C24 Yo exp::control
1498349436695,JmmJ_ZJtl2,HJI Shared,exp::treatment,HJI_C24 Yo,HJI_C24 Yo exp::treatment
1498349436696,eXee7h$uK2,HJI Shared,exp::treatment,HJI_C24 Yo,HJI_C24 Yo exp::treatment
1498349436697,LtiL5P^YkY,HJI Shared,exp::control,HJI_C24 Yo,HJI_C24 Yo exp::control
1498349436698,N%@[-0whIE,HJI Shared,exp::treatment,HJI_C24 Yo,HJI_C24 Yo exp::treatment
1498349436699,M_M-A6$5Ii,HJI Shared,exp::control,HJI_C24 Yo,HJI_C24 Yo exp::control
1498349436700,Ld%>n(>`;},HJI Shared,exp::treatment,HJI_C24 Yo,HJI_C24 Yo exp::treatment
1498349436701,v5@.cL{{W7,HJI Shared,exp::treatment,HJI_C24 Yo,HJI_C24 Yo exp::treatment
1498349436702,"H,n{C(1?IZ",HJI Shared,exp::control,HJI_C24 Yo,HJI_C24 Yo exp::control
1498349436703,Q9kQ+[KeY9,HJI Shared,exp::control,HJI_C24 Yo,HJI_C24 Yo exp::control
1498349436704,wh~DXODm;>,HJI Shared,exp::control,HJI_C24 Yo,HJI_C24 Yo exp::control
1498349436705,fJ(JdND)-E,HJI Shared,exp::treatment,HJI_C24 Yo,HJI_C24 Yo exp::treatment
1498349436706,d~[1Sl<#tO,HJI Shared,exp::treatment,HJI_C24 Yo,HJI_C24 Yo exp::treatment
1498349436707,c@R#yl}zN.,HJI Shared,exp::control,HJI_C24 Yo,HJI_C24 Yo exp::control
1498349436708,NCg]J!]Mnr,HJI Shared,exp::control,HJI_C24 Yo,HJI_C24 Yo exp::control
1498349436709,kgrzya!pvY,HJI Shared,exp::control,HJI_C24 Yo,HJI_C24 Yo exp::control
1498349436710,M_ri/Q^d&H,HJI Shared,exp::control,HJI_C24 Yo,HJI_C24 Yo exp::control
1498349436711,I*gVO7op}H,HJI Shared,exp::control,HJI_C24 Yo,HJI_C24 Yo exp::control
1498349436712,LF#V:MY;Q5,HJI Shared,exp::control,HJI_C24 Yo,HJI_C24 Yo exp::control
1498349436713,MhEwBL^UPw,HJI Shared,exp::control,HJI_C24 Yo,HJI_C24 Yo exp::control
1498349436714,cCwNOjIpZ4,HJI Shared,exp::treatment,HJI_C24 Yo,HJI_C24 Yo exp::treatment
1498349436715,tbjrq{Oyi2,HJI Shared,exp::treatment,HJI_C24 Yo,HJI_C24 Yo exp::treatment
1498349436716,"G)nJG,at]]",HJI Shared,exp::control,HJI_C24 Yo,HJI_C24 Yo exp::control
1498349436717,EY:sxewVgc,HJI Shared,exp::treatment,HJI_C24 Yo,HJI_C24 Yo exp::treatment
1498349436718,jye!Ijm?mZ,HJI Shared,exp::treatment,HJI_C24 Yo,HJI_C24 Yo exp::treatment
1498349436719,"ny:wb$|,o8",HJI Shared,exp::control,HJI_C24 Yo,HJI_C24 Yo exp::control
1498349436720,tO#KN8?sk2,HJI Shared,exp::treatment,HJI_C24 Yo,HJI_C24 Yo exp::treatment
1498349436721,KX&~?6|Rik,HJI Shared,exp::control,HJI_C24 Yo,HJI_C24 Yo exp::control
1498349436722,EjABg]i4U`,HJI Shared,exp::control,HJI_C24 Yo,HJI_C24 Yo exp::control
1498349436723,AP=$sjD0M3,HJI Shared,exp::control,HJI_C24 Yo,HJI_C24 Yo exp::control
1498349436724,b_!l.DL@P#,HJI Shared,exp::control,HJI_C24 Yo,HJI_C24 Yo exp::control
1498349436725,k1G;ojghGx,HJI Shared,exp::control,HJI_C24 Yo,HJI_C24 Yo exp::control
1498349436726,"B8l:,W{4T!",HJI Shared,exp::treatment,HJI_C24 Yo,HJI_C24 Yo exp::treatment
1498349436727,HU6uP6T;0*,HJI Shared,exp::control,HJI_C24 Yo,HJI_C24 Yo exp::control
1498349436728,c].tdKxf%_,HJI Shared,exp::treatment,HJI_C24 Yo,HJI_C24 Yo exp::treatment
1498349436729,u75=0>_Og`,HJI Shared,exp::control,HJI_C24 Yo,HJI_C24 Yo exp::control
1498349436730,uBV[pOck%~,HJI Shared,exp::treatment,HJI_C24 Yo,HJI_C24 Yo exp::treatment
1498349436731,fL7l$U`a2h,HJI Shared,exp::control,HJI_C24 Yo,HJI_C24 Yo exp::control
1498349436732,nNJqa}{eZi,HJI Shared,exp::treatment,HJI_C24 Yo,HJI_C24 Yo exp::treatment
1498349436733,B/Y/Y[D9cl,HJI Shared,exp::treatment,HJI_C24 Yo,HJI_C24 Yo exp::treatment
1498349436734,q&XEL76%<A,HJI Shared,exp::treatment,HJI_C24 Yo,HJI_C24 Yo exp::treatment
1498349436735,xCDId8|w8>,HJI Shared,exp::control,HJI_C24 Yo,HJI_C24 Yo exp::control
1498349436736,h@JnH]_Xz[,HJI Shared,exp::control,HJI_C24 Yo,HJI_C24 Yo exp::control
1498349436737,JnT|V:0m]M,HJI Shared,exp::control,HJI_C24 Yo,HJI_C24 Yo exp::control
1498349436738,zyp&m*1?9o,HJI Shared,exp::control,HJI_C25 Quoting,HJI_C25 Quoting exp::control
1498349436739,B.dwAkq}2`,HJI Shared,exp::treatment,HJI_C25 Quoting,HJI_C25 Quoting exp::treatment
1498349436740,OiD0w3{k9;,HJI Shared,exp::treatment,HJI_C25 Quoting,HJI_C25 Quoting exp::treatment
1498349436741,wW^d?`z25u,HJI Shared,exp::control,HJI_C25 Quoting,HJI_C25 Quoting exp::control
1498349436742,M^JGXCl;&a,HJI Shared,exp::treatment,HJI_C25 Quoting,HJI_C25 Quoting exp::treatment
1498349436743,CRW).kuUG&,HJI Shared,exp::treatment,HJI_C25 Quoting,HJI_C25 Quoting exp::treatment
1498349436744,Dur~fH[p-Z,HJI Shared,exp::treatment,HJI_C25 Quoting,HJI_C25 Quoting exp::treatment
1498349436745,"ylk,#6Uy}#",HJI Shared,exp::control,HJI_C25 Quoting,HJI_C25 Quoting exp::control
1498349436746,Gbiz@!~ywT,HJI Shared,exp::control,HJI_C25 Quoting,HJI_C25 Quoting exp::control
1498349436747,nuIe(|LM_w,HJI Shared,exp::treatment,HJI_C25 Quoting,HJI_C25 Quoting exp::treatment
1498349436748,LTYy7^<}%v,HJI Shared,exp::treatment,HJI_C25 Quoting,HJI_C25 Quoting exp::treatment
1498349436749,"q}(<B#P,/N",HJI Shared,exp::treatment,HJI_C25 Quoting,HJI_C25 Quoting exp::treatment
1498349436750,KVc[XG<+Fq,HJI Shared,exp::control,HJI_C25 Quoting,HJI_C25 Quoting exp::control
1498349436751,HG=iZ~Hxp~,HJI Shared,exp::treatment,HJI_C25 Quoting,HJI_C25 Quoting exp::treatment
1498349436752,c+|)L_+cU(,HJI Shared,exp::treatment,HJI_C25 Quoting,HJI_C25 Quoting exp::treatment
1498349436753,j!?+Ych#Ze,HJI Shared,exp::treatment,HJI_C25 Quoting,HJI_C25 Quoting exp::treatment
1498349436754,wD2(~IQ&C0,HJI Shared,exp::treatment,HJI_C25 Quoting,HJI_C25 Quoting exp::treatment
1498349436755,"ldD~),7B=i",HJI Shared,exp::treatment,HJI_C25 Quoting,HJI_C25 Quoting exp::treatment
1498349436756,NApi.iDm]D,HJI Shared,exp::control,HJI_C25 Quoting,HJI_C25 Quoting exp::control
1498349436757,"zfY,JZ0Ha|",HJI Shared,exp::treatment,HJI_C25 Quoting,HJI_C25 Quoting exp::treatment
1498349436758,cQ4cxId%T],HJI Shared,exp::control,HJI_C25 Quoting,HJI_C25 Quoting exp::control
1498349436759,G=pst0fyXm,HJI Shared,exp::treatment,HJI_C25 Quoting,HJI_C25 Quoting exp::treatment
1498349436760,j4[=(%`sHu,HJI Shared,exp::control,HJI_C25 Quoting,HJI_C25 Quoting exp::control
1498349436761,OeuD-r9)wS,HJI Shared,exp::control,HJI_C25 Quoting,HJI_C25 Quoting exp::control
1498349436762,oi$J0]7)`@,HJI Shared,exp::treatment,HJI_C25 Quoting,HJI_C25 Quoting exp::treatment
1498349436763,m~7KYU&r]a,HJI Shared,exp::treatment,HJI_C25 Quoting,HJI_C25 Quoting exp::treatment
1498349436764,J&(}xD76`_,HJI Shared,exp::control,HJI_C25 Quoting,HJI_C25 Quoting exp::control
1498349436765,NIE0cjmsXr,HJI Shared,exp::control,HJI_C25 Quoting,HJI_C25 Quoting exp::control
1498349436766,Q;yS@v>7I),HJI Shared,exp::treatment,HJI_C25 Quoting,HJI_C25 Quoting exp::treatment
1498349436767,C6Nx.PuiD;,HJI Shared,exp::treatment,HJI_C25 Quoting,HJI_C25 Quoting exp::treatment
1498349436768,CP)^~|k7Mt,HJI Shared,exp::control,HJI_C25 Quoting,HJI_C25 Quoting exp::control
1498349436769,n5R@cVu{9x,HJI Shared,exp::control,HJI_C25 Quoting,HJI_C25 Quoting exp::control
1498349436770,C6&:!p2X[r,HJI Shared,exp::control,HJI_C25 Quoting,HJI_C25 Quoting exp::control
1498349436771,"bi-`yf,sus",HJI Shared,exp::treatment,HJI_C25 Quoting,HJI_C25 Quoting exp::treatment
1498349436772,Q6$H&[e0=*,HJI Shared,exp::control,HJI_C25 Quoting,HJI_C25 Quoting exp::control
1498349436773,xVZ9a1i&Va,HJI Shared,exp::control,HJI_C25 Quoting,HJI_C25 Quoting exp::control
1498349436774,mOrEq;sNf_,HJI Shared,exp::control,HJI_C25 Quoting,HJI_C25 Quoting exp::control
1498349436775,NEXYbj_vYV,HJI Shared,exp::control,HJI_C25 Quoting,HJI_C25 Quoting exp::control
1498349436776,g|T#=FpeHJ,HJI Shared,exp::treatment,HJI_C25 Quoting,HJI_C25 Quoting exp::treatment
1498349436777,QA%%U_#n5h,HJI Shared,exp::control,HJI_C25 Quoting,HJI_C25 Quoting exp::control
1498349436778,G5@E[_E9KN,HJI Shared,exp::control,HJI_C25 Quoting,HJI_C25 Quoting exp::control
1498349436779,BKYGAiF]rV,HJI Shared,exp::treatment,HJI_C25 Quoting,HJI_C25 Quoting exp::treatment
1498349436780,gjdCiN?ff*,HJI Shared,exp::control,HJI_C25 Quoting,HJI_C25 Quoting exp::control
1498349436781,bt|BQKW3n~,HJI Shared,exp::treatment,HJI_C25 Quoting,HJI_C25 Quoting exp::treatment
1498349436782,MQN{ciI@}n,HJI Shared,exp::control,HJI_C25 Quoting,HJI_C25 Quoting exp::control
1498349436783,Q#0y4:/7R(,HJI Shared,exp::control,HJI_C25 Quoting,HJI_C25 Quoting exp::control
1498349436784,u!k3(s4#u),HJI Shared,exp::control,HJI_C25 Quoting,HJI_C25 Quoting exp::control
1498349436785,PEZlSyi?&x,HJI Shared,exp::treatment,HJI_C25 Quoting,HJI_C25 Quoting exp::treatment
1498349436786,dMRj`M2ZJ_,HJI Shared,exp::control,HJI_C25 Quoting,HJI_C25 Quoting exp::control
1498349436787,eFJ)+02j4&,HJI Shared,exp::treatment,HJI_C25 Quoting,HJI_C25 Quoting exp::treatment
1498349436788,tVTOB>S-&:,HJI Shared,exp::control,HJI_C25 Quoting,HJI_C25 Quoting exp::control
1498349436789,FPxmn&Qa9_,HJI Shared,exp::control,HJI_C25 Quoting,HJI_C25 Quoting exp::control
1498349436790,M7o5=1dH9Y,HJI Shared,exp::control,HJI_C25 Quoting,HJI_C25 Quoting exp::control
1498349436791,P@j;fbh}T~,HJI Shared,exp::treatment,HJI_C25 Quoting,HJI_C25 Quoting exp::treatment
1498349436792,"Gyu)Tp,;]U",HJI Shared,exp::control,HJI_C25 Quoting,HJI_C25 Quoting exp::control
1498349436793,A_KO>QLxFy,HJI Shared,exp::control,HJI_C25 Quoting,HJI_C25 Quoting exp::control
1498349436794,gvA+J_Z=rf,HJI Shared,exp::treatment,HJI_C25 Quoting,HJI_C25 Quoting exp::treatment
1498349436795,"r#K,{e%U,8",HJI Shared,exp::control,HJI_C25 Quoting,HJI_C25 Quoting exp::control
1498349436796,FmwS17Rt27,HJI Shared,exp::treatment,HJI_C25 Quoting,HJI_C25 Quoting exp::treatment
1498349436797,Ha(+XXYa@W,HJI Shared,exp::treatment,HJI_C25 Quoting,HJI_C25 Quoting exp::treatment
1498349436798,"qBBl~Zm+,m",HJI Shared,exp::treatment,HJI_C25 Quoting,HJI_C25 Quoting exp::treatment
1498349436799,e1CxGDP[B3,HJI Shared,exp::control,HJI_C25 Quoting,HJI_C25 Quoting exp::control
1498349436800,C2aBlCJ<wp,HJI Shared,exp::treatment,HJI_C25 Quoting,HJI_C25 Quoting exp::treatment
1498349436801,Cb*DhQ#v>1,HJI Shared,exp::treatment,HJI_C25 Quoting,HJI_C25 Quoting exp::treatment
1498349436802,q]kk`mHvY,HJI Shared,exp::control,HJI_C25 Quoting,HJI_C25 Quoting exp::control
1498349436803,w%KbG@xg<[,HJI Shared,exp::control,HJI_C25 Quoting,HJI_C25 Quoting exp::control
1498349436804,f!vNzc8O5(,HJI Shared,exp::treatment,HJI_C25 Quoting,HJI_C25 Quoting exp::treatment
1498349436805,cP~2EHFw[j,HJI Shared,exp::treatment,HJI_C25 Quoting,HJI_C25 Quoting exp::treatment
1498349436806,f;^cY-L+oQ,HJI Shared,exp::control,HJI_C25 Quoting,HJI_C25 Quoting exp::control
1498349436807,wI?-4!}UJ8,HJI Shared,exp::control,HJI_C25 Quoting,HJI_C25 Quoting exp::control
1498349436808,qrstc$v{zX,HJI Shared,exp::treatment,HJI_C25 Quoting,HJI_C25 Quoting exp::treatment
1498349436809,py>uRJ8>$+,HJI Shared,exp::control,HJI_C25 Quoting,HJI_C25 Quoting exp::control
1498349436810,n8@`N~939B,HJI Shared,exp::treatment,HJI_C25 Quoting,HJI_C25 Quoting exp::treatment
1498349436811,uJ${JaK=N#,HJI Shared,exp::treatment,HJI_C25 Quoting,HJI_C25 Quoting exp::treatment
1498349436812,QY=_3z$vu_,HJI Shared,exp::treatment,HJI_C25 Quoting,HJI_C25 Quoting exp::treatment
1498349436813,jn9Dlj0.xw,HJI Shared,exp::control,HJI_C25 Quoting,HJI_C25 Quoting exp::control
1498349436814,y>-)FMm[G3,HJI Shared,exp::control,HJI_C25 Quoting,HJI_C25 Quoting exp::control
1498349436815,GL/4l[O/fA,HJI Shared,exp::control,HJI_C25 Quoting,HJI_C25 Quoting exp::control
1498349436816,na@TSZ2NpQ,HJI Shared,exp::treatment,HJI_C25 Quoting,HJI_C25 Quoting exp::treatment
1498349436817,n6XUh=USx5,HJI Shared,exp::treatment,HJI_C25 Quoting,HJI_C25 Quoting exp::treatment
1498349436818,w)2#-X5(x:,HJI Shared,exp::control,HJI_C25 Quoting,HJI_C25 Quoting exp::control
1498349436819,kxjIxklg{l,HJI Shared,exp::control,HJI_C25 Quoting,HJI_C25 Quoting exp::control
1498349436820,d{}(Ec`y<`,HJI Shared,exp::treatment,HJI_C25 Quoting,HJI_C25 Quoting exp::treatment
1498349436821,IT44w2+!J;,HJI Shared,exp::treatment,HJI_C25 Quoting,HJI_C25 Quoting exp::treatment
1498349436822,]kKT_VvL+,HJI Shared,exp::treatment,HJI_C25 Quoting,HJI_C25 Quoting exp::treatment
1498349436823,j3O_~+Bpde,HJI Shared,exp::control,HJI_C25 Quoting,HJI_C25 Quoting exp::control
1498349436824,KBooPu0)>Q,HJI Shared,exp::treatment,HJI_C25 Quoting,HJI_C25 Quoting exp::treatment
1498349436825,ijR|_g~wKe,HJI Shared,exp::treatment,HJI_C26 Planning,HJI_C26 Planning exp::treatment
1498349436826,A[-`$(@A/h,HJI Shared,exp::control,HJI_C26 Planning,HJI_C26 Planning exp::control
1498349436827,uT0.pQw:rC,HJI Shared,exp::treatment,HJI_C26 Planning,HJI_C26 Planning exp::treatment
1498349436828,iA(Gc{Mc10,HJI Shared,exp::treatment,HJI_C26 Planning,HJI_C26 Planning exp::treatment
1498349436829,OgszRe4ob8,HJI Shared,exp::control,HJI_C26 Planning,HJI_C26 Planning exp::control
1498349436830,f{wXb|W44d,HJI Shared,exp::treatment,HJI_C26 Planning,HJI_C26 Planning exp::treatment
1498349436831,J[YTOjqB2:,HJI Shared,exp::treatment,HJI_C26 Planning,HJI_C26 Planning exp::treatment
1498349436832,DdvrpT1-m$,HJI Shared,exp::treatment,HJI_C26 Planning,HJI_C26 Planning exp::treatment
1498349436833,A(D;7^@X#B,HJI Shared,exp::treatment,HJI_C26 Planning,HJI_C26 Planning exp::treatment
1498349436834,jR;Sqal5:6,HJI Shared,exp::control,HJI_C26 Planning,HJI_C26 Planning exp::control
1498349436835,P>_]&)Fr;j,HJI Shared,exp::control,HJI_C26 Planning,HJI_C26 Planning exp::control
1498349436836,neEb&##}xx,HJI Shared,exp::control,HJI_C26 Planning,HJI_C26 Planning exp::control
1498349436837,s+}b4!hV`q,HJI Shared,exp::treatment,HJI_C26 Planning,HJI_C26 Planning exp::treatment
1498349436838,"w)cnwMtbE,",HJI Shared,exp::treatment,HJI_C26 Planning,HJI_C26 Planning exp::treatment
1498349436839,M0;)J+[zyc,HJI Shared,exp::treatment,HJI_C26 Planning,HJI_C26 Planning exp::treatment
1498349436840,OnjgDOw+4x,HJI Shared,exp::control,HJI_C26 Planning,HJI_C26 Planning exp::control
1498349436841,GY8HV?QM4q,HJI Shared,exp::treatment,HJI_C26 Planning,HJI_C26 Planning exp::treatment
1498349436842,yB%OrLO}@u,HJI Shared,exp::control,HJI_C26 Planning,HJI_C26 Planning exp::control
1498349436843,sD)R|lpzj#,HJI Shared,exp::treatment,HJI_C26 Planning,HJI_C26 Planning exp::treatment
1498349436844,"yGzL=Mk=,f",HJI Shared,exp::control,HJI_C26 Planning,HJI_C26 Planning exp::control
1498349436845,"L$,].cB/.-",HJI Shared,exp::treatment,HJI_C26 Planning,HJI_C26 Planning exp::treatment
1498349436846,Qo9p5C<Lv7,HJI Shared,exp::treatment,HJI_C26 Planning,HJI_C26 Planning exp::treatment
1498349436847,u{Z6{/LLF(,HJI Shared,exp::treatment,HJI_C26 Planning,HJI_C26 Planning exp::treatment
1498349436848,s^A}-Z:Y8-,HJI Shared,exp::control,HJI_C26 Planning,HJI_C26 Planning exp::control
1498349436849,irT!8W7fcN,HJI Shared,exp::treatment,HJI_C26 Planning,HJI_C26 Planning exp::treatment
1498349436850,r=9q/kMDDi,HJI Shared,exp::treatment,HJI_C26 Planning,HJI_C26 Planning exp::treatment
1498349436851,uMVM#n86fk,HJI Shared,exp::control,HJI_C26 Planning,HJI_C26 Planning exp::control
1498349436852,zo%Q-=`yzP,HJI Shared,exp::control,HJI_C26 Planning,HJI_C26 Planning exp::control
1498349436853,xC2#y%a9|D,HJI Shared,exp::control,HJI_C26 Planning,HJI_C26 Planning exp::control
1498349436854,d2~|5Jld9F,HJI Shared,exp::control,HJI_C26 Planning,HJI_C26 Planning exp::control
1498349436855,x}0.wD3c)C,HJI Shared,exp::control,HJI_C26 Planning,HJI_C26 Planning exp::control
1498349436856,AKU/#_:E2R,HJI Shared,exp::control,HJI_C26 Planning,HJI_C26 Planning exp::control
1498349436857,hM^tG4XcWj,HJI Shared,exp::control,HJI_C26 Planning,HJI_C26 Planning exp::control
1498349436858,M_ZVL++1}T,HJI Shared,exp::treatment,HJI_C26 Planning,HJI_C26 Planning exp::treatment
1498349436859,"qP,/Z~-m@z",HJI Shared,exp::treatment,HJI_C26 Planning,HJI_C26 Planning exp::treatment
1498349436860,pu`Y<5Oj{.,HJI Shared,exp::treatment,HJI_C26 Planning,HJI_C26 Planning exp::treatment
1498349436861,qTb}YKpeLc,HJI Shared,exp::control,HJI_C26 Planning,HJI_C26 Planning exp::control
1498349436862,Rd60%y=JBw,HJI Shared,exp::control,HJI_C26 Planning,HJI_C26 Planning exp::control
1498349436863,h2cN~8-wc~,HJI Shared,exp::treatment,HJI_C26 Planning,HJI_C26 Planning exp::treatment
1498349436864,jB@K_nfP!Y,HJI Shared,exp::control,HJI_C26 Planning,HJI_C26 Planning exp::control
1498349436865,hbkj8wRfA9,HJI Shared,exp::control,HJI_C26 Planning,HJI_C26 Planning exp::control
1498349436866,k}dP@qf[Ky,HJI Shared,exp::control,HJI_C26 Planning,HJI_C26 Planning exp::control
1498349436867,nu89EP4}>h,HJI Shared,exp::treatment,HJI_C26 Planning,HJI_C26 Planning exp::treatment
1498349436868,F>}u~9#AlR,HJI Shared,exp::treatment,HJI_C26 Planning,HJI_C26 Planning exp::treatment
1498349436869,KKsdVmSB/B,HJI Shared,exp::control,HJI_C26 Planning,HJI_C26 Planning exp::control
1498349436870,"Cp4E,j}_3W",HJI Shared,exp::treatment,HJI_C26 Planning,HJI_C26 Planning exp::treatment
1498349436871,g1^oa*B8Mo,HJI Shared,exp::control,HJI_C26 Planning,HJI_C26 Planning exp::control
1498349436872,pQb(Y`jE3;,HJI Shared,exp::control,HJI_C26 Planning,HJI_C26 Planning exp::control
1498349436873,"thz+o+,mCk",HJI Shared,exp::treatment,HJI_C26 Planning,HJI_C26 Planning exp::treatment
1498349436874,Mwc.>xG1iE,HJI Shared,exp::treatment,HJI_C26 Planning,HJI_C26 Planning exp::treatment
1498349436875,"M,<o?Z{0<0",HJI Shared,exp::treatment,HJI_C26 Planning,HJI_C26 Planning exp::treatment
1498349436876,fuY4_nNsg/,HJI Shared,exp::treatment,HJI_C26 Planning,HJI_C26 Planning exp::treatment
1498349436877,wdM%<oop7),HJI Shared,exp::treatment,HJI_C26 Planning,HJI_C26 Planning exp::treatment
1498349436878,"Gm2-u<K,yZ",HJI Shared,exp::control,HJI_C26 Planning,HJI_C26 Planning exp::control
1498349436879,qB]zM7&RQ+,HJI Shared,exp::control,HJI_C26 Planning,HJI_C26 Planning exp::control
1498349436880,HO$|?T.S+6,HJI Shared,exp::treatment,HJI_C26 Planning,HJI_C26 Planning exp::treatment
1498349436881,dwSK?pw>r8,HJI Shared,exp::treatment,HJI_C26 Planning,HJI_C26 Planning exp::treatment
1498349436882,s;zH}P$Jq#,HJI Shared,exp::treatment,HJI_C26 Planning,HJI_C26 Planning exp::treatment
1498349436883,IMjIJJ]XSj,HJI Shared,exp::treatment,HJI_C26 Planning,HJI_C26 Planning exp::treatment
1498349436884,dU4?C@cq87,HJI Shared,exp::treatment,HJI_C26 Planning,HJI_C26 Planning exp::treatment
1498349436885,sCjD$TrpbD,HJI Shared,exp::treatment,HJI_C26 Planning,HJI_C26 Planning exp::treatment
1498349436886,eBG7?qRF>r,HJI Shared,exp::treatment,HJI_C26 Planning,HJI_C26 Planning exp::treatment
1498349436887,AWQ1Y&yoL&,HJI Shared,exp::control,HJI_C26 Planning,HJI_C26 Planning exp::control
1498349436888,x^wVWw%ufN,HJI Shared,exp::control,HJI_C26 Planning,HJI_C26 Planning exp::control
1498349436889,Oj3D(z85L<,HJI Shared,exp::control,HJI_C26 Planning,HJI_C26 Planning exp::control
1498349436890,qiNY61oum_,HJI Shared,exp::control,HJI_C26 Planning,HJI_C26 Planning exp::control
1498349436891,"zKM4@,LB+3",HJI Shared,exp::treatment,HJI_C26 Planning,HJI_C26 Planning exp::treatment
1498349436892,Af-%Bu:*..,HJI Shared,exp::control,HJI_C26 Planning,HJI_C26 Planning exp::control
1498349436893,Nm|I-+H$99,HJI Shared,exp::treatment,HJI_C26 Planning,HJI_C26 Planning exp::treatment
1498349436894,H]J@@l}+xE,HJI Shared,exp::treatment,HJI_C26 Planning,HJI_C26 Planning exp::treatment
1498349436895,pbns)e:?3:,HJI Shared,exp::control,HJI_C26 Planning,HJI_C26 Planning exp::control
1498349436896,n~a8Aq`t&=,HJI Shared,exp::control,HJI_C26 Planning,HJI_C26 Planning exp::control
1498349436897,BMsDvZ~~`!,HJI Shared,exp::treatment,HJI_C26 Planning,HJI_C26 Planning exp::treatment
1498349436898,eqk=$uy1z#,HJI Shared,exp::treatment,HJI_C26 Planning,HJI_C26 Planning exp::treatment
1498349436899,Mok7hk[uYc,HJI Shared,exp::treatment,HJI_C26 Planning,HJI_C26 Planning exp::treatment
1498349436900,"L1,FNjJ?|{",HJI Shared,exp::treatment,HJI_C26 Planning,HJI_C26 Planning exp::treatment
1498349436901,xmbA)eLB|;,HJI Shared,exp::control,HJI_C26 Planning,HJI_C26 Planning exp::control
1498349436902,Ar/THKfril,HJI Shared,exp::treatment,HJI_C26 Planning,HJI_C26 Planning exp::treatment
1498349436903,J9:#%%.tX6,HJI Shared,exp::treatment,HJI_C26 Planning,HJI_C26 Planning exp::treatment
1498349436904,xznUx`kX#:,HJI Shared,exp::control,HJI_C26 Planning,HJI_C26 Planning exp::control
1498349436905,d4L~3&(.}~,HJI Shared,exp::control,HJI_C26 Planning,HJI_C26 Planning exp::control
1498349436906,s`yOFM>nnG,HJI Shared,exp::control,HJI_C26 Planning,HJI_C26 Planning exp::control
1498349436907,x]3@sX`hM0,HJI Shared,exp::treatment,HJI_C26 Planning,HJI_C26 Planning exp::treatment
1498349436908,kpp!.Nzasr,HJI Shared,exp::control,HJI_C26 Planning,HJI_C26 Planning exp::control
1498349436909,c!t[<Hm0ao,HJI Shared,exp::control,HJI_C26 Planning,HJI_C26 Planning exp::control
1498349436910,BhD[-]x^c{,HJI Shared,exp::control,HJI_C26 Planning,HJI_C26 Planning exp::control
1498349436911,LRM{EG6F&=,HJI Shared,exp::treatment,HJI_C26 Planning,HJI_C26 Planning exp::treatment
1498349436912,JO=]vNf3!G,HJI Shared,exp::control,HJI_C26 Planning,HJI_C26 Planning exp::control
1498349436913,IEEU)f<1IM,HJI Shared,exp::control,HJI_C27 Restaurants,HJI_C27 Restaurants exp::control
1498349436914,xM1-y7k7M@,HJI Shared,exp::control,HJI_C27 Restaurants,HJI_C27 Restaurants exp::control
1498349436915,iw:U~(**!-,HJI Shared,exp::control,HJI_C27 Restaurants,HJI_C27 Restaurants exp::control
1498349436916,gwbQUO:k!$,HJI Shared,exp::treatment,HJI_C27 Restaurants,HJI_C27 Restaurants exp::treatment
1498349436917,K1;zm<x)z(,HJI Shared,exp::treatment,HJI_C27 Restaurants,HJI_C27 Restaurants exp::treatment
1498349436918,L8ME::woop,HJI Shared,exp::treatment,HJI_C27 Restaurants,HJI_C27 Restaurants exp::treatment
1498349436919,"J#,`<b[z?x",HJI Shared,exp::treatment,HJI_C27 Restaurants,HJI_C27 Restaurants exp::treatment
1498349436920,uUj~!:q.|N,HJI Shared,exp::control,HJI_C27 Restaurants,HJI_C27 Restaurants exp::control
1498349436921,j0WCH^|]3p,HJI Shared,exp::control,HJI_C27 Restaurants,HJI_C27 Restaurants exp::control
1498349436922,bw0l#w%!#A,HJI Shared,exp::control,HJI_C27 Restaurants,HJI_C27 Restaurants exp::control
1498349436923,"w}nw,^7Q^@",HJI Shared,exp::treatment,HJI_C27 Restaurants,HJI_C27 Restaurants exp::treatment
1498349436924,tB5&U.[LHQ,HJI Shared,exp::treatment,HJI_C27 Restaurants,HJI_C27 Restaurants exp::treatment
1498349436925,v<D#-BPmG$,HJI Shared,exp::control,HJI_C27 Restaurants,HJI_C27 Restaurants exp::control
1498349436926,m@/Bm{OQ?,HJI Shared,exp::control,HJI_C27 Restaurants,HJI_C27 Restaurants exp::control
1498349436927,"kVV^CC,2jU",HJI Shared,exp::treatment,HJI_C27 Restaurants,HJI_C27 Restaurants exp::treatment
1498349436928,D=(Ykn~#{l,HJI Shared,exp::treatment,HJI_C27 Restaurants,HJI_C27 Restaurants exp::treatment
1498349436929,B[p2)bK;3^,HJI Shared,exp::control,HJI_C27 Restaurants,HJI_C27 Restaurants exp::control
1498349436930,b?}=>GBv;9,HJI Shared,exp::treatment,HJI_C27 Restaurants,HJI_C27 Restaurants exp::treatment
1498349436931,"B~9nhp,rI.",HJI Shared,exp::treatment,HJI_C27 Restaurants,HJI_C27 Restaurants exp::treatment
1498349436932,yOxdFAYKe9,HJI Shared,exp::control,HJI_C27 Restaurants,HJI_C27 Restaurants exp::control
1498349436933,E7phnWo`97,HJI Shared,exp::control,HJI_C27 Restaurants,HJI_C27 Restaurants exp::control
1498349436934,y1J/fm>8L3,HJI Shared,exp::treatment,HJI_C27 Restaurants,HJI_C27 Restaurants exp::treatment
1498349436935,f.mLUlOcr:,HJI Shared,exp::control,HJI_C27 Restaurants,HJI_C27 Restaurants exp::control
1498349436936,"Az3?4U6,du",HJI Shared,exp::treatment,HJI_C27 Restaurants,HJI_C27 Restaurants exp::treatment
1498349436937,J.{)l&z^HC,HJI Shared,exp::treatment,HJI_C27 Restaurants,HJI_C27 Restaurants exp::treatment
1498349436938,IJGLcmZ6(/,HJI Shared,exp::treatment,HJI_C27 Restaurants,HJI_C27 Restaurants exp::treatment
1498349436939,ft6Y@FcWD=,HJI Shared,exp::control,HJI_C27 Restaurants,HJI_C27 Restaurants exp::control
1498349436940,wDlA9>tOvz,HJI Shared,exp::treatment,HJI_C27 Restaurants,HJI_C27 Restaurants exp::treatment
1498349436941,OnMm.nC!*(,HJI Shared,exp::treatment,HJI_C27 Restaurants,HJI_C27 Restaurants exp::treatment
1498349436942,bd#Un_;`jJ,HJI Shared,exp::treatment,HJI_C27 Restaurants,HJI_C27 Restaurants exp::treatment
1498349436943,D{0dIzJ}58,HJI Shared,exp::control,HJI_C27 Restaurants,HJI_C27 Restaurants exp::control
1498349436944,BIdwUiwHsd,HJI Shared,exp::treatment,HJI_C27 Restaurants,HJI_C27 Restaurants exp::treatment
1498349436945,AUbGOR3Y%O,HJI Shared,exp::control,HJI_C27 Restaurants,HJI_C27 Restaurants exp::control
1498349436946,y:n+Z%paL/,HJI Shared,exp::control,HJI_C27 Restaurants,HJI_C27 Restaurants exp::control
1498349436947,JjQPM)%EWq,HJI Shared,exp::treatment,HJI_C27 Restaurants,HJI_C27 Restaurants exp::treatment
1498349436948,DODkYmk-HD,HJI Shared,exp::treatment,HJI_C27 Restaurants,HJI_C27 Restaurants exp::treatment
1498349436949,lC}!{u#vxG,HJI Shared,exp::treatment,HJI_C27 Restaurants,HJI_C27 Restaurants exp::treatment
1498349436950,Og3_?(RYUu,HJI Shared,exp::treatment,HJI_C27 Restaurants,HJI_C27 Restaurants exp::treatment
1498349436951,FXJY:>y;VG,HJI Shared,exp::control,HJI_C27 Restaurants,HJI_C27 Restaurants exp::control
1498349436952,n;YG2Y%:.7,HJI Shared,exp::control,HJI_C27 Restaurants,HJI_C27 Restaurants exp::control
1498349436953,chRt9;4Xgb,HJI Shared,exp::treatment,HJI_C27 Restaurants,HJI_C27 Restaurants exp::treatment
1498349436954,n-_*JP%(&b,HJI Shared,exp::control,HJI_C27 Restaurants,HJI_C27 Restaurants exp::control
1498349436955,kBQpjeF/iv,HJI Shared,exp::control,HJI_C27 Restaurants,HJI_C27 Restaurants exp::control
1498349436956,"d%%I,2YwQL",HJI Shared,exp::treatment,HJI_C27 Restaurants,HJI_C27 Restaurants exp::treatment
1498349436957,y~>*UR=W(i,HJI Shared,exp::control,HJI_C27 Restaurants,HJI_C27 Restaurants exp::control
1498349436958,otI00KhdX-,HJI Shared,exp::treatment,HJI_C27 Restaurants,HJI_C27 Restaurants exp::treatment
1498349436959,vCdDVc6c{#,HJI Shared,exp::control,HJI_C27 Restaurants,HJI_C27 Restaurants exp::control
1498349436960,pg4omv?n2^,HJI Shared,exp::control,HJI_C27 Restaurants,HJI_C27 Restaurants exp::control
1498349436961,rZ!K)6j%Iw,HJI Shared,exp::control,HJI_C27 Restaurants,HJI_C27 Restaurants exp::control
1498349436962,k3y*Vwe2*7,HJI Shared,exp::treatment,HJI_C27 Restaurants,HJI_C27 Restaurants exp::treatment
1498349436963,e7ke~Xt*|F,HJI Shared,exp::treatment,HJI_C27 Restaurants,HJI_C27 Restaurants exp::treatment
1498349436964,J/1qGN*BJh,HJI Shared,exp::treatment,HJI_C27 Restaurants,HJI_C27 Restaurants exp::treatment
1498349436965,l.Xe}_7]9R,HJI Shared,exp::treatment,HJI_C27 Restaurants,HJI_C27 Restaurants exp::treatment
1498349436966,f@.LjQ=Jb~,HJI Shared,exp::control,HJI_C27 Restaurants,HJI_C27 Restaurants exp::control
1498349436967,ivqv@%^St0,HJI Shared,exp::control,HJI_C27 Restaurants,HJI_C27 Restaurants exp::control
1498349436968,LI=Pi).4ez,HJI Shared,exp::treatment,HJI_C27 Restaurants,HJI_C27 Restaurants exp::treatment
1498349436969,s[^IvOM7;=,HJI Shared,exp::treatment,HJI_C27 Restaurants,HJI_C27 Restaurants exp::treatment
1498349436970,tB{;[ZU{AK,HJI Shared,exp::control,HJI_C27 Restaurants,HJI_C27 Restaurants exp::control
1498349436971,OM%tnoKdA9,HJI Shared,exp::treatment,HJI_C27 Restaurants,HJI_C27 Restaurants exp::treatment
1498349436972,tn#WpuCkqP,HJI Shared,exp::control,HJI_C27 Restaurants,HJI_C27 Restaurants exp::control
1498349436973,cS[CcA2wW!,HJI Shared,exp::treatment,HJI_C27 Restaurants,HJI_C27 Restaurants exp::treatment
1498349436974,yaNlX3F9tr,HJI Shared,exp::treatment,HJI_C27 Restaurants,HJI_C27 Restaurants exp::treatment
1498349436975,b-*]/loO*.,HJI Shared,exp::treatment,HJI_C27 Restaurants,HJI_C27 Restaurants exp::treatment
1498349436976,l*dX77IKeN,HJI Shared,exp::treatment,HJI_C27 Restaurants,HJI_C27 Restaurants exp::treatment
1498349436977,sP<Mgo`y&8,HJI Shared,exp::treatment,HJI_C27 Restaurants,HJI_C27 Restaurants exp::treatment
1498349436978,lwCwgs|>Yc,HJI Shared,exp::control,HJI_C27 Restaurants,HJI_C27 Restaurants exp::control
1498349436979,wY3bBK/EY%,HJI Shared,exp::control,HJI_C27 Restaurants,HJI_C27 Restaurants exp::control
1498349436980,o`r1O@c`9y,HJI Shared,exp::treatment,HJI_C27 Restaurants,HJI_C27 Restaurants exp::treatment
1498349436981,igp&*/v+3#,HJI Shared,exp::control,HJI_C27 Restaurants,HJI_C27 Restaurants exp::control
1498349436982,hgnqu~jk5Y,HJI Shared,exp::control,HJI_C27 Restaurants,HJI_C27 Restaurants exp::control
1498349436983,t}tM0+y-BP,HJI Shared,exp::treatment,HJI_C27 Restaurants,HJI_C27 Restaurants exp::treatment
1498349436984,Q(C^rs_jf(,HJI Shared,exp::control,HJI_C27 Restaurants,HJI_C27 Restaurants exp::control
1498349436985,EQZ6C9;)mo,HJI Shared,exp::treatment,HJI_C27 Restaurants,HJI_C27 Restaurants exp::treatment
1498349436986,Oe/TiemrZ[,HJI Shared,exp::treatment,HJI_C27 Restaurants,HJI_C27 Restaurants exp::treatment
1498349436987,Ew%4[@I1U$,HJI Shared,exp::control,HJI_C27 Restaurants,HJI_C27 Restaurants exp::control
1498349436988,htzG>Xc?`0,HJI Shared,exp::treatment,HJI_C27 Restaurants,HJI_C27 Restaurants exp::treatment
1498349436989,CmkV`EjdbG,HJI Shared,exp::control,HJI_C27 Restaurants,HJI_C27 Restaurants exp::control
1498349436990,Cir)pl1vv.,HJI Shared,exp::control,HJI_C27 Restaurants,HJI_C27 Restaurants exp::control
1498349436991,"r,]#54g06=",HJI Shared,exp::control,HJI_C27 Restaurants,HJI_C27 Restaurants exp::control
1498349436992,Ec^`e}LB48,HJI Shared,exp::control,HJI_C27 Restaurants,HJI_C27 Restaurants exp::control
1498349436993,KH)A<lYjOR,HJI Shared,exp::control,HJI_C27 Restaurants,HJI_C27 Restaurants exp::control
1498349436994,MFKU/1x!Yc,HJI Shared,exp::control,HJI_C27 Restaurants,HJI_C27 Restaurants exp::control
1498349436995,NeY`;=^>Y],HJI Shared,exp::treatment,HJI_C27 Restaurants,HJI_C27 Restaurants exp::treatment
1498349436996,Gor;9.JbLA,HJI Shared,exp::control,HJI_C27 Restaurants,HJI_C27 Restaurants exp::control
1498349436997,o.:1Du))kg,HJI Shared,exp::control,HJI_C27 Restaurants,HJI_C27 Restaurants exp::control
1498349436998,e1b+eBd101,HJI Shared,exp::treatment,HJI_C27 Restaurants,HJI_C27 Restaurants exp::treatment
1498349436999,NF1[7h?!JE,HJI Shared,exp::control,HJI_C27 Restaurants,HJI_C27 Restaurants exp::control
1498349437000,so{olvx8Zu,HJI Shared,exp::treatment,HJI_C27 Restaurants,HJI_C27 Restaurants exp::treatment
1498349437001,oDtYhJj}_*,HJI Shared,exp::control,HJI_C27 Restaurants,HJI_C27 Restaurants exp::control
1498349437002,d@&K57iY%{,HJI Shared,exp::treatment,HJI_C27 Restaurants,HJI_C27 Restaurants exp::treatment
1498349437003,GouY4q%n[[,HJI Shared,exp::control,HJI_C27 Restaurants,HJI_C27 Restaurants exp::control
1498349437004,tj2pEj$OBb,HJI Shared,exp::control,HJI_C27 Restaurants,HJI_C27 Restaurants exp::control
1498349437005,E(hEuSKyJ!,HJI Shared,exp::control,HJI_C27 Restaurants,HJI_C27 Restaurants exp::control
1498349437006,l?w=w}L1xa,HJI Shared,exp::treatment,HJI_C27 Restaurants,HJI_C27 Restaurants exp::treatment
1498349437007,E$u>g4c{d9,HJI Shared,exp::control,HJI_C27 Restaurants,HJI_C27 Restaurants exp::control
1498349437008,HQV034z$DK,HJI Shared,exp::treatment,HJI_C27 Restaurants,HJI_C27 Restaurants exp::treatment
1498349437009,g<[yb_T?8D,HJI Shared,exp::treatment,HJI_C27 Restaurants,HJI_C27 Restaurants exp::treatment
1498349437010,"i-l<O<],c%",HJI Shared,exp::control,HJI_C27 Restaurants,HJI_C27 Restaurants exp::control
1498349437011,H`C}=?ed5`,HJI Shared,exp::control,HJI_C27 Restaurants,HJI_C27 Restaurants exp::control
1498349437012,iS+xA}=QWs,HJI Shared,exp::treatment,HJI_C27 Restaurants,HJI_C27 Restaurants exp::treatment
1498349437013,fp9n@T]6/`,HJI Shared,exp::treatment,HJI_C27 Restaurants,HJI_C27 Restaurants exp::treatment
1498349437014,M$T`g[W(~%,HJI Shared,exp::treatment,HJI_C28 Nominalization,HJI_C28 Nominalization exp::treatment
1498349437015,QP5i@z84=a,HJI Shared,exp::control,HJI_C28 Nominalization,HJI_C28 Nominalization exp::control
1498349437016,pXB>fzOyVF,HJI Shared,exp::control,HJI_C28 Nominalization,HJI_C28 Nominalization exp::control
1498349437017,h`wOP>GB[&,HJI Shared,exp::control,HJI_C28 Nominalization,HJI_C28 Nominalization exp::control
1498349437018,EWur;k&LI|,HJI Shared,exp::control,HJI_C28 Nominalization,HJI_C28 Nominalization exp::control
1498349437019,xD4xe/dSj<,HJI Shared,exp::control,HJI_C28 Nominalization,HJI_C28 Nominalization exp::control
1498349437020,N}1MO)O]i.,HJI Shared,exp::control,HJI_C28 Nominalization,HJI_C28 Nominalization exp::control
1498349437021,k/{p5v8TnY,HJI Shared,exp::control,HJI_C28 Nominalization,HJI_C28 Nominalization exp::control
1498349437022,D/R=>|fj05,HJI Shared,exp::treatment,HJI_C28 Nominalization,HJI_C28 Nominalization exp::treatment
1498349437023,"Ay{`;8sh7,",HJI Shared,exp::control,HJI_C28 Nominalization,HJI_C28 Nominalization exp::control
1498349437024,l:]z?MW)jY,HJI Shared,exp::control,HJI_C28 Nominalization,HJI_C28 Nominalization exp::control
1498349437025,o2:aI6a>=x,HJI Shared,exp::treatment,HJI_C28 Nominalization,HJI_C28 Nominalization exp::treatment
1498349437026,j}FuP5`Q~p,HJI Shared,exp::treatment,HJI_C28 Nominalization,HJI_C28 Nominalization exp::treatment
1498349437027,nU5as2F!nS,HJI Shared,exp::treatment,HJI_C28 Nominalization,HJI_C28 Nominalization exp::treatment
1498349437028,DA.8r=d;Qz,HJI Shared,exp::treatment,HJI_C28 Nominalization,HJI_C28 Nominalization exp::treatment
1498349437029,eU0C>Jc)G&,HJI Shared,exp::control,HJI_C28 Nominalization,HJI_C28 Nominalization exp::control
1498349437030,vS7K$qpdo7,HJI Shared,exp::control,HJI_C28 Nominalization,HJI_C28 Nominalization exp::control
1498349437031,nTmR{tw)ep,HJI Shared,exp::treatment,HJI_C28 Nominalization,HJI_C28 Nominalization exp::treatment
1498349437032,uBPkUz<Vff,HJI Shared,exp::treatment,HJI_C28 Nominalization,HJI_C28 Nominalization exp::treatment
1498349437033,wR;PVho`Y,HJI Shared,exp::control,HJI_C28 Nominalization,HJI_C28 Nominalization exp::control
1498349437034,gxhaV|g#(K,HJI Shared,exp::control,HJI_C28 Nominalization,HJI_C28 Nominalization exp::control
1498349437035,MnI`0teIHz,HJI Shared,exp::treatment,HJI_C28 Nominalization,HJI_C28 Nominalization exp::treatment
1498349437036,l4c4X&Gh*0,HJI Shared,exp::control,HJI_C28 Nominalization,HJI_C28 Nominalization exp::control
1498349437037,o^yV82pic4,HJI Shared,exp::treatment,HJI_C28 Nominalization,HJI_C28 Nominalization exp::treatment
1498349437038,qV_@;^7NYy,HJI Shared,exp::control,HJI_C28 Nominalization,HJI_C28 Nominalization exp::control
1498349437039,QI<t*?Q`w},HJI Shared,exp::control,HJI_C28 Nominalization,HJI_C28 Nominalization exp::control
1498349437040,O6#<5(_Iva,HJI Shared,exp::treatment,HJI_C28 Nominalization,HJI_C28 Nominalization exp::treatment
1498349437041,vNHHe*m|9},HJI Shared,exp::control,HJI_C28 Nominalization,HJI_C28 Nominalization exp::control
1498349437042,"qnSq:@w,8Y",HJI Shared,exp::control,HJI_C28 Nominalization,HJI_C28 Nominalization exp::control
1498349437043,f5$0s!TX*L,HJI Shared,exp::control,HJI_C28 Nominalization,HJI_C28 Nominalization exp::control
1498349437044,l`!.A)9.06,HJI Shared,exp::control,HJI_C28 Nominalization,HJI_C28 Nominalization exp::control
1498349437045,c<Y*}s~w,HJI Shared,exp::control,HJI_C28 Nominalization,HJI_C28 Nominalization exp::control
1498349437046,n`(+zg}L|G,HJI Shared,exp::control,HJI_C28 Nominalization,HJI_C28 Nominalization exp::control
1498349437047,A&wuRtW^l|,HJI Shared,exp::control,HJI_C28 Nominalization,HJI_C28 Nominalization exp::control
1498349437048,lapQ;UPcQN,HJI Shared,exp::control,HJI_C28 Nominalization,HJI_C28 Nominalization exp::control
1498349437049,r|}q>&gr{R,HJI Shared,exp::control,HJI_C28 Nominalization,HJI_C28 Nominalization exp::control
1498349437050,nmG;F#Nen&,HJI Shared,exp::treatment,HJI_C28 Nominalization,HJI_C28 Nominalization exp::treatment
1498349437051,mi&-Z:^w;N,HJI Shared,exp::control,HJI_C28 Nominalization,HJI_C28 Nominalization exp::control
1498349437052,vjMYX3yeN=,HJI Shared,exp::control,HJI_C28 Nominalization,HJI_C28 Nominalization exp::control
1498349437053,c#e{6cR`E>,HJI Shared,exp::control,HJI_C28 Nominalization,HJI_C28 Nominalization exp::control
1498349437054,zV?f7A7=V/,HJI Shared,exp::control,HJI_C28 Nominalization,HJI_C28 Nominalization exp::control
1498349437055,HA8i|u8g2[,HJI Shared,exp::control,HJI_C28 Nominalization,HJI_C28 Nominalization exp::control
1498349437056,Ci]H4pDYF*,HJI Shared,exp::control,HJI_C28 Nominalization,HJI_C28 Nominalization exp::control
1498349437057,C:v?bbLiXM,HJI Shared,exp::treatment,HJI_C28 Nominalization,HJI_C28 Nominalization exp::treatment
1498349437058,g&-(u]&=)+,HJI Shared,exp::treatment,HJI_C28 Nominalization,HJI_C28 Nominalization exp::treatment
1498349437059,QqA=E]yypt,HJI Shared,exp::control,HJI_C28 Nominalization,HJI_C28 Nominalization exp::control
1498349437060,r9rZDNKZ=1,HJI Shared,exp::treatment,HJI_C28 Nominalization,HJI_C28 Nominalization exp::treatment
1498349437061,u2Lz;3U=JN,HJI Shared,exp::control,HJI_C28 Nominalization,HJI_C28 Nominalization exp::control
1498349437062,d_5@U%9$5>,HJI Shared,exp::treatment,HJI_C28 Nominalization,HJI_C28 Nominalization exp::treatment
1498349437063,mQeilXc!?;,HJI Shared,exp::treatment,HJI_C28 Nominalization,HJI_C28 Nominalization exp::treatment
1498349437064,"Q;FxKOtK,W",HJI Shared,exp::control,HJI_C28 Nominalization,HJI_C28 Nominalization exp::control
1498349437065,PG(bSl2f`p,HJI Shared,exp::treatment,HJI_C28 Nominalization,HJI_C28 Nominalization exp::treatment
1498349437066,B(LHqKfr&w,HJI Shared,exp::control,HJI_C28 Nominalization,HJI_C28 Nominalization exp::control
1498349437067,E7?O}b0gR[,HJI Shared,exp::treatment,HJI_C28 Nominalization,HJI_C28 Nominalization exp::treatment
1498349437068,J~hTf8V=JR,HJI Shared,exp::control,HJI_C28 Nominalization,HJI_C28 Nominalization exp::control
1498349437069,y6%RP[Ju2a,HJI Shared,exp::treatment,HJI_C28 Nominalization,HJI_C28 Nominalization exp::treatment
1498349437070,mk-]bdx6o),HJI Shared,exp::control,HJI_C28 Nominalization,HJI_C28 Nominalization exp::control
1498349437071,v*E=&6:b[x,HJI Shared,exp::control,HJI_C28 Nominalization,HJI_C28 Nominalization exp::control
1498349437072,w[Xb38}*-E,HJI Shared,exp::treatment,HJI_C28 Nominalization,HJI_C28 Nominalization exp::treatment
1498349437073,e>IAH3gY.|,HJI Shared,exp::treatment,HJI_C28 Nominalization,HJI_C28 Nominalization exp::treatment
1498349437074,"z2-5>y;P,8",HJI Shared,exp::control,HJI_C28 Nominalization,HJI_C28 Nominalization exp::control
1498349437075,oRD2vy}n<;,HJI Shared,exp::treatment,HJI_C28 Nominalization,HJI_C28 Nominalization exp::treatment
1498349437076,K7a/A7gr8k,HJI Shared,exp::treatment,HJI_C28 Nominalization,HJI_C28 Nominalization exp::treatment
1498349437077,"F,-gBkUxGk",HJI Shared,exp::treatment,HJI_C28 Nominalization,HJI_C28 Nominalization exp::treatment
1498349437078,t%3)h-G51H,HJI Shared,exp::control,HJI_C28 Nominalization,HJI_C28 Nominalization exp::control
1498349437079,pUf9pw::3V,HJI Shared,exp::treatment,HJI_C28 Nominalization,HJI_C28 Nominalization exp::treatment
1498349437080,P)[@ry>M#t,HJI Shared,exp::treatment,HJI_C28 Nominalization,HJI_C28 Nominalization exp::treatment
1498349437081,L=mZY61kSQ,HJI Shared,exp::treatment,HJI_C28 Nominalization,HJI_C28 Nominalization exp::treatment
1498349437082,N<[HP7Xp0d,HJI Shared,exp::control,HJI_C28 Nominalization,HJI_C28 Nominalization exp::control
1498349437083,u}a:RS1q4.,HJI Shared,exp::control,HJI_C28 Nominalization,HJI_C28 Nominalization exp::control
1498349437084,uePhtkgRw8,HJI Shared,exp::control,HJI_C28 Nominalization,HJI_C28 Nominalization exp::control
1498349437085,rIo<~OV}N9,HJI Shared,exp::treatment,HJI_C28 Nominalization,HJI_C28 Nominalization exp::treatment
1498349437086,nQb|Bn~?em,HJI Shared,exp::treatment,HJI_C28 Nominalization,HJI_C28 Nominalization exp::treatment
1498349437087,un*k30/8e),HJI Shared,exp::treatment,HJI_C29 WaGa,HJI_C29 WaGa exp::treatment
1498349437088,l/jYtUhav8,HJI Shared,exp::control,HJI_C29 WaGa,HJI_C29 WaGa exp::control
1498349437089,lLVmPMmRQ,HJI Shared,exp::treatment,HJI_C29 WaGa,HJI_C29 WaGa exp::treatment
1498349437090,z/((!~-2a.,HJI Shared,exp::control,HJI_C29 WaGa,HJI_C29 WaGa exp::control
1498349437091,iW_Isk{^XX,HJI Shared,exp::control,HJI_C29 WaGa,HJI_C29 WaGa exp::control
1498349437092,edZ8x06{u[,HJI Shared,exp::treatment,HJI_C29 WaGa,HJI_C29 WaGa exp::treatment
1498349437093,iYlk--m2xk,HJI Shared,exp::treatment,HJI_C29 WaGa,HJI_C29 WaGa exp::treatment
1498349437094,"o2,H%B`bll",HJI Shared,exp::control,HJI_C29 WaGa,HJI_C29 WaGa exp::control
1498349437095,l+xEfoF~)/,HJI Shared,exp::control,HJI_C29 WaGa,HJI_C29 WaGa exp::control
1498349437096,HOlJW-~[/(,HJI Shared,exp::control,HJI_C29 WaGa,HJI_C29 WaGa exp::control
1498349437097,t-(zIo&-o.,HJI Shared,exp::treatment,HJI_C29 WaGa,HJI_C29 WaGa exp::treatment
1498349437098,qUcG(iuK`8,HJI Shared,exp::treatment,HJI_C29 WaGa,HJI_C29 WaGa exp::treatment
1498349437099,Dtpf~x%@O=,HJI Shared,exp::treatment,HJI_C29 WaGa,HJI_C29 WaGa exp::treatment
1498349437100,DZ43+=wC;E,HJI Shared,exp::control,HJI_C29 WaGa,HJI_C29 WaGa exp::control
1498349437101,n`U^b+w(2C,HJI Shared,exp::treatment,HJI_C29 WaGa,HJI_C29 WaGa exp::treatment
1498349437102,kV6SINx8w6,HJI Shared,exp::treatment,HJI_C29 WaGa,HJI_C29 WaGa exp::treatment
1498349437103,nDe|CbLdI?,HJI Shared,exp::control,HJI_C29 WaGa,HJI_C29 WaGa exp::control
1498349437104,wTaJkQS}Fb,HJI Shared,exp::treatment,HJI_C29 WaGa,HJI_C29 WaGa exp::treatment
1498349437105,nkd9:Ve^m!,HJI Shared,exp::treatment,HJI_C29 WaGa,HJI_C29 WaGa exp::treatment
1498349437106,bmMEBrxQ.l,HJI Shared,exp::control,HJI_C29 WaGa,HJI_C29 WaGa exp::control
1498349437107,Ob?PA|L2pZ,HJI Shared,exp::control,HJI_C29 WaGa,HJI_C29 WaGa exp::control
1498349437108,HAN`Y~&1>c,HJI Shared,exp::control,HJI_C29 WaGa,HJI_C29 WaGa exp::control
1498349437109,"KWrtCB>-b,",HJI Shared,exp::treatment,HJI_C29 WaGa,HJI_C29 WaGa exp::treatment
1498349437110,vY-^7uRTB*,HJI Shared,exp::treatment,HJI_C29 WaGa,HJI_C29 WaGa exp::treatment
1498349437111,r;.K)zsQ(b,HJI Shared,exp::control,HJI_C29 WaGa,HJI_C29 WaGa exp::control
1498349437112,h04iZaRZ=Q,HJI Shared,exp::treatment,HJI_C29 WaGa,HJI_C29 WaGa exp::treatment
1498349437113,IaEWA{FOsy,HJI Shared,exp::treatment,HJI_C29 WaGa,HJI_C29 WaGa exp::treatment
1498349437114,I4[%0ZbY[b,HJI Shared,exp::control,HJI_C29 WaGa,HJI_C29 WaGa exp::control
1498349437115,g[S=^-#1qc,HJI Shared,exp::control,HJI_C29 WaGa,HJI_C29 WaGa exp::control
1498349437116,JEKH0+kx97,HJI Shared,exp::control,HJI_C29 WaGa,HJI_C29 WaGa exp::control
1498349437117,B0+[pH2TtR,HJI Shared,exp::treatment,HJI_C29 WaGa,HJI_C29 WaGa exp::treatment
1498349437118,wp;HgA?;R-,HJI Shared,exp::control,HJI_C29 WaGa,HJI_C29 WaGa exp::control
1498349437119,IC{-08LDfG,HJI Shared,exp::control,HJI_C29 WaGa,HJI_C29 WaGa exp::control
1498349437120,di4v<K_{p(,HJI Shared,exp::treatment,HJI_C29 WaGa,HJI_C29 WaGa exp::treatment
1498349437121,O@o=w4PC=7,HJI Shared,exp::treatment,HJI_C29 WaGa,HJI_C29 WaGa exp::treatment
1498349437122,"g`Y]ELW,.l",HJI Shared,exp::treatment,HJI_C29 WaGa,HJI_C29 WaGa exp::treatment
1498349437123,iJ5Y_79Q1R,HJI Shared,exp::control,HJI_C29 WaGa,HJI_C29 WaGa exp::control
1498349437124,gbsQWA?<M>,HJI Shared,exp::treatment,HJI_C29 WaGa,HJI_C29 WaGa exp::treatment
1498349437125,"H{-P,?dtd)",HJI Shared,exp::treatment,HJI_C29 WaGa,HJI_C29 WaGa exp::treatment
1498349437126,wvwkS)sTQv,HJI Shared,exp::treatment,HJI_C29 WaGa,HJI_C29 WaGa exp::treatment
1498349437127,lRc{r;q[$i,HJI Shared,exp::treatment,HJI_C29 WaGa,HJI_C29 WaGa exp::treatment
1498349437128,p4v.oC/5Xr,HJI Shared,exp::treatment,HJI_C29 WaGa,HJI_C29 WaGa exp::treatment
1498349437129,Fr*@}i6bf},HJI Shared,exp::treatment,HJI_C29 WaGa,HJI_C29 WaGa exp::treatment
1498349437130,qpPIq:OSx_,HJI Shared,exp::control,HJI_C29 WaGa,HJI_C29 WaGa exp::control
1498349437131,u#Y+u+B5tz,HJI Shared,exp::control,HJI_C29 WaGa,HJI_C29 WaGa exp::control
1498349437132,"G80*q~48,f",HJI Shared,exp::treatment,HJI_C29 WaGa,HJI_C29 WaGa exp::treatment
1498349437133,H+N!L=v(va,HJI Shared,exp::treatment,HJI_C29 WaGa,HJI_C29 WaGa exp::treatment
1498349437134,mbdf&TWhd3,HJI Shared,exp::treatment,HJI_C29 WaGa,HJI_C29 WaGa exp::treatment
1498349437135,EIy5[(uv~o,HJI Shared,exp::control,HJI_C29 WaGa,HJI_C29 WaGa exp::control
1498349437136,OU!]:r2Y~%,HJI Shared,exp::control,HJI_C29 WaGa,HJI_C29 WaGa exp::control
1498349437137,z^WS^o@ct@,HJI Shared,exp::treatment,HJI_C29 WaGa,HJI_C29 WaGa exp::treatment
1498349437138,"DR&,T4NEs3",HJI Shared,exp::treatment,HJI_C29 WaGa,HJI_C29 WaGa exp::treatment
1498349437139,QL>RiFP=yq,HJI Shared,exp::treatment,HJI_C29 WaGa,HJI_C29 WaGa exp::treatment
1498349437140,z3`@KOo=DE,HJI Shared,exp::treatment,HJI_C29 WaGa,HJI_C29 WaGa exp::treatment
1498349437141,M:DP;d2J#/,HJI Shared,exp::control,HJI_C29 WaGa,HJI_C29 WaGa exp::control
1498349437142,e**iYJdTMO,HJI Shared,exp::control,HJI_C29 WaGa,HJI_C29 WaGa exp::control
1498349437143,CT&`Bj/Rh^,HJI Shared,exp::control,HJI_C29 WaGa,HJI_C29 WaGa exp::control
1498349437144,O+ntG6z!7v,HJI Shared,exp::treatment,HJI_C29 WaGa,HJI_C29 WaGa exp::treatment
1498349437145,Ac.t;dxJ_7,HJI Shared,exp::control,HJI_C29 WaGa,HJI_C29 WaGa exp::control
1498349437146,xiD?*]Z2Nt,HJI Shared,exp::control,HJI_C29 WaGa,HJI_C29 WaGa exp::control
1498349437147,kVAU]P}H!J,HJI Shared,exp::treatment,HJI_C29 WaGa,HJI_C29 WaGa exp::treatment
1498349437148,iQ7DJ*idF*,HJI Shared,exp::control,HJI_C29 WaGa,HJI_C29 WaGa exp::control
1498349437149,n3`aVi9hJP,HJI Shared,exp::control,HJI_C29 WaGa,HJI_C29 WaGa exp::control
1498349437150,D:QcylqhSV,HJI Shared,exp::treatment,HJI_C29 WaGa,HJI_C29 WaGa exp::treatment
1498349437151,w[5v!eZ5Cx,HJI Shared,exp::treatment,HJI_C29 WaGa,HJI_C29 WaGa exp::treatment
1498349437152,lE5@`G.KuG,HJI Shared,exp::control,HJI_C29 WaGa,HJI_C29 WaGa exp::control
1498349437153,j]d%BZ7Y!H,HJI Shared,exp::control,HJI_C29 WaGa,HJI_C29 WaGa exp::control
1498349437154,vn{7P8/1%d,HJI Shared,exp::treatment,HJI_C29 WaGa,HJI_C29 WaGa exp::treatment
1498349437155,e?Nb=3/wfY,HJI Shared,exp::control,HJI_C29 WaGa,HJI_C29 WaGa exp::control
1498349437156,y>C]=|_7?%,HJI Shared,exp::control,HJI_C29 WaGa,HJI_C29 WaGa exp::control
1498349437157,F6]M(_>3^k,HJI Shared,exp::control,HJI_C29 WaGa,HJI_C29 WaGa exp::control
1498349437158,x>aU[yMt0h,HJI Shared,exp::treatment,HJI_C29 WaGa,HJI_C29 WaGa exp::treatment
1498349437159,f}Qo!|jjon,HJI Shared,exp::control,HJI_C29 WaGa,HJI_C29 WaGa exp::control
1498349437160,C<Kx`6U@3_,HJI Shared,exp::control,HJI_C29 WaGa,HJI_C29 WaGa exp::control
1498349437161,m9WIG[ex>1,HJI Shared,exp::treatment,HJI_C30 Needing,HJI_C30 Needing exp::treatment
1498349437162,Ip&?@PVcc2,HJI Shared,exp::treatment,HJI_C30 Needing,HJI_C30 Needing exp::treatment
1498349437163,i35EVFd2LO,HJI Shared,exp::control,HJI_C30 Needing,HJI_C30 Needing exp::control
1498349437164,fy$bV`KUEP,HJI Shared,exp::treatment,HJI_C30 Needing,HJI_C30 Needing exp::treatment
1498349437165,t&_Z9!uVZc,HJI Shared,exp::treatment,HJI_C30 Needing,HJI_C30 Needing exp::treatment
1498349437166,tZ+KrcgU@?,HJI Shared,exp::treatment,HJI_C30 Needing,HJI_C30 Needing exp::treatment
1498349437167,p|Aw&w?Cr=,HJI Shared,exp::control,HJI_C30 Needing,HJI_C30 Needing exp::control
1498349437168,xq1tF#Ry<>,HJI Shared,exp::treatment,HJI_C30 Needing,HJI_C30 Needing exp::treatment
1498349437169,dLh{eU9L-X,HJI Shared,exp::control,HJI_C30 Needing,HJI_C30 Needing exp::control
1498349437170,b0K*)c-0BM,HJI Shared,exp::control,HJI_C30 Needing,HJI_C30 Needing exp::control
1498349437171,DV9x<h{aWN,HJI Shared,exp::control,HJI_C30 Needing,HJI_C30 Needing exp::control
1498349437172,D6i<;k|<3e,HJI Shared,exp::treatment,HJI_C30 Needing,HJI_C30 Needing exp::treatment
1498349437173,"P3GN7D,HjA",HJI Shared,exp::control,HJI_C30 Needing,HJI_C30 Needing exp::control
1498349437174,q[#k<Nit>!,HJI Shared,exp::treatment,HJI_C30 Needing,HJI_C30 Needing exp::treatment
1498349437175,r`vw>q9(]+,HJI Shared,exp::control,HJI_C30 Needing,HJI_C30 Needing exp::control
1498349437176,q#9%GLA2[E,HJI Shared,exp::treatment,HJI_C30 Needing,HJI_C30 Needing exp::treatment
1498349437177,"zgue*]N,eQ",HJI Shared,exp::control,HJI_C30 Needing,HJI_C30 Needing exp::control
1498349437178,e-/>bKo:C3,HJI Shared,exp::treatment,HJI_C30 Needing,HJI_C30 Needing exp::treatment
1498349437179,w6_P]q1cIO,HJI Shared,exp::control,HJI_C30 Needing,HJI_C30 Needing exp::control
1498349437180,dd4[jV_*1G,HJI Shared,exp::treatment,HJI_C30 Needing,HJI_C30 Needing exp::treatment
1498349437181,c~WV[^!==v,HJI Shared,exp::control,HJI_C30 Needing,HJI_C30 Needing exp::control
1498349437182,"fa>7cLJ_,2",HJI Shared,exp::control,HJI_C30 Needing,HJI_C30 Needing exp::control
1498349437183,"PsbhQs9q,H",HJI Shared,exp::treatment,HJI_C30 Needing,HJI_C30 Needing exp::treatment
1498349437184,MyHn9?_>i},HJI Shared,exp::treatment,HJI_C30 Needing,HJI_C30 Needing exp::treatment
1498349437185,Aydq_[S$}z,HJI Shared,exp::treatment,HJI_C30 Needing,HJI_C30 Needing exp::treatment
1498349437186,P@d)E/fQP=,HJI Shared,exp::control,HJI_C30 Needing,HJI_C30 Needing exp::control
1498349437187,Dlp!g;z+8$,HJI Shared,exp::treatment,HJI_C30 Needing,HJI_C30 Needing exp::treatment
1498349437188,k[U:ZQ!z<{,HJI Shared,exp::control,HJI_C30 Needing,HJI_C30 Needing exp::control
1498349437189,"b|X6,hAm+6",HJI Shared,exp::control,HJI_C30 Needing,HJI_C30 Needing exp::control
1498349437190,qXzggek(Yf,HJI Shared,exp::treatment,HJI_C30 Needing,HJI_C30 Needing exp::treatment
1498349437191,w3MFpGO3Sk,HJI Shared,exp::treatment,HJI_C30 Needing,HJI_C30 Needing exp::treatment
1498349437192,n1]r.!@}dh,HJI Shared,exp::treatment,HJI_C30 Needing,HJI_C30 Needing exp::treatment
1498349437193,wT7?(y}cvK,HJI Shared,exp::treatment,HJI_C30 Needing,HJI_C30 Needing exp::treatment
1498349437194,f|!DDTx};2,HJI Shared,exp::control,HJI_C30 Needing,HJI_C30 Needing exp::control
1498349437195,NNKtJX1i=&,HJI Shared,exp::control,HJI_C30 Needing,HJI_C30 Needing exp::control
1498349437196,i&A{Ydc^Zd,HJI Shared,exp::treatment,HJI_C30 Needing,HJI_C30 Needing exp::treatment
1498349437197,puvRmN_geg,HJI Shared,exp::treatment,HJI_C30 Needing,HJI_C30 Needing exp::treatment
1498349437198,jWa{ah&U!-,HJI Shared,exp::control,HJI_C30 Needing,HJI_C30 Needing exp::control
1498349437199,w!8A+@:#FW,HJI Shared,exp::control,HJI_C30 Needing,HJI_C30 Needing exp::control
1498349437200,B9a%vR|z=U,HJI Shared,exp::control,HJI_C30 Needing,HJI_C30 Needing exp::control
1498349437201,Q)7zyo1JPp,HJI Shared,exp::treatment,HJI_C30 Needing,HJI_C30 Needing exp::treatment
1498349437202,sNQ-IK|Ih[,HJI Shared,exp::treatment,HJI_C30 Needing,HJI_C30 Needing exp::treatment
1498349437203,l5=Q5m4ral,HJI Shared,exp::control,HJI_C30 Needing,HJI_C30 Needing exp::control
1498349437204,nrgfw}pmP(,HJI Shared,exp::control,HJI_C30 Needing,HJI_C30 Needing exp::control
1498349437205,Jv0RS&c-(z,HJI Shared,exp::treatment,HJI_C30 Needing,HJI_C30 Needing exp::treatment
1498349437206,OwK2eDbfaI,HJI Shared,exp::control,HJI_C30 Needing,HJI_C30 Needing exp::control
1498349437207,"pNowOWh,&{",HJI Shared,exp::treatment,HJI_C30 Needing,HJI_C30 Needing exp::treatment
1498349437208,y+(DRy(4~g,HJI Shared,exp::treatment,HJI_C30 Needing,HJI_C30 Needing exp::treatment
1498349437209,OjZeG}:_8l,HJI Shared,exp::control,HJI_C30 Needing,HJI_C30 Needing exp::control
1498349437210,o{^?--00]w,HJI Shared,exp::control,HJI_C30 Needing,HJI_C30 Needing exp::control
1498349437211,ILaMcBeJ5.,HJI Shared,exp::control,HJI_C30 Needing,HJI_C30 Needing exp::control
1498349437212,KZTubogNu5,HJI Shared,exp::control,HJI_C30 Needing,HJI_C30 Needing exp::control
1498349437213,m:.g!y5cUf,HJI Shared,exp::treatment,HJI_C30 Needing,HJI_C30 Needing exp::treatment
1498349437214,s~t59#$068,HJI Shared,exp::treatment,HJI_C30 Needing,HJI_C30 Needing exp::treatment
1498349437215,"E[k,9-wcu4",HJI Shared,exp::treatment,HJI_C30 Needing,HJI_C30 Needing exp::treatment
1498349437216,g(X00Yhw1v,HJI Shared,exp::control,HJI_C30 Needing,HJI_C30 Needing exp::control
1498349437217,B_cn*$T+{P,HJI Shared,exp::control,HJI_C30 Needing,HJI_C30 Needing exp::control
1498349437218,r?TaXa[@Fn,HJI Shared,exp::treatment,HJI_C30 Needing,HJI_C30 Needing exp::treatment
1498349437219,oE7Qi5Vk8T,HJI Shared,exp::control,HJI_C30 Needing,HJI_C30 Needing exp::control
1498349437220,BJXAlBBDuO,HJI Shared,exp::control,HJI_C30 Needing,HJI_C30 Needing exp::control
1498349437221,QsYA}*u/mB,HJI Shared,exp::treatment,HJI_C30 Needing,HJI_C30 Needing exp::treatment
1498349437222,"LR@j,AvH$8",HJI Shared,exp::control,HJI_C30 Needing,HJI_C30 Needing exp::control
1498349437223,GloeE6^#Ko,HJI Shared,exp::control,HJI_C30 Needing,HJI_C30 Needing exp::control
1498349437224,`t-&`g:=v,HJI Shared,exp::control,HJI_C30 Needing,HJI_C30 Needing exp::control
1498349437225,x]3LJF:!xe,HJI Shared,exp::control,HJI_C30 Needing,HJI_C30 Needing exp::control
1498349437226,"PAL,O&Rcax",HJI Shared,exp::control,HJI_C30 Needing,HJI_C30 Needing exp::control
1498349437227,x.0mFhuDRU,HJI Shared,exp::control,HJI_C30 Needing,HJI_C30 Needing exp::control
1498349437228,A.2+]S(Wl#,HJI Shared,exp::control,HJI_C30 Needing,HJI_C30 Needing exp::control
1498349437229,D:X3}Ohv#~,HJI Shared,exp::control,HJI_C30 Needing,HJI_C30 Needing exp::control
1498349437230,Nz*04y(*Wb,HJI Shared,exp::treatment,HJI_C30 Needing,HJI_C30 Needing exp::treatment
1498349437231,hugYN|XC1t,HJI Shared,exp::treatment,HJI_C30 Needing,HJI_C30 Needing exp::treatment
1498349437232,lE[NOqHk#w,HJI Shared,exp::control,HJI_C30 Needing,HJI_C30 Needing exp::control
1498349437233,bj]h=z#Y]p,HJI Shared,exp::treatment,HJI_C30 Needing,HJI_C30 Needing exp::treatment
1498349437234,uW9<o@JzXX,HJI Shared,exp::control,HJI_C30 Needing,HJI_C30 Needing exp::control
1498349437235,f{h/jx_%jp,HJI Shared,exp::treatment,HJI_C30 Needing,HJI_C30 Needing exp::treatment
1498349437236,sFs3:6L}^{,HJI Shared,exp::treatment,HJI_C30 Needing,HJI_C30 Needing exp::treatment
1498349437237,"BDDnXf?)0,",HJI Shared,exp::control,HJI_C30 Needing,HJI_C30 Needing exp::control
1498349437238,Ld5RxT2Ojx,HJI Shared,exp::control,HJI_C30 Needing,HJI_C30 Needing exp::control
1498349437239,w`?5rVS%d],HJI Shared,exp::control,HJI_C30 Needing,HJI_C30 Needing exp::control
1498349437240,t3GoQh)[gV,HJI Shared,exp::control,HJI_C30 Needing,HJI_C30 Needing exp::control
1498349437241,CP;%2D/~e#,HJI Shared,exp::treatment,Explaining HJI_C31,Explaining HJI_C31 exp::treatment
1498349437242,myo65[+}ww,HJI Shared,exp::treatment,Explaining HJI_C31,Explaining HJI_C31 exp::treatment
1498349437243,fF>zJgH>Pu,HJI Shared,exp::treatment,Explaining HJI_C31,Explaining HJI_C31 exp::treatment
1498349437244,nF[SYJP_5f,HJI Shared,exp::control,Explaining HJI_C31,Explaining HJI_C31 exp::control
1498349437245,"P!#/r7|mD,",HJI Shared,exp::treatment,Explaining HJI_C31,Explaining HJI_C31 exp::treatment
1498349437246,F`d#II(Vl,HJI Shared,exp::treatment,Explaining HJI_C31,Explaining HJI_C31 exp::treatment
1498349437247,"n^I2.0A,t8",HJI Shared,exp::treatment,Explaining HJI_C31,Explaining HJI_C31 exp::treatment
1498349437248,vnjSrHLM`h,HJI Shared,exp::treatment,Explaining HJI_C31,Explaining HJI_C31 exp::treatment
1498349437249,x#fDcgQ(|>,HJI Shared,exp::treatment,Explaining HJI_C31,Explaining HJI_C31 exp::treatment
1498349437250,qHZg[tS)GA,HJI Shared,exp::control,Explaining HJI_C31,Explaining HJI_C31 exp::control
1498349437251,ul0jMxiB8,HJI Shared,exp::treatment,Explaining HJI_C31,Explaining HJI_C31 exp::treatment
1498349437252,Q;K!w)7M>n,HJI Shared,exp::treatment,Explaining HJI_C31,Explaining HJI_C31 exp::treatment
1498349437253,Mt&!pe.*NG,HJI Shared,exp::control,Explaining HJI_C31,Explaining HJI_C31 exp::control
1498349437254,i]}M`TRN=~,HJI Shared,exp::treatment,Explaining HJI_C31,Explaining HJI_C31 exp::treatment
1498349437255,r*aF/Rs!Wj,HJI Shared,exp::control,Explaining HJI_C31,Explaining HJI_C31 exp::control
1498349437256,q0=GGY?@*a,HJI Shared,exp::treatment,Explaining HJI_C31,Explaining HJI_C31 exp::treatment
1498349437257,c#-LNeI|p{,HJI Shared,exp::control,Explaining HJI_C31,Explaining HJI_C31 exp::control
1498349437258,gum+bi8_5Q,HJI Shared,exp::treatment,Explaining HJI_C31,Explaining HJI_C31 exp::treatment
1498349437259,n6jZY{{=LC,HJI Shared,exp::treatment,Explaining HJI_C31,Explaining HJI_C31 exp::treatment
1498349437260,QK]2K<;MrY,HJI Shared,exp::treatment,Explaining HJI_C31,Explaining HJI_C31 exp::treatment
1498349437261,O/yx8P(9dy,HJI Shared,exp::treatment,Explaining HJI_C31,Explaining HJI_C31 exp::treatment
1498349437262,dsegK:j7NM,HJI Shared,exp::control,Explaining HJI_C31,Explaining HJI_C31 exp::control
1498349437263,O[/Iw|[n.C,HJI Shared,exp::treatment,Explaining HJI_C31,Explaining HJI_C31 exp::treatment
1498349437264,"bh=0;G*,4I",HJI Shared,exp::control,Explaining HJI_C31,Explaining HJI_C31 exp::control
1498349437265,K2N:p(9*Wq,HJI Shared,exp::treatment,Explaining HJI_C31,Explaining HJI_C31 exp::treatment
1498349437266,Gi;RW%my!9,HJI Shared,exp::control,Explaining HJI_C31,Explaining HJI_C31 exp::control
1498349437267,eq!P^nd(;f,HJI Shared,exp::treatment,Explaining HJI_C31,Explaining HJI_C31 exp::treatment
1498349437268,L8[j;QN}%A,HJI Shared,exp::control,Explaining HJI_C31,Explaining HJI_C31 exp::control
1498349437269,CAyjaeO|&S,HJI Shared,exp::control,Explaining HJI_C31,Explaining HJI_C31 exp::control
1498349437270,KOO<EyGxW2,HJI Shared,exp::control,Explaining HJI_C31,Explaining HJI_C31 exp::control
1498349437271,xpfMyOJLI1,HJI Shared,exp::control,Explaining HJI_C31,Explaining HJI_C31 exp::control
1498349437272,qkR{!e?Qg&,HJI Shared,exp::control,Explaining HJI_C31,Explaining HJI_C31 exp::control
1498349437273,v@w$MkedwP,HJI Shared,exp::treatment,Explaining HJI_C31,Explaining HJI_C31 exp::treatment
1498349437274,tDQ<lijS4b,HJI Shared,exp::control,Explaining HJI_C31,Explaining HJI_C31 exp::control
1498349437275,"M^Zq[`,pGp",HJI Shared,exp::control,Explaining HJI_C31,Explaining HJI_C31 exp::control
1498349437276,v7;xS?>s[i,HJI Shared,exp::treatment,Explaining HJI_C31,Explaining HJI_C31 exp::treatment
1498349437277,q#rM@YD1SH,HJI Shared,exp::treatment,Explaining HJI_C31,Explaining HJI_C31 exp::treatment
1498349437278,"q]QI<#x,1j",HJI Shared,exp::treatment,Explaining HJI_C31,Explaining HJI_C31 exp::treatment
1498349437279,g)Kh{`Vr2C,HJI Shared,exp::control,Explaining HJI_C31,Explaining HJI_C31 exp::control
1498349437280,m{9GM<0C+o,HJI Shared,exp::control,Explaining HJI_C31,Explaining HJI_C31 exp::control
1498349437281,gkz6AfF2u3,HJI Shared,exp::treatment,Explaining HJI_C31,Explaining HJI_C31 exp::treatment
1498349437282,s1E0||jE/s,HJI Shared,exp::control,Explaining HJI_C31,Explaining HJI_C31 exp::control
1498349437283,QV-YuGP0id,HJI Shared,exp::control,Explaining HJI_C31,Explaining HJI_C31 exp::control
1498349437284,"HtA,MgEQb!",HJI Shared,exp::control,Explaining HJI_C31,Explaining HJI_C31 exp::control
1498349437285,e!S~pLm>Av,HJI Shared,exp::treatment,Explaining HJI_C31,Explaining HJI_C31 exp::treatment
1498349437286,kV$Ch@;Cnv,HJI Shared,exp::control,Explaining HJI_C31,Explaining HJI_C31 exp::control
1498349437287,h}IQ>c[KLA,HJI Shared,exp::treatment,Explaining HJI_C31,Explaining HJI_C31 exp::treatment
1498349437288,rjhqOvN8cl,HJI Shared,exp::control,Explaining HJI_C31,Explaining HJI_C31 exp::control
1498349437289,IwTHn5v|~h,HJI Shared,exp::treatment,Explaining HJI_C31,Explaining HJI_C31 exp::treatment
1498349437290,b8OwFyTUL^,HJI Shared,exp::control,Explaining HJI_C31,Explaining HJI_C31 exp::control
1498349437291,BQPtPYI$!e,HJI Shared,exp::control,Explaining HJI_C31,Explaining HJI_C31 exp::control
1498349437292,lx%@QhS9[j,HJI Shared,exp::treatment,Explaining HJI_C31,Explaining HJI_C31 exp::treatment
1498349437293,bCpk4.K5c0,HJI Shared,exp::treatment,Explaining HJI_C31,Explaining HJI_C31 exp::treatment
1498349437294,b3_0c=;rPm,HJI Shared,exp::control,Explaining HJI_C31,Explaining HJI_C31 exp::control
1498349437295,AYn6Lxn)Sn,HJI Shared,exp::treatment,Explaining HJI_C31,Explaining HJI_C31 exp::treatment
1498349437296,tBA;Rt++*q,HJI Shared,exp::treatment,Explaining HJI_C31,Explaining HJI_C31 exp::treatment
1498349437297,s].V{U:*I_,HJI Shared,exp::treatment,Explaining HJI_C31,Explaining HJI_C31 exp::treatment
1498349437298,P^<9-w4x?F,HJI Shared,exp::treatment,Explaining HJI_C31,Explaining HJI_C31 exp::treatment
1498349437299,lPum0s&EA>,HJI Shared,exp::treatment,Explaining HJI_C31,Explaining HJI_C31 exp::treatment
1498349437300,m^cp*s.H#p,HJI Shared,exp::control,Explaining HJI_C31,Explaining HJI_C31 exp::control
1498349437301,uSbGiKj86y,HJI Shared,exp::treatment,Explaining HJI_C31,Explaining HJI_C31 exp::treatment
1498349437302,LDP+#%r%s0,HJI Shared,exp::treatment,Describing HJI_C32,Describing HJI_C32 exp::treatment
1498349437303,GHA]0@Q8/A,HJI Shared,exp::control,Describing HJI_C32,Describing HJI_C32 exp::control
1498349437304,"g,78?n,mEk",HJI Shared,exp::treatment,Describing HJI_C32,Describing HJI_C32 exp::treatment
1498349437305,Nw{fnAK6@6,HJI Shared,exp::treatment,Describing HJI_C32,Describing HJI_C32 exp::treatment
1498349437306,EG1]%VWIgT,HJI Shared,exp::control,Describing HJI_C32,Describing HJI_C32 exp::control
1498349437307,Aoq@EtPG@0,HJI Shared,exp::control,Describing HJI_C32,Describing HJI_C32 exp::control
1498349437308,Chz#^+mu9-,HJI Shared,exp::control,Describing HJI_C32,Describing HJI_C32 exp::control
1498349437309,f..s6-k#ag,HJI Shared,exp::treatment,Describing HJI_C32,Describing HJI_C32 exp::treatment
1498349437310,qG1w~UB8{),HJI Shared,exp::treatment,Describing HJI_C32,Describing HJI_C32 exp::treatment
1498349437311,C)B9ES1Ik$,HJI Shared,exp::treatment,Describing HJI_C32,Describing HJI_C32 exp::treatment
1498349437312,prDCqku;_u,HJI Shared,exp::treatment,Describing HJI_C32,Describing HJI_C32 exp::treatment
1498349437313,P~m`67%|vl,HJI Shared,exp::treatment,Describing HJI_C32,Describing HJI_C32 exp::treatment
1498349437314,Ak4oRB=)6h,HJI Shared,exp::treatment,Describing HJI_C32,Describing HJI_C32 exp::treatment
1498349437315,y+Qzykr=Fn,HJI Shared,exp::control,Describing HJI_C32,Describing HJI_C32 exp::control
1498349437316,No-Gk|d!L0,HJI Shared,exp::treatment,Describing HJI_C32,Describing HJI_C32 exp::treatment
1498349437317,y7$_sxD~14,HJI Shared,exp::treatment,Describing HJI_C32,Describing HJI_C32 exp::treatment
1498349437318,x;-<aeg-c7,HJI Shared,exp::control,Describing HJI_C32,Describing HJI_C32 exp::control
1498349437319,i+!GGAIxI7,HJI Shared,exp::treatment,Describing HJI_C32,Describing HJI_C32 exp::treatment
1498349437320,yKsFedYqm^,HJI Shared,exp::treatment,Describing HJI_C32,Describing HJI_C32 exp::treatment
1498349437321,Pcnr4X3H/},HJI Shared,exp::control,Describing HJI_C32,Describing HJI_C32 exp::control
1498349437322,r}+YfA[NAk,HJI Shared,exp::control,Describing HJI_C32,Describing HJI_C32 exp::control
1498349437323,x?fG{|<W1x,HJI Shared,exp::treatment,Describing HJI_C32,Describing HJI_C32 exp::treatment
1498349437324,"O?4C0,3A&s",HJI Shared,exp::treatment,Describing HJI_C32,Describing HJI_C32 exp::treatment
1498349437325,Q:$;Dw~b~r,HJI Shared,exp::treatment,Describing HJI_C32,Describing HJI_C32 exp::treatment
1498349437326,MqDv[-0H3,HJI Shared,exp::treatment,Describing HJI_C32,Describing HJI_C32 exp::treatment
1498349437327,l77)zh+0^[,HJI Shared,exp::control,Describing HJI_C32,Describing HJI_C32 exp::control
1498349437328,RbPBAlaB%-,HJI Shared,exp::control,Describing HJI_C32,Describing HJI_C32 exp::control
1498349437329,D=a5RLM?mF,HJI Shared,exp::control,Describing HJI_C32,Describing HJI_C32 exp::control
1498349437330,"wZn$,@ms0,",HJI Shared,exp::treatment,Describing HJI_C32,Describing HJI_C32 exp::treatment
1498349437331,oidL{Q-.l6,HJI Shared,exp::treatment,Describing HJI_C32,Describing HJI_C32 exp::treatment
1498349437332,hCjB~v|U-6,HJI Shared,exp::treatment,Describing HJI_C32,Describing HJI_C32 exp::treatment
1498349437333,szKK<JK1$4,HJI Shared,exp::control,Describing HJI_C32,Describing HJI_C32 exp::control
1498349437334,ve=lgdM^/#,HJI Shared,exp::treatment,Describing HJI_C32,Describing HJI_C32 exp::treatment
1498349437335,G{wRt[HruO,HJI Shared,exp::treatment,Describing HJI_C32,Describing HJI_C32 exp::treatment
1498349437336,"Q,G4vP]0qF",HJI Shared,exp::treatment,Describing HJI_C32,Describing HJI_C32 exp::treatment
1498349437337,"O/ULfP&/@,",HJI Shared,exp::control,Describing HJI_C32,Describing HJI_C32 exp::control
1498349437338,I_Bx#a;2]7,HJI Shared,exp::control,Describing HJI_C32,Describing HJI_C32 exp::control
1498349437339,E0c:5=;Y|-,HJI Shared,exp::treatment,Describing HJI_C32,Describing HJI_C32 exp::treatment
1498349437340,tSTesEU7d@,HJI Shared,exp::treatment,Describing HJI_C32,Describing HJI_C32 exp::treatment
1498349437341,k1w(Nz0?o{,HJI Shared,exp::treatment,Describing HJI_C32,Describing HJI_C32 exp::treatment
1498349437342,MP+!626H<6,HJI Shared,exp::treatment,Describing HJI_C32,Describing HJI_C32 exp::treatment
1498349437343,F<VTi}Vg!B,HJI Shared,exp::treatment,Describing HJI_C32,Describing HJI_C32 exp::treatment
1498349437344,AF-cj(`R>$,HJI Shared,exp::treatment,Describing HJI_C32,Describing HJI_C32 exp::treatment
1498349437345,A/2h)Tq^BZ,HJI Shared,exp::treatment,Describing HJI_C32,Describing HJI_C32 exp::treatment
1498349437346,kpnV]%E|xe,HJI Shared,exp::control,Describing HJI_C32,Describing HJI_C32 exp::control
1498349437347,P%S4RPGZaA,HJI Shared,exp::treatment,Describing HJI_C32,Describing HJI_C32 exp::treatment
1498349437348,I.Di?kY]W7,HJI Shared,exp::treatment,Describing HJI_C32,Describing HJI_C32 exp::treatment
1498349437349,c]bQkji{wR,HJI Shared,exp::treatment,Describing HJI_C32,Describing HJI_C32 exp::treatment
1498349437350,KZ6pZBt7)h,HJI Shared,exp::control,Describing HJI_C32,Describing HJI_C32 exp::control
1498349437351,h7-jN>)/}C,HJI Shared,exp::treatment,Describing HJI_C32,Describing HJI_C32 exp::treatment
1498349437352,nKy)U9i{ww,HJI Shared,exp::control,Describing HJI_C32,Describing HJI_C32 exp::control
1498349437353,F[0F<QSLyX,HJI Shared,exp::control,Describing HJI_C32,Describing HJI_C32 exp::control
1498349437354,sZ-zgJMgKJ,HJI Shared,exp::control,Describing HJI_C32,Describing HJI_C32 exp::control
1498349437355,"f3}vo4}+,V",HJI Shared,exp::control,Describing HJI_C32,Describing HJI_C32 exp::control
1498349437356,Kqm!/KNd5m,HJI Shared,exp::treatment,Describing HJI_C32,Describing HJI_C32 exp::treatment
1498349437357,d0PHyp>~fE,HJI Shared,exp::treatment,Describing HJI_C32,Describing HJI_C32 exp::treatment
1498349437358,"vwX[G$5,?x",HJI Shared,exp::treatment,Describing HJI_C32,Describing HJI_C32 exp::treatment
1498349437359,v[`yg4%QM%,HJI Shared,exp::control,Describing HJI_C32,Describing HJI_C32 exp::control
1498349437360,JQ>1;dnBlw,HJI Shared,exp::treatment,Describing HJI_C32,Describing HJI_C32 exp::treatment
1498349437361,gTEVyj7joP,HJI Shared,exp::treatment,Describing HJI_C32,Describing HJI_C32 exp::treatment
1498349437362,uC??mf9:$f,HJI Shared,exp::treatment,Describing HJI_C32,Describing HJI_C32 exp::treatment
1498349437363,"exK0hZ@,~a",HJI Shared,exp::control,Describing HJI_C32,Describing HJI_C32 exp::control
1498349437364,ws;{$NUWrQ,HJI Shared,exp::control,Describing HJI_C32,Describing HJI_C32 exp::control
1498349437365,wwfRbDJIBw,HJI Shared,exp::treatment,Describing HJI_C32,Describing HJI_C32 exp::treatment
1498349437366,bnFH!:U5wI,HJI Shared,exp::treatment,Describing HJI_C32,Describing HJI_C32 exp::treatment
1498349437367,fI-b9:[;Ui,HJI Shared,exp::treatment,Describing HJI_C32,Describing HJI_C32 exp::treatment
1498349437368,P](}R9cRBh,HJI Shared,exp::treatment,Describing HJI_C32,Describing HJI_C32 exp::treatment
1498349437369,D?6M9UB<%1,HJI Shared,exp::control,Describing HJI_C32,Describing HJI_C32 exp::control
1498349437370,p?Yj=8Bb3(,HJI Shared,exp::treatment,Describing HJI_C32,Describing HJI_C32 exp::treatment
1498349437371,kR3Vu.gi85,HJI Shared,exp::treatment,Describing HJI_C32,Describing HJI_C32 exp::treatment
1498349437372,cQB<G-!J~l,HJI Shared,exp::control,Describing HJI_C32,Describing HJI_C32 exp::control
1498349437373,F%JreJdm?u,HJI Shared,exp::control,Describing HJI_C32,Describing HJI_C32 exp::control
1498349437374,u5n]M@!n9/,HJI Shared,exp::treatment,Describing HJI_C32,Describing HJI_C32 exp::treatment
1498349437375,n8~WzKWjJv,HJI Shared,exp::treatment,Describing HJI_C32,Describing HJI_C32 exp::treatment
1498349437376,"l$,/z$mwVk",HJI Shared,exp::treatment,Describing HJI_C32,Describing HJI_C32 exp::treatment
1498349437377,lxt|TOp:!!,HJI Shared,exp::control,Describing HJI_C32,Describing HJI_C32 exp::control
1498349437378,vM*GNRV:H2,HJI Shared,exp::control,Describing HJI_C32 leech,Describing HJI_C32 leech exp::control
1498349437379,Bg@GNK~%oM,HJI Shared,exp::treatment,Describing HJI_C32,Describing HJI_C32 exp::treatment
1498349437380,pTtJgI!@vl,HJI Shared,exp::treatment,Describing HJI_C32,Describing HJI_C32 exp::treatment
1498349437381,yv(5tr}Wpf,HJI Shared,exp::treatment,HJI_C33 Karaoke,HJI_C33 Karaoke exp::treatment
1498349437382,yOTKSG<IY;,HJI Shared,exp::control,HJI_C33 Karaoke,HJI_C33 Karaoke exp::control
1498349437383,d[<Vw0neYh,HJI Shared,exp::control,HJI_C33 Karaoke,HJI_C33 Karaoke exp::control
1498349437384,Q%Q2Y^y`q*,HJI Shared,exp::control,HJI_C33 Karaoke,HJI_C33 Karaoke exp::control
1498349437385,giyV!P#y~s,HJI Shared,exp::control,HJI_C33 Karaoke,HJI_C33 Karaoke exp::control
1498349437386,N(dI{Jq=L3,HJI Shared,exp::control,HJI_C33 Karaoke,HJI_C33 Karaoke exp::control
1498349437387,nCWGw;lm*c,HJI Shared,exp::treatment,HJI_C33 Karaoke,HJI_C33 Karaoke exp::treatment
1498349437388,tPz;[GOArN,HJI Shared,exp::control,HJI_C33 Karaoke,HJI_C33 Karaoke exp::control
1498349437389,iyor>+SMez,HJI Shared,exp::treatment,HJI_C33 Karaoke,HJI_C33 Karaoke exp::treatment
1498349437390,lu5F]u>re7,HJI Shared,exp::treatment,HJI_C33 Karaoke,HJI_C33 Karaoke exp::treatment
1498349437391,g]ysSHSBsr,HJI Shared,exp::control,HJI_C33 Karaoke,HJI_C33 Karaoke exp::control
1498349437392,xO4QjoGq9C,HJI Shared,exp::control,HJI_C33 Karaoke,HJI_C33 Karaoke exp::control
1498349437393,LqELQw@s)8,HJI Shared,exp::treatment,HJI_C33 Karaoke,HJI_C33 Karaoke exp::treatment
1498349437394,KT<8Yiq[Si,HJI Shared,exp::control,HJI_C33 Karaoke,HJI_C33 Karaoke exp::control
1498349437395,A-M09=Wx!l,HJI Shared,exp::treatment,HJI_C33 Karaoke,HJI_C33 Karaoke exp::treatment
1498349437396,EW=U1B0DZ[,HJI Shared,exp::control,HJI_C33 Karaoke,HJI_C33 Karaoke exp::control
1498349437397,P]iP9;Jr5[,HJI Shared,exp::treatment,HJI_C33 Karaoke,HJI_C33 Karaoke exp::treatment
1498349437398,hNAX|><~w#,HJI Shared,exp::treatment,HJI_C33 Karaoke,HJI_C33 Karaoke exp::treatment
1498349437399,uo<)(QApue,HJI Shared,exp::treatment,HJI_C33 Karaoke,HJI_C33 Karaoke exp::treatment
1498349437400,j;.Q#V2Fsf,HJI Shared,exp::control,HJI_C33 Karaoke,HJI_C33 Karaoke exp::control
1498349437401,Rb+Ui2/xd4,HJI Shared,exp::treatment,HJI_C33 Karaoke,HJI_C33 Karaoke exp::treatment
1498349437402,NR8f<-^2?^,HJI Shared,exp::control,HJI_C33 Karaoke,HJI_C33 Karaoke exp::control
1498349437403,nO}bRQV_mp,HJI Shared,exp::control,HJI_C33 Karaoke,HJI_C33 Karaoke exp::control
1498349437404,r8HK!tw-%U,HJI Shared,exp::control,HJI_C33 Karaoke,HJI_C33 Karaoke exp::control
1498349437405,fy5rYRY!M<,HJI Shared,exp::control,HJI_C33 Karaoke,HJI_C33 Karaoke exp::control
1498349437406,B1=B*S+}`l,HJI Shared,exp::control,HJI_C33 Karaoke,HJI_C33 Karaoke exp::control
1498349437407,LGMK7|LA)4,HJI Shared,exp::treatment,HJI_C33 Karaoke,HJI_C33 Karaoke exp::treatment
1498349437408,OHSr5!}?<],HJI Shared,exp::control,HJI_C33 Karaoke,HJI_C33 Karaoke exp::control
1498349437409,rRS-?@8n5z,HJI Shared,exp::control,HJI_C33 Karaoke,HJI_C33 Karaoke exp::control
1498349437410,rN2fUT3]@l,HJI Shared,exp::control,HJI_C33 Karaoke,HJI_C33 Karaoke exp::control
1498349437411,P&zf2ykNq(,HJI Shared,exp::treatment,HJI_C33 Karaoke,HJI_C33 Karaoke exp::treatment
1498349437412,f@r^_S?U4~,HJI Shared,exp::control,HJI_C33 Karaoke,HJI_C33 Karaoke exp::control
1498349437413,rT3tJ~rpzK,HJI Shared,exp::treatment,HJI_C33 Karaoke,HJI_C33 Karaoke exp::treatment
1498349437414,jAHL>o~B5a,HJI Shared,exp::treatment,HJI_C33 Karaoke,HJI_C33 Karaoke exp::treatment
1498349437415,GgeOPP^$8g,HJI Shared,exp::treatment,HJI_C33 Karaoke,HJI_C33 Karaoke exp::treatment
1498349437416,djV&5}K@P],HJI Shared,exp::treatment,HJI_C33 Karaoke,HJI_C33 Karaoke exp::treatment
1498349437417,h~[=o!`?)|,HJI Shared,exp::control,HJI_C33 Karaoke,HJI_C33 Karaoke exp::control
1498349437418,fyn<AaMnyw,HJI Shared,exp::control,HJI_C33 Karaoke,HJI_C33 Karaoke exp::control
1498349437419,AY*`ZgK]L8,HJI Shared,exp::treatment,HJI_C33 Karaoke,HJI_C33 Karaoke exp::treatment
1498349437420,"h&1<,:P5Y:",HJI Shared,exp::control,HJI_C33 Karaoke,HJI_C33 Karaoke exp::control
1498349437421,Db.Qgw1$#$,HJI Shared,exp::treatment,HJI_C33 Karaoke,HJI_C33 Karaoke exp::treatment
1498349437422,ezSJ+vP9|P,HJI Shared,exp::treatment,HJI_C33 Karaoke,HJI_C33 Karaoke exp::treatment
1498349437423,ulf~hL/~-H,HJI Shared,exp::treatment,HJI_C33 Karaoke,HJI_C33 Karaoke exp::treatment
1498349437424,B`j]/vj$te,HJI Shared,exp::treatment,HJI_C33 Karaoke,HJI_C33 Karaoke exp::treatment
1498349437425,j#GiG7S<:e,HJI Shared,exp::control,HJI_C33 Karaoke,HJI_C33 Karaoke exp::control
1498349437426,JqEcs:~d?*,HJI Shared,exp::treatment,HJI_C33 Karaoke,HJI_C33 Karaoke exp::treatment
1498349437427,LcQi+(+c0r,HJI Shared,exp::control,HJI_C33 Karaoke,HJI_C33 Karaoke exp::control
1498349437428,xA6|fDG3YD,HJI Shared,exp::control,HJI_C33 Karaoke,HJI_C33 Karaoke exp::control
1498349437429,"Bj/Lty8,MI",HJI Shared,exp::treatment,HJI_C33 Karaoke,HJI_C33 Karaoke exp::treatment
1498349437430,uci4]IRyeb,HJI Shared,exp::treatment,HJI_C33 Karaoke,HJI_C33 Karaoke exp::treatment
1498349437431,u22-e~t.f(,HJI Shared,exp::control,HJI_C33 Karaoke,HJI_C33 Karaoke exp::control
1498349437432,tKxt1BGWw>,HJI Shared,exp::treatment,HJI_C33 Karaoke,HJI_C33 Karaoke exp::treatment
1498349437433,D-h`:x>yFi,HJI Shared,exp::treatment,HJI_C33 Karaoke,HJI_C33 Karaoke exp::treatment
1498349437434,qk_?cd.kjK,HJI Shared,exp::control,HJI_C33 Karaoke,HJI_C33 Karaoke exp::control
1498349437435,])4^NV3_n,HJI Shared,exp::treatment,HJI_C33 Karaoke,HJI_C33 Karaoke exp::treatment
1498349437436,mYf=;SyeN*,HJI Shared,exp::treatment,HJI_C33 Karaoke,HJI_C33 Karaoke exp::treatment
1498349437437,wSmVO3l)se,HJI Shared,exp::control,HJI_C33 Karaoke,HJI_C33 Karaoke exp::control
1498349437438,iBd@96?6.1,HJI Shared,exp::treatment,HJI_C33 Karaoke,HJI_C33 Karaoke exp::treatment
1498349437439,nPWCA-e4-c,HJI Shared,exp::control,HJI_C33 Karaoke,HJI_C33 Karaoke exp::control
1498349437440,v-]qUqWF6=,HJI Shared,exp::treatment,HJI_C33 Karaoke,HJI_C33 Karaoke exp::treatment
1498349437441,fP$ry`b_B5,HJI Shared,exp::treatment,HJI_C33 Karaoke,HJI_C33 Karaoke exp::treatment
1498349437442,v8Ltvm7qu%,HJI Shared,exp::control,HJI_C33 Karaoke,HJI_C33 Karaoke exp::control
1498349437443,nAxySs|/+1,HJI Shared,exp::treatment,HJI_C33 Karaoke,HJI_C33 Karaoke exp::treatment
1498349437444,23sD#))q>,HJI Shared,exp::treatment,HJI_C33 Karaoke,HJI_C33 Karaoke exp::treatment
1498349437445,L]yJ<SxJ^R,HJI Shared,exp::treatment,HJI_C33 Karaoke,HJI_C33 Karaoke exp::treatment
1498349437446,s~`Ong&`8s,HJI Shared,exp::control,HJI_C33 Karaoke,HJI_C33 Karaoke exp::control
1498349437447,FBU1r;_HE*,HJI Shared,exp::control,HJI_C33 Karaoke,HJI_C33 Karaoke exp::control
1498349437448,x?M-cU63O?,HJI Shared,exp::treatment,HJI_C33 Karaoke,HJI_C33 Karaoke exp::treatment
1498349437449,ldVUnkdn&u,HJI Shared,exp::treatment,HJI_C33 Karaoke,HJI_C33 Karaoke exp::treatment
1498349437450,j1gpLO`}`?,HJI Shared,exp::control,HJI_C33 Karaoke,HJI_C33 Karaoke exp::control
1498349437451,mMYd&{z8!Z,HJI Shared,exp::treatment,HJI_C33 Karaoke,HJI_C33 Karaoke exp::treatment
1498349437452,n7y47<ca#=,HJI Shared,exp::treatment,HJI_C33 Karaoke,HJI_C33 Karaoke exp::treatment
1498349437453,"but`,LS6YW",HJI Shared,exp::treatment,HJI_C33 Karaoke,HJI_C33 Karaoke exp::treatment
1498349437454,L@^UK&D3cA,HJI Shared,exp::control,HJI_C33 Karaoke,HJI_C33 Karaoke exp::control
1498349437455,x*f]!!uOm&,HJI Shared,exp::control,HJI_C33 Karaoke,HJI_C33 Karaoke exp::control
1498349437456,QYxg8mI5Cv,HJI Shared,exp::control,HJI_C33 Karaoke,HJI_C33 Karaoke exp::control
1498349437457,"g,4:<[Bp8z",HJI Shared,exp::treatment,HJI_C33 Karaoke,HJI_C33 Karaoke exp::treatment
1498349437458,On^!y%/6?6,HJI Shared,exp::control,HJI_C33 Karaoke,HJI_C33 Karaoke exp::control
1498349437459,hrffdwM}4-,HJI Shared,exp::treatment,HJI_C33 Karaoke,HJI_C33 Karaoke exp::treatment
1498349437460,wY[&#2[qkS,HJI Shared,exp::control,HJI_C33 Karaoke,HJI_C33 Karaoke exp::control
1498349437461,kBo`7u`1iq,HJI Shared,exp::control,HJI_C33 Karaoke,HJI_C33 Karaoke exp::control
1498349437462,db+j!0kul+,HJI Shared,exp::treatment,HJI_C33 Karaoke,HJI_C33 Karaoke exp::treatment
1498349437463,Oxhx)9~5^J,HJI Shared,exp::control,HJI_C33 Karaoke,HJI_C33 Karaoke exp::control
1498349437464,niE4O.6`^(,HJI Shared,exp::treatment,HJI_C33 Karaoke,HJI_C33 Karaoke exp::treatment
1498349437465,i&0OW)rHe[,HJI Shared,exp::treatment,HJI_C33 Karaoke,HJI_C33 Karaoke exp::treatment
1498349437466,srCfQ4.)[/,HJI Shared,exp::control,HJI_C33 Karaoke,HJI_C33 Karaoke exp::control
1498349437467,i.<Pv~q)IZ,HJI Shared,exp::treatment,HJI_C33 Karaoke,HJI_C33 Karaoke exp::treatment
1498349437468,Qqe<8%T<t+,HJI Shared,exp::treatment,HJI_C33 Karaoke,HJI_C33 Karaoke exp::treatment
1498349437469,I>DW@)+4co,HJI Shared,exp::control,HJI_C33 Karaoke,HJI_C33 Karaoke exp::control
1498349437470,P6Cs%lIuSR,HJI Shared,exp::treatment,HJI_C33 Karaoke,HJI_C33 Karaoke exp::treatment
1498349437471,BMk4LWlL5j,HJI Shared,exp::control,HJI_C33 Karaoke,HJI_C33 Karaoke exp::control
1498349437472,nyfJ71C<D},HJI Shared,exp::control,HJI_C33 Karaoke,HJI_C33 Karaoke exp::control
1498349437473,GLbDUTzai;,HJI Shared,exp::treatment,HJI_C33 Karaoke,HJI_C33 Karaoke exp::treatment
1498349437474,yKl%q*p0Wl,HJI Shared,exp::treatment,HJI_C33 Karaoke,HJI_C33 Karaoke exp::treatment
1498349437475,P_2%udeSPF,HJI Shared,exp::treatment,HJI_C33 Karaoke,HJI_C33 Karaoke exp::treatment
1498349437476,HZ@->WG*yn,HJI Shared,exp::treatment,HJI_C33 Karaoke,HJI_C33 Karaoke exp::treatment
1498349437477,"u1%)x,oZEU",HJI Shared,exp::control,HJI_C33 Karaoke,HJI_C33 Karaoke exp::control
1498349437478,"MA,W`()~QP",HJI Shared,exp::treatment,HJI_C33 Karaoke,HJI_C33 Karaoke exp::treatment
1498349437479,"E],5%utNAM",HJI Shared,exp::control,HJI_C33 Karaoke,HJI_C33 Karaoke exp::control
1498349437480,fRH2tKysIm,HJI Shared,exp::control,HJI_C33 Karaoke,HJI_C33 Karaoke exp::control
1498349437481,JMLpv6eyLw,HJI Shared,exp::control,HJI_C33 Karaoke,HJI_C33 Karaoke exp::control
1498349437482,OoC}<>>K3h,HJI Shared,exp::treatment,HJI_C33 Karaoke,HJI_C33 Karaoke exp::treatment
1498349437483,wU0?jtooR%,HJI Shared,exp::control,HJI_C33 Karaoke,HJI_C33 Karaoke exp::control
1498349437484,DC?XLd-;^R,HJI Shared,exp::control,HJI_C33 Karaoke,HJI_C33 Karaoke exp::control
1498349437485,xop$EddkOO,HJI Shared,exp::control,HJI_C33 Karaoke,HJI_C33 Karaoke exp::control
1498349437486,Bl?_ao:=kb,HJI Shared,exp::treatment,HJI_C33 Karaoke,HJI_C33 Karaoke exp::treatment
1498349437487,@oYz-6m^P,HJI Shared,exp::control,HJI_C33 Karaoke,HJI_C33 Karaoke exp::control
1498349437488,d/?<&]&~!T,HJI Shared,exp::control,HJI_C33 Karaoke,HJI_C33 Karaoke exp::control
1498349437489,"MJo9,6*g/M",HJI Shared,exp::treatment,HJI_C33 Karaoke,HJI_C33 Karaoke exp::treatment
1498349437490,pK}eA)=Rr_,HJI Shared,exp::treatment,HJI_C33 Karaoke,HJI_C33 Karaoke exp::treatment
1498349437491,Me[(/+fcgE,HJI Shared,exp::treatment,HJI_C33 Karaoke,HJI_C33 Karaoke exp::treatment
1498349437492,de!gl#HhZk,HJI Shared,exp::control,HJI_C33 Karaoke,HJI_C33 Karaoke exp::control
1498349437493,mTkek#%Lx>,HJI Shared,exp::control,HJI_C33 Karaoke,HJI_C33 Karaoke exp::control
1498349437494,F$0+xzfc_Y,HJI Shared,exp::treatment,HJI_C33 Karaoke,HJI_C33 Karaoke exp::treatment
1498349437495,N:Iu`=f(gU,HJI Shared,exp::control,HJI_C33 Karaoke,HJI_C33 Karaoke exp::control
1498349437496,M/u+#dNW=s,HJI Shared,exp::control,HJI_C33 Karaoke,HJI_C33 Karaoke exp::control
1498349437497,kHb4z*La#k,HJI Shared,exp::treatment,HJI_C33 Karaoke,HJI_C33 Karaoke exp::treatment
1498349437498,N]V[%3/V<k,HJI Shared,exp::treatment,HJI_C33 Karaoke,HJI_C33 Karaoke exp::treatment
1498349437499,t<U_M.#:H^,HJI Shared,exp::treatment,HJI_C33 Karaoke,HJI_C33 Karaoke exp::treatment
1498349437500,wmyLX69#d`,HJI Shared,exp::control,HJI_C33 Karaoke,HJI_C33 Karaoke exp::control
1498349437501,KzB9f[!{oC,HJI Shared,exp::treatment,HJI_C33 Karaoke,HJI_C33 Karaoke exp::treatment
1498349437502,ES>a47RcI{,HJI Shared,exp::control,HJI_C33 Karaoke,HJI_C33 Karaoke exp::control
1498349437503,n!QP_Xez[8,HJI Shared,exp::treatment,HJI_C33 Karaoke,HJI_C33 Karaoke exp::treatment
1498349437504,wpN7~>6bkN,HJI Shared,exp::control,HJI_C33 Karaoke,HJI_C33 Karaoke exp::control
1498349437505,G.).$_W7xp,HJI Shared,exp::control,HJI_C33 Karaoke,HJI_C33 Karaoke exp::control
1498349437506,g)q:)7?J{*,HJI Shared,exp::control,HJI_C33 Karaoke,HJI_C33 Karaoke exp::control
1498349437507,IZ=ZV~r!U],HJI Shared,exp::control,HJI_C33 Karaoke,HJI_C33 Karaoke exp::control
1498349437508,Jduc~@!L&`,HJI Shared,exp::control,HJI_C33 Karaoke,HJI_C33 Karaoke exp::control
1498349437509,n-r2&Kfjx!,HJI Shared,exp::control,HJI_C33 Karaoke,HJI_C33 Karaoke exp::control
1498349437510,o~rjy2vlbZ,HJI Shared,exp::control,HJI_C33 Karaoke,HJI_C33 Karaoke exp::control
1498349437511,v3aJ*GLwC2,HJI Shared,exp::control,HJI_C33 Karaoke,HJI_C33 Karaoke exp::control
1498349437512,F0NQuPn[R6,HJI Shared,exp::treatment,HJI_C33 Karaoke,HJI_C33 Karaoke exp::treatment
1498349437513,svpWB61F<i,HJI Shared,exp::control,HJI_C33 Karaoke,HJI_C33 Karaoke exp::control
1498349437514,ziI{+Q~X}X,HJI Shared,exp::treatment,HJI_C33 Karaoke,HJI_C33 Karaoke exp::treatment
1498349437515,DlL:0+||_[,HJI Shared,exp::treatment,HJI_C33 Karaoke,HJI_C33 Karaoke exp::treatment
1498349437516,ND[!1yED:m,HJI Shared,exp::control,HJI_C33 Karaoke,HJI_C33 Karaoke exp::control
1498349437517,Q=EVyeBD@5,HJI Shared,exp::treatment,HJI_C33 Karaoke,HJI_C33 Karaoke exp::treatment
1498349437518,"uc,2vlV_H-",HJI Shared,exp::control,HJI_C33 Karaoke,HJI_C33 Karaoke exp::control
1498349437519,fO29VF#]zj,HJI Shared,exp::control,HJI_C33 Karaoke,HJI_C33 Karaoke exp::control
1498349437520,"P;#[JF#I,2",HJI Shared,exp::control,HJI_C33 Karaoke,HJI_C33 Karaoke exp::control
1498349437521,Ly;^W5;J>K,HJI Shared,exp::treatment,HJI_C33 Karaoke,HJI_C33 Karaoke exp::treatment
1498349437522,JU^>[0z#;l,HJI Shared,exp::treatment,HJI_C33 Karaoke,HJI_C33 Karaoke exp::treatment
1498349437523,I#gYef7q)i,HJI Shared,exp::control,Comparisons HJI_C34,Comparisons HJI_C34 exp::control
1498349437524,KFGZejqe8t,HJI Shared,exp::control,Comparisons HJI_C34,Comparisons HJI_C34 exp::control
1498349437525,J0Xf4oaL0J,HJI Shared,exp::control,Comparisons HJI_C34,Comparisons HJI_C34 exp::control
1498349437526,q&MZiNL4fp,HJI Shared,exp::treatment,Comparisons HJI_C34,Comparisons HJI_C34 exp::treatment
1498349437527,qbIZtMP<YB,HJI Shared,exp::treatment,Comparisons HJI_C34,Comparisons HJI_C34 exp::treatment
1498349437528,M%JEX4(-eA,HJI Shared,exp::control,Comparisons HJI_C34,Comparisons HJI_C34 exp::control
1498349437529,d.`^]`xF1*,HJI Shared,exp::treatment,Comparisons HJI_C34,Comparisons HJI_C34 exp::treatment
1498349437530,hI9JL9TFC|,HJI Shared,exp::control,Comparisons HJI_C34,Comparisons HJI_C34 exp::control
1498349437531,E[-D2}d|?G,HJI Shared,exp::control,Comparisons HJI_C34,Comparisons HJI_C34 exp::control
1498349437532,"z`,ca?j3*:",HJI Shared,exp::treatment,Comparisons HJI_C34,Comparisons HJI_C34 exp::treatment
1498349437533,Mxv)#AnH4;,HJI Shared,exp::control,Comparisons HJI_C34,Comparisons HJI_C34 exp::control
1498349437534,oFhx4lU<u*,HJI Shared,exp::control,Comparisons HJI_C34,Comparisons HJI_C34 exp::control
1498349437535,HS``1TSA>@,HJI Shared,exp::treatment,Comparisons HJI_C34,Comparisons HJI_C34 exp::treatment
1498349437536,tRpEsziP5-,HJI Shared,exp::control,Comparisons HJI_C34,Comparisons HJI_C34 exp::control
1498349437537,d)to(B!$8S,HJI Shared,exp::control,Comparisons HJI_C34,Comparisons HJI_C34 exp::control
1498349437538,lDK:v!o.SF,HJI Shared,exp::treatment,Comparisons HJI_C34,Comparisons HJI_C34 exp::treatment
1498349437539,"fIMHw&,.(9",HJI Shared,exp::control,Comparisons HJI_C34,Comparisons HJI_C34 exp::control
1498349437540,O`kNcfcl8k,HJI Shared,exp::control,Comparisons HJI_C34,Comparisons HJI_C34 exp::control
1498349437541,hYD]-~A9;7,HJI Shared,exp::treatment,Comparisons HJI_C34,Comparisons HJI_C34 exp::treatment
1498349437542,M{$#aE#uJ|,HJI Shared,exp::treatment,Comparisons HJI_C34,Comparisons HJI_C34 exp::treatment
1498349437543,I_]7h+Hb=L,HJI Shared,exp::control,Comparisons HJI_C34,Comparisons HJI_C34 exp::control
1498349437544,B3dB8lG@8l,HJI Shared,exp::treatment,Comparisons HJI_C34,Comparisons HJI_C34 exp::treatment
1498349437545,HG7g3O=I.Q,HJI Shared,exp::control,Comparisons HJI_C34,Comparisons HJI_C34 exp::control
1498349437546,d2+*g^;H=b,HJI Shared,exp::control,Comparisons HJI_C34,Comparisons HJI_C34 exp::control
1498349437547,wu0X/:VO34,HJI Shared,exp::control,Comparisons HJI_C34,Comparisons HJI_C34 exp::control
1498349437548,C#0AQJijaj,HJI Shared,exp::treatment,Comparisons HJI_C34,Comparisons HJI_C34 exp::treatment
1498349437549,zITj^OM~sR,HJI Shared,exp::treatment,Comparisons HJI_C34,Comparisons HJI_C34 exp::treatment
1498349437550,rMXn@o6io1,HJI Shared,exp::control,Comparisons HJI_C34,Comparisons HJI_C34 exp::control
1498349437551,cIaMfR$)P-,HJI Shared,exp::treatment,Comparisons HJI_C34,Comparisons HJI_C34 exp::treatment
1498349437552,Q}aZ+(UYd6,HJI Shared,exp::control,Comparisons HJI_C34,Comparisons HJI_C34 exp::control
1498349437553,"b,-dI2h&:=",HJI Shared,exp::control,Comparisons HJI_C34,Comparisons HJI_C34 exp::control
1498349437554,xw%.G!w-CD,HJI Shared,exp::control,Comparisons HJI_C34,Comparisons HJI_C34 exp::control
1498349437555,"h{$7vIu[,#",HJI Shared,exp::treatment,Comparisons HJI_C34,Comparisons HJI_C34 exp::treatment
1498349437556,Lg8o`.<m..,HJI Shared,exp::control,Comparisons HJI_C34,Comparisons HJI_C34 exp::control
1498349437557,jOZhy]KB+E,HJI Shared,exp::control,Comparisons HJI_C34,Comparisons HJI_C34 exp::control
1498349437558,wuCN*KW^5t,HJI Shared,exp::control,Comparisons HJI_C34,Comparisons HJI_C34 exp::control
1498349437559,kys!H&]K1;,HJI Shared,exp::control,Comparisons HJI_C34,Comparisons HJI_C34 exp::control
1498349437560,P>eFRc>JA%,HJI Shared,exp::treatment,Comparisons HJI_C34,Comparisons HJI_C34 exp::treatment
1498349437561,A52z2*=HY^,HJI Shared,exp::control,Comparisons HJI_C34,Comparisons HJI_C34 exp::control
1498349437562,AO)t<)cM>K,HJI Shared,exp::treatment,Comparisons HJI_C34,Comparisons HJI_C34 exp::treatment
1498349437563,jeL870X<`!,HJI Shared,exp::control,Comparisons HJI_C34,Comparisons HJI_C34 exp::control
1498349437564,PXo0Tt5>gb,HJI Shared,exp::control,Comparisons HJI_C34,Comparisons HJI_C34 exp::control
1498349437565,i8WXM2@z0=,HJI Shared,exp::control,Comparisons HJI_C34,Comparisons HJI_C34 exp::control
1498349437566,PVl@FNojiJ,HJI Shared,exp::control,Comparisons HJI_C34,Comparisons HJI_C34 exp::control
1498349437567,vT3&Q_oOsc,HJI Shared,exp::treatment,Comparisons HJI_C34,Comparisons HJI_C34 exp::treatment
1498349437568,jn%.UFO;Yi,HJI Shared,exp::control,Comparisons HJI_C34,Comparisons HJI_C34 exp::control
1498349437569,b>c9Dj8zh=,HJI Shared,exp::control,Comparisons HJI_C34,Comparisons HJI_C34 exp::control
1498349437570,Qn>tzY96F`,HJI Shared,exp::control,Comparisons HJI_C34,Comparisons HJI_C34 exp::control
1498349437571,sB}S@lJX^g,HJI Shared,exp::control,Comparisons HJI_C34,Comparisons HJI_C34 exp::control
1498349437572,i6*=JR9>ze,HJI Shared,exp::control,Comparisons HJI_C34,Comparisons HJI_C34 exp::control
1498349437573,jN1k}2v{=k,HJI Shared,exp::treatment,Comparisons HJI_C34,Comparisons HJI_C34 exp::treatment
1498349437574,N@ZGhfpzOx,HJI Shared,exp::control,Comparisons HJI_C34,Comparisons HJI_C34 exp::control
1498349437575,kRN<d9O7Wd,HJI Shared,exp::treatment,Comparisons HJI_C34,Comparisons HJI_C34 exp::treatment
1498349437576,nz#9}f?{JJ,HJI Shared,exp::treatment,Comparisons HJI_C34,Comparisons HJI_C34 exp::treatment
1498349437577,w1gwM_p/33,HJI Shared,exp::control,Comparisons HJI_C34,Comparisons HJI_C34 exp::control
1498349437578,C7386!wEyF,HJI Shared,exp::control,Comparisons HJI_C34,Comparisons HJI_C34 exp::control
1498349437579,f.IUP57f@!,HJI Shared,exp::control,Comparisons HJI_C34,Comparisons HJI_C34 exp::control
1498349437580,i*4.Gf$CD1,HJI Shared,exp::control,Comparisons HJI_C34,Comparisons HJI_C34 exp::control
1498349437581,Gfg}UMPKR5,HJI Shared,exp::treatment,Comparisons HJI_C34,Comparisons HJI_C34 exp::treatment
1498349437582,qZ.P@S=I4C,HJI Shared,exp::treatment,Comparisons HJI_C34,Comparisons HJI_C34 exp::treatment
1498349437583,xAsEN!%19d,HJI Shared,exp::control,Comparisons HJI_C34,Comparisons HJI_C34 exp::control
1498349437584,b]k!ik/Ur^,HJI Shared,exp::control,Comparisons HJI_C34,Comparisons HJI_C34 exp::control
1498349437585,"AL,+purD*y",HJI Shared,exp::treatment,Comparisons HJI_C34,Comparisons HJI_C34 exp::treatment
1498349437586,p<hdt_a}~2,HJI Shared,exp::treatment,Comparisons HJI_C34,Comparisons HJI_C34 exp::treatment
1498349437587,vVx39Vro9U,HJI Shared,exp::treatment,Comparisons HJI_C34,Comparisons HJI_C34 exp::treatment
1498349437588,A2eLmQN)tx,HJI Shared,exp::control,Comparisons HJI_C34,Comparisons HJI_C34 exp::control
1498349437589,PQD}cDU+wD,HJI Shared,exp::control,Comparisons HJI_C34,Comparisons HJI_C34 exp::control
1498349437590,sDlV)rKGZf,HJI Shared,exp::control,Comparisons HJI_C34,Comparisons HJI_C34 exp::control
1498349437591,Mwd;|En`-j,HJI Shared,exp::treatment,Comparisons HJI_C34,Comparisons HJI_C34 exp::treatment
1498349437592,"MKG/C7,8`(",HJI Shared,exp::treatment,Comparisons HJI_C34,Comparisons HJI_C34 exp::treatment
1498349437593,P/G{?bQMG^,HJI Shared,exp::treatment,Comparisons HJI_C34,Comparisons HJI_C34 exp::treatment
1498349437594,v{pouSiS+Y,HJI Shared,exp::treatment,Comparisons HJI_C34,Comparisons HJI_C34 exp::treatment
1498349437595,NLsZ-K4_zf,HJI Shared,exp::treatment,Comparisons HJI_C34,Comparisons HJI_C34 exp::treatment
1498349437596,o#ZSfk4:%x,HJI Shared,exp::treatment,Comparisons HJI_C34,Comparisons HJI_C34 exp::treatment
1498349437597,dj/aiY.M4^,HJI Shared,exp::treatment,Comparisons HJI_C34,Comparisons HJI_C34 exp::treatment
1498349437598,wN<`g)UqJ(,HJI Shared,exp::control,Comparisons HJI_C34,Comparisons HJI_C34 exp::control
1498349437599,N`{K(o3gJT,HJI Shared,exp::control,Comparisons HJI_C34,Comparisons HJI_C34 exp::control
1498349437600,yJp._64Rd-,HJI Shared,exp::control,Comparisons HJI_C34,Comparisons HJI_C34 exp::control
1498349437601,f3y*U1Q4&>,HJI Shared,exp::control,Comparisons HJI_C34,Comparisons HJI_C34 exp::control
1498349437602,O6/f;ikUhx,HJI Shared,exp::treatment,Comparisons HJI_C34,Comparisons HJI_C34 exp::treatment
1498349437603,BL2}**W;ZY,HJI Shared,exp::control,Comparisons HJI_C34,Comparisons HJI_C34 exp::control
1498349437604,Qq+-p;XLyj,HJI Shared,exp::control,Comparisons HJI_C34,Comparisons HJI_C34 exp::control
1498349437605,KOaSVyeb0;,HJI Shared,exp::treatment,Comparisons HJI_C34,Comparisons HJI_C34 exp::treatment
1498349437606,o{Yul*pbT=,HJI Shared,exp::control,Comparisons HJI_C34,Comparisons HJI_C34 exp::control
1498349437607,dFeMXx8V;w,HJI Shared,exp::treatment,Comparisons HJI_C34,Comparisons HJI_C34 exp::treatment
1498349437608,"F(4-nK#?e,",HJI Shared,exp::treatment,Comparisons HJI_C34,Comparisons HJI_C34 exp::treatment
1498349437609,I]CM2)=hDQ,HJI Shared,exp::control,Comparisons HJI_C34,Comparisons HJI_C34 exp::control
1498349437610,M8i/SKeKgR,HJI Shared,exp::control,Comparisons HJI_C34,Comparisons HJI_C34 exp::control
1498349437611,AAm1.9-d&[,HJI Shared,exp::treatment,Comparisons HJI_C34,Comparisons HJI_C34 exp::treatment
1498349437612,m0jbe3JCcQ,HJI Shared,exp::control,Comparisons HJI_C34,Comparisons HJI_C34 exp::control
1498349437613,d$b)ZjP%Uf,HJI Shared,exp::control,Comparisons HJI_C34,Comparisons HJI_C34 exp::control
1498349437614,btN+e&V3V*,HJI Shared,exp::treatment,Comparisons HJI_C34,Comparisons HJI_C34 exp::treatment
1498349437615,GIjH31n)iP,HJI Shared,exp::control,Comparisons HJI_C34,Comparisons HJI_C34 exp::control
1498349437616,xNhFb^qtml,HJI Shared,exp::treatment,Comparisons HJI_C34,Comparisons HJI_C34 exp::treatment
1498349437617,he$07/=EkE,HJI Shared,exp::control,Comparisons HJI_C34,Comparisons HJI_C34 exp::control
1498349437618,"x,ljCkzxK9",HJI Shared,exp::control,Comparisons HJI_C34,Comparisons HJI_C34 exp::control
1498349437619,r!;/Eu$3Wn,HJI Shared,exp::treatment,Comparisons HJI_C34,Comparisons HJI_C34 exp::treatment
1498349437620,H%!Wt<x@8y,HJI Shared,exp::treatment,Comparisons HJI_C34,Comparisons HJI_C34 exp::treatment
1498349437621,h$^3[dL4cq,HJI Shared,exp::treatment,Comparisons HJI_C34,Comparisons HJI_C34 exp::treatment
1498349437622,ki6)~93$K],HJI Shared,exp::control,Comparisons HJI_C34,Comparisons HJI_C34 exp::control
1498349437623,mwTZU^:nx(,HJI Shared,exp::treatment,Comparisons HJI_C34,Comparisons HJI_C34 exp::treatment
1498349437624,AeS3aIB;7<,HJI Shared,exp::treatment,Comparisons HJI_C34,Comparisons HJI_C34 exp::treatment
1498349437625,N4A!?1C@Tg,HJI Shared,exp::control,Comparisons HJI_C34,Comparisons HJI_C34 exp::control
1498349437626,N[NcvEo^NW,HJI Shared,exp::treatment,Comparisons HJI_C34,Comparisons HJI_C34 exp::treatment
1498349437627,"x*,$yd879c",HJI Shared,exp::treatment,Comparisons HJI_C34,Comparisons HJI_C34 exp::treatment
1498349437628,j*b%XPf`tX,HJI Shared,exp::treatment,Comparisons HJI_C34,Comparisons HJI_C34 exp::treatment
1498349437629,gk[BT[~?if,HJI Shared,exp::treatment,Comparisons HJI_C34,Comparisons HJI_C34 exp::treatment
1498349437630,I~&-|U13E{,HJI Shared,exp::treatment,Comparisons HJI_C34,Comparisons HJI_C34 exp::treatment
1498349437631,Ed1>8PD6hQ,HJI Shared,exp::control,Comparisons HJI_C34,Comparisons HJI_C34 exp::control
1498349437632,L$():[os6J,HJI Shared,exp::treatment,Comparisons HJI_C34,Comparisons HJI_C34 exp::treatment
1498349437633,G`h+J_WD$<,HJI Shared,exp::treatment,Comparisons HJI_C34,Comparisons HJI_C34 exp::treatment
1498349437634,c+Qx-_Ql!`,HJI Shared,exp::treatment,Comparisons HJI_C34,Comparisons HJI_C34 exp::treatment
1498349437635,I?rk%-FifJ,HJI Shared,exp::treatment,Comparisons HJI_C34,Comparisons HJI_C34 exp::treatment
1498349437636,z;1mJ65k_a,HJI Shared,exp::treatment,Comparisons HJI_C34,Comparisons HJI_C34 exp::treatment
1498349437637,fMv-``[qS5,HJI Shared,exp::treatment,Comparisons HJI_C34,Comparisons HJI_C34 exp::treatment
1498349437638,q@9ZS87h2J,HJI Shared,exp::control,Comparisons HJI_C34,Comparisons HJI_C34 exp::control
1498349437639,Q&0c+-w5R$,HJI Shared,exp::control,Comparisons HJI_C34,Comparisons HJI_C34 exp::control
1498349437640,"OY5)n,>x)/",HJI Shared,exp::control,Comparisons HJI_C34,Comparisons HJI_C34 exp::control
1498349437641,DPv~ST+3-|,HJI Shared,exp::treatment,Comparisons HJI_C34,Comparisons HJI_C34 exp::treatment
1498349437642,uOS|Z)JE7},HJI Shared,exp::treatment,Comparisons HJI_C34,Comparisons HJI_C34 exp::treatment
1498349437643,"nP,yh?]3.I",HJI Shared,exp::treatment,Comparisons HJI_C34,Comparisons HJI_C34 exp::treatment
1498349437644,pZ{-O)}Ix.,HJI Shared,exp::control,Comparisons HJI_C34,Comparisons HJI_C34 exp::control
1498349437645,yRw/1CSSTw,HJI Shared,exp::treatment,Comparisons HJI_C34,Comparisons HJI_C34 exp::treatment
1498349437646,mHexj!Mz&-,HJI Shared,exp::control,Comparisons HJI_C34,Comparisons HJI_C34 exp::control
1498349437647,Nu1cO;8$1J,HJI Shared,exp::treatment,HJI_C35 Timeline,HJI_C35 Timeline exp::treatment
1498349437648,M+66<(bif2,HJI Shared,exp::control,HJI_C35 Timeline,HJI_C35 Timeline exp::control
1498349437649,H6wCDZHn1],HJI Shared,exp::treatment,HJI_C35 Timeline,HJI_C35 Timeline exp::treatment
1498349437650,"wQA,0Wi<D$",HJI Shared,exp::control,HJI_C35 Timeline,HJI_C35 Timeline exp::control
1498349437651,HPcPS%nYt-,HJI Shared,exp::treatment,HJI_C35 Timeline,HJI_C35 Timeline exp::treatment
1498349437652,wnz~qtV0n/,HJI Shared,exp::control,HJI_C35 Timeline,HJI_C35 Timeline exp::control
1498349437653,nd6^r8o#pi,HJI Shared,exp::control,HJI_C35 Timeline,HJI_C35 Timeline exp::control
1498349437654,dU5xN[8A@0,HJI Shared,exp::control,HJI_C35 Timeline,HJI_C35 Timeline exp::control
1498349437655,Fg<:P#u$oA,HJI Shared,exp::control,HJI_C35 Timeline,HJI_C35 Timeline exp::control
1498349437656,B)rWy5uLTv,HJI Shared,exp::treatment,HJI_C35 Timeline,HJI_C35 Timeline exp::treatment
1498349437657,OjY6JlkPhj,HJI Shared,exp::control,HJI_C35 Timeline,HJI_C35 Timeline exp::control
1498349437658,m~7rQ]>JHP,HJI Shared,exp::control,HJI_C35 Timeline,HJI_C35 Timeline exp::control
1498349437659,DSQTWiaie<,HJI Shared,exp::control,HJI_C35 Timeline,HJI_C35 Timeline exp::control
1498349437660,f!2p7X#{?&,HJI Shared,exp::control,HJI_C35 Timeline,HJI_C35 Timeline exp::control
1498349437661,"AP(=Zl!W,E",HJI Shared,exp::control,HJI_C35 Timeline,HJI_C35 Timeline exp::control
1498349437662,ycKu@%0t<i,HJI Shared,exp::treatment,HJI_C35 Timeline,HJI_C35 Timeline exp::treatment
1498349437663,uNvTYN/o*Q,HJI Shared,exp::treatment,HJI_C35 Timeline,HJI_C35 Timeline exp::treatment
1498349437664,EF@d2al%O,HJI Shared,exp::treatment,HJI_C35 Timeline,HJI_C35 Timeline exp::treatment
1498349437665,wJ/-clq^jY,HJI Shared,exp::treatment,HJI_C35 Timeline,HJI_C35 Timeline exp::treatment
1498349437666,zA#~;@?jk+,HJI Shared,exp::control,HJI_C35 Timeline,HJI_C35 Timeline exp::control
1498349437667,Bl$v:tW9Ha,HJI Shared,exp::control,HJI_C35 Timeline,HJI_C35 Timeline exp::control
1498349437668,u~12&dsapx,HJI Shared,exp::control,HJI_C35 Timeline,HJI_C35 Timeline exp::control
1498349437669,"Pg>3%.>,T$",HJI Shared,exp::treatment,HJI_C35 Timeline,HJI_C35 Timeline exp::treatment
1498349437670,pq4ZSy+d5s,HJI Shared,exp::control,HJI_C35 Timeline,HJI_C35 Timeline exp::control
1498349437671,C#N<-XJY$x,HJI Shared,exp::treatment,HJI_C35 Timeline,HJI_C35 Timeline exp::treatment
1498349437672,tabf`qHt`*,HJI Shared,exp::treatment,HJI_C35 Timeline,HJI_C35 Timeline exp::treatment
1498349437673,L{jpR?1B61,HJI Shared,exp::control,HJI_C35 Timeline,HJI_C35 Timeline exp::control
1498349437674,Pel}6vY#)4,HJI Shared,exp::control,HJI_C35 Timeline,HJI_C35 Timeline exp::control
1498349437675,noJx}54Ez/,HJI Shared,exp::control,HJI_C35 Timeline,HJI_C35 Timeline exp::control
1498349437676,F`gAJ9w~~Q,HJI Shared,exp::treatment,HJI_C35 Timeline,HJI_C35 Timeline exp::treatment
1498349437677,lmn?hC2%rr,HJI Shared,exp::control,HJI_C35 Timeline,HJI_C35 Timeline exp::control
1498349437678,JjNA!v?Ahz,HJI Shared,exp::control,HJI_C35 Timeline,HJI_C35 Timeline exp::control
1498349437679,pd:J(P2Lp!,HJI Shared,exp::treatment,HJI_C35 Timeline,HJI_C35 Timeline exp::treatment
1498349437680,BYt`Wzd_Q,HJI Shared,exp::treatment,HJI_C35 Timeline,HJI_C35 Timeline exp::treatment
1498349437681,L;oAD/lPQr,HJI Shared,exp::treatment,HJI_C35 Timeline,HJI_C35 Timeline exp::treatment
1498349437682,ruK9K=Z<gb,HJI Shared,exp::treatment,HJI_C35 Timeline,HJI_C35 Timeline exp::treatment
1498349437683,JfJbRCzu+;,HJI Shared,exp::control,HJI_C35 Timeline,HJI_C35 Timeline exp::control
1498349437684,C7TEt(y|5Y,HJI Shared,exp::control,HJI_C35 Timeline,HJI_C35 Timeline exp::control
1498349437685,MJHMo-*a3U,HJI Shared,exp::control,HJI_C35 Timeline,HJI_C35 Timeline exp::control
1498349437686,l6kp5~A_8v,HJI Shared,exp::treatment,HJI_C35 Timeline,HJI_C35 Timeline exp::treatment
1498349437687,oY[.CJAZ-3,HJI Shared,exp::control,HJI_C35 Timeline,HJI_C35 Timeline exp::control
1498349437688,k6wmz]5xco,HJI Shared,exp::control,HJI_C35 Timeline,HJI_C35 Timeline exp::control
1498349437689,nvD(t.VE$w,HJI Shared,exp::treatment,HJI_C35 Timeline,HJI_C35 Timeline exp::treatment
1498349437690,o[^nfJ10eF,HJI Shared,exp::treatment,HJI_C35 Timeline,HJI_C35 Timeline exp::treatment
1498349437691,sV>kRqs)Wu,HJI Shared,exp::treatment,HJI_C35 Timeline,HJI_C35 Timeline exp::treatment
1498349437692,ko0:B|=nDr,HJI Shared,exp::treatment,HJI_C35 Timeline,HJI_C35 Timeline exp::treatment
1498349437693,ECIUxI=!TI,HJI Shared,exp::treatment,HJI_C35 Timeline,HJI_C35 Timeline exp::treatment
1498349437694,v|0u`^G%Ag,HJI Shared,exp::treatment,HJI_C35 Timeline,HJI_C35 Timeline exp::treatment
1498349437695,e2geezbSsL,HJI Shared,exp::treatment,HJI_C35 Timeline,HJI_C35 Timeline exp::treatment
1498349437696,g4:D}27;#%,HJI Shared,exp::treatment,HJI_C35 Timeline,HJI_C35 Timeline exp::treatment
1498349437697,n<9gzIhq1!,HJI Shared,exp::treatment,HJI_C35 Timeline,HJI_C35 Timeline exp::treatment
1498349437698,rQKM^9N20],HJI Shared,exp::treatment,HJI_C35 Timeline,HJI_C35 Timeline exp::treatment
1498349437699,G;1DaM}>K/,HJI Shared,exp::treatment,HJI_C35 Timeline,HJI_C35 Timeline exp::treatment
1498349437700,G5byWQOhT`,HJI Shared,exp::treatment,HJI_C35 Timeline,HJI_C35 Timeline exp::treatment
1498349437701,Hq1Xg7YAw;,HJI Shared,exp::treatment,HJI_C35 Timeline,HJI_C35 Timeline exp::treatment
1498349437702,m)^Zlg2mml,HJI Shared,exp::treatment,HJI_C35 Timeline,HJI_C35 Timeline exp::treatment
1498349437703,"v,eq/F>k1E",HJI Shared,exp::treatment,HJI_C35 Timeline,HJI_C35 Timeline exp::treatment
1498349437704,z{e|O=X7V9,HJI Shared,exp::treatment,HJI_C35 Timeline,HJI_C35 Timeline exp::treatment
1498349437705,G)?&:6B&Hp,HJI Shared,exp::control,HJI_C35 Timeline,HJI_C35 Timeline exp::control
1498349437706,wSR3nP=(DD,HJI Shared,exp::treatment,HJI_C35 Timeline,HJI_C35 Timeline exp::treatment
1498349437707,NDT$_R~=!T,HJI Shared,exp::treatment,HJI_C35 Timeline,HJI_C35 Timeline exp::treatment
1498349437708,u~bz`6A$Yj,HJI Shared,exp::control,HJI_C35 Timeline,HJI_C35 Timeline exp::control
1498349437709,e*]]rTf-#&,HJI Shared,exp::treatment,HJI_C35 Timeline,HJI_C35 Timeline exp::treatment
1498349437710,sKAdl:9Jst,HJI Shared,exp::treatment,HJI_C35 Timeline,HJI_C35 Timeline exp::treatment
1498349437711,joJ/:e_cr.,HJI Shared,exp::control,HJI_C35 Timeline,HJI_C35 Timeline exp::control
1498349437712,w8:mAfZ8d$,HJI Shared,exp::control,HJI_C35 Timeline,HJI_C35 Timeline exp::control
1498349437713,spM+$s>#B2,HJI Shared,exp::treatment,HJI_C35 Timeline,HJI_C35 Timeline exp::treatment
1498349437714,BYVVlm;8-2,HJI Shared,exp::treatment,HJI_C35 Timeline,HJI_C35 Timeline exp::treatment
1498349437715,i>;v_<ko=t,HJI Shared,exp::treatment,HJI_C35 Timeline,HJI_C35 Timeline exp::treatment
1498349437716,BDXN7a%R<y,HJI Shared,exp::control,HJI_C35 Timeline,HJI_C35 Timeline exp::control
1498349437717,bW704bTAl6,HJI Shared,exp::control,HJI_C35 Timeline,HJI_C35 Timeline exp::control
1498349437718,Cfr+/<(t-D,HJI Shared,exp::control,HJI_C35 Timeline,HJI_C35 Timeline exp::control
1498349437719,"j?xT^,U5G|",HJI Shared,exp::control,HJI_C35 Timeline,HJI_C35 Timeline exp::control
1498349437720,nkUq^V|BW7,HJI Shared,exp::treatment,HJI_C35 Timeline,HJI_C35 Timeline exp::treatment
1498349437721,B{rlk#c#-5,HJI Shared,exp::control,HJI_C35 Timeline,HJI_C35 Timeline exp::control
1498349437722,J5d.2bBz&5,HJI Shared,exp::treatment,HJI_C35 Timeline,HJI_C35 Timeline exp::treatment
1498349437723,rH*zl#/Bs.,HJI Shared,exp::control,HJI_C35 Timeline,HJI_C35 Timeline exp::control
1498349437724,"qj9|OCh*B,",HJI Shared,exp::control,HJI_C35 Timeline,HJI_C35 Timeline exp::control
1498349437725,H_zULQ>!BO,HJI Shared,exp::control,HJI_C35 Timeline,HJI_C35 Timeline exp::control
1498349437726,kJ*@0F:tO<,HJI Shared,exp::treatment,HJI_C35 Timeline,HJI_C35 Timeline exp::treatment
1498349437727,c4!LHd=C@.,HJI Shared,exp::control,HJI_C35 Timeline,HJI_C35 Timeline exp::control
1498349437728,La6NY)UXfe,HJI Shared,exp::treatment,HJI_C35 Timeline,HJI_C35 Timeline exp::treatment
1498349437729,BeBBoa3U%>,HJI Shared,exp::treatment,HJI_C35 Timeline,HJI_C35 Timeline exp::treatment
1498349437730,k/|]9])4>@,HJI Shared,exp::treatment,HJI_C35 Timeline,HJI_C35 Timeline exp::treatment
1498349437731,oAkr~8ZA8r,HJI Shared,exp::control,HJI_C35 Timeline,HJI_C35 Timeline exp::control
1498349437732,Oa/b0^]d99,HJI Shared,exp::control,HJI_C35 Timeline,HJI_C35 Timeline exp::control
1498349437733,kjNJg?k*~+,HJI Shared,exp::treatment,HJI_C35 Timeline,HJI_C35 Timeline exp::treatment
1498349437734,FDZ`{xA(>`,HJI Shared,exp::treatment,HJI_C35 Timeline,HJI_C35 Timeline exp::treatment
1498349437735,Qpg}9$nC>+,HJI Shared,exp::control,HJI_C35 Timeline,HJI_C35 Timeline exp::control
1498349437736,t~lQ~iL~eo,HJI Shared,exp::treatment,HJI_C35 Timeline,HJI_C35 Timeline exp::treatment
1498349437737,s8WprME)9>,HJI Shared,exp::control,HJI_C35 Timeline,HJI_C35 Timeline exp::control
1498349437738,C.1I>>Z/D0,HJI Shared,exp::treatment,HJI_C35 Timeline,HJI_C35 Timeline exp::treatment
1498349437739,sjP1j=k2UM,HJI Shared,exp::treatment,HJI_C35 Timeline,HJI_C35 Timeline exp::treatment
1498349437740,uxTc*kHw5p,HJI Shared,exp::control,HJI_C35 Timeline,HJI_C35 Timeline exp::control
1498349437741,dBxn_0zXA$,HJI Shared,exp::treatment,HJI_C35 Timeline,HJI_C35 Timeline exp::treatment
1498349437742,q0rDeERh-4,HJI Shared,exp::control,HJI_C35 Timeline,HJI_C35 Timeline exp::control
1498349437743,Q!P%:V=StV,HJI Shared,exp::treatment,HJI_C35 Timeline,HJI_C35 Timeline exp::treatment
1498349437744,e9a5u[>CKC,HJI Shared,exp::treatment,HJI_C35 Timeline,HJI_C35 Timeline exp::treatment
1498349437745,jF.yYY3Dl4,HJI Shared,exp::treatment,HJI_C35 Timeline,HJI_C35 Timeline exp::treatment
1498349437746,JmFno5K-ZR,HJI Shared,exp::treatment,HJI_C35 Timeline,HJI_C35 Timeline exp::treatment
1498349437747,e!}b=HS^+),HJI Shared,exp::control,HJI_C35 Timeline,HJI_C35 Timeline exp::control
1498349437748,P`o-R!(g4,HJI Shared,exp::treatment,HJI_C36 Supermarket,HJI_C36 Supermarket exp::treatment
1498349437749,wV8YXX$(`!,HJI Shared,exp::treatment,HJI_C36 Supermarket,HJI_C36 Supermarket exp::treatment
1498349437750,rr;xoXHn*D,HJI Shared,exp::treatment,HJI_C36 Supermarket,HJI_C36 Supermarket exp::treatment
1498349437751,jku8_+H1Xg,HJI Shared,exp::treatment,HJI_C36 Supermarket,HJI_C36 Supermarket exp::treatment
1498349437752,sMO@)j#Eo1,HJI Shared,exp::control,HJI_C36 Supermarket,HJI_C36 Supermarket exp::control
1498349437753,KC%2uZG9~J,HJI Shared,exp::treatment,HJI_C36 Supermarket,HJI_C36 Supermarket exp::treatment
1498349437754,s82??i~jh!,HJI Shared,exp::control,HJI_C36 Supermarket,HJI_C36 Supermarket exp::control
1498349437755,f=k}8~Ws2k,HJI Shared,exp::control,HJI_C36 Supermarket,HJI_C36 Supermarket exp::control
1498349437756,"B7EsL=,?eX",HJI Shared,exp::treatment,HJI_C36 Supermarket,HJI_C36 Supermarket exp::treatment
1498349437757,HSk+}o_i=U,HJI Shared,exp::treatment,HJI_C36 Supermarket,HJI_C36 Supermarket exp::treatment
1498349437758,M@GDl#KQ`Y,HJI Shared,exp::treatment,HJI_C36 Supermarket,HJI_C36 Supermarket exp::treatment
1498349437759,sh_13L;A[V,HJI Shared,exp::control,HJI_C36 Supermarket,HJI_C36 Supermarket exp::control
1498349437760,uDL1Y[s*5j,HJI Shared,exp::control,HJI_C36 Supermarket,HJI_C36 Supermarket exp::control
1498349437761,K:*h]fOR_7,HJI Shared,exp::control,HJI_C36 Supermarket,HJI_C36 Supermarket exp::control
1498349437762,hZa%}H:>}(,HJI Shared,exp::treatment,HJI_C36 Supermarket,HJI_C36 Supermarket exp::treatment
1498349437763,G?tL[6nKlF,HJI Shared,exp::control,HJI_C36 Supermarket,HJI_C36 Supermarket exp::control
1498349437764,H&?zJ|%*RQ,HJI Shared,exp::control,HJI_C36 Supermarket,HJI_C36 Supermarket exp::control
1498349437765,v?`%`t}lGN,HJI Shared,exp::treatment,HJI_C36 Supermarket,HJI_C36 Supermarket exp::treatment
1498349437766,E35L&sb`f4,HJI Shared,exp::control,HJI_C36 Supermarket,HJI_C36 Supermarket exp::control
1498349437767,eX14u0ghn_,HJI Shared,exp::control,HJI_C36 Supermarket,HJI_C36 Supermarket exp::control
1498349437768,zAE9@.POhN,HJI Shared,exp::treatment,HJI_C36 Supermarket,HJI_C36 Supermarket exp::treatment
1498349437769,BW|^DGwl#p,HJI Shared,exp::treatment,HJI_C36 Supermarket,HJI_C36 Supermarket exp::treatment
1498349437770,EHTE>~*@oj,HJI Shared,exp::control,HJI_C36 Supermarket,HJI_C36 Supermarket exp::control
1498349437771,B=JWp?qHog,HJI Shared,exp::control,HJI_C36 Supermarket,HJI_C36 Supermarket exp::control
1498349437772,t8UUO>^Ln!,HJI Shared,exp::treatment,HJI_C36 Supermarket,HJI_C36 Supermarket exp::treatment
1498349437773,C-f~-5ZOqG,HJI Shared,exp::control,HJI_C36 Supermarket,HJI_C36 Supermarket exp::control
1498349437774,lHA/>84yod,HJI Shared,exp::control,HJI_C36 Supermarket,HJI_C36 Supermarket exp::control
1498349437775,bBgU>Ouwxy,HJI Shared,exp::control,HJI_C36 Supermarket,HJI_C36 Supermarket exp::control
1498349437776,cjF3e`=rc:,HJI Shared,exp::treatment,HJI_C36 Supermarket,HJI_C36 Supermarket exp::treatment
1498349437777,t5z+ZdXFI$,HJI Shared,exp::control,HJI_C36 Supermarket,HJI_C36 Supermarket exp::control
1498349437778,d{4T]~V<]2,HJI Shared,exp::control,HJI_C36 Supermarket,HJI_C36 Supermarket exp::control
1498349437779,zMty:ruE2f,HJI Shared,exp::treatment,HJI_C36 Supermarket,HJI_C36 Supermarket exp::treatment
1498349437780,rOp4=_`?0s,HJI Shared,exp::control,HJI_C36 Supermarket,HJI_C36 Supermarket exp::control
1498349437781,zBA9Ho]J.H,HJI Shared,exp::treatment,HJI_C36 Supermarket,HJI_C36 Supermarket exp::treatment
1498349437782,vmi)Q1wv<o,HJI Shared,exp::control,HJI_C36 Supermarket,HJI_C36 Supermarket exp::control
1498349437783,h4JkWVCRyx,HJI Shared,exp::treatment,HJI_C36 Supermarket,HJI_C36 Supermarket exp::treatment
1498349437784,Gh^?5EazW},HJI Shared,exp::control,HJI_C36 Supermarket,HJI_C36 Supermarket exp::control
1498349437785,e1X-ednUf9,HJI Shared,exp::control,HJI_C36 Supermarket,HJI_C36 Supermarket exp::control
1498349437786,CfEyc!+Jl0,HJI Shared,exp::treatment,HJI_C36 Supermarket,HJI_C36 Supermarket exp::treatment
1498349437787,n25j)s9}4g,HJI Shared,exp::control,HJI_C36 Supermarket,HJI_C36 Supermarket exp::control
1498349437788,"xzYw,6>4Y}",HJI Shared,exp::control,HJI_C36 Supermarket,HJI_C36 Supermarket exp::control
1498349437789,ux9f?y=iOF,HJI Shared,exp::treatment,HJI_C36 Supermarket,HJI_C36 Supermarket exp::treatment
1498349437790,L}&<Fh*No>,HJI Shared,exp::control,HJI_C36 Supermarket,HJI_C36 Supermarket exp::control
1498349437791,fL>+4[+F(n,HJI Shared,exp::treatment,HJI_C36 Supermarket,HJI_C36 Supermarket exp::treatment
1498349437792,A|}/1Zoj@-,HJI Shared,exp::control,HJI_C36 Supermarket,HJI_C36 Supermarket exp::control
1498349437793,HHQI1krAE.,HJI Shared,exp::control,HJI_C36 Supermarket,HJI_C36 Supermarket exp::control
1498349437794,"h5q,S;)R?s",HJI Shared,exp::control,HJI_C36 Supermarket,HJI_C36 Supermarket exp::control
1498349437795,i=trl-+9OK,HJI Shared,exp::treatment,HJI_C36 Supermarket,HJI_C36 Supermarket exp::treatment
1498349437796,oBaN@-IP!),HJI Shared,exp::treatment,HJI_C36 Supermarket,HJI_C36 Supermarket exp::treatment
1498349437797,FITsP1E`/|,HJI Shared,exp::treatment,HJI_C36 Supermarket,HJI_C36 Supermarket exp::treatment
1498349437798,"QS#PQG*^,<",HJI Shared,exp::control,HJI_C36 Supermarket,HJI_C36 Supermarket exp::control
1498349437799,JU(iLrGa^S,HJI Shared,exp::treatment,HJI_C36 Supermarket,HJI_C36 Supermarket exp::treatment
1498349437800,Aim52LcEb{,HJI Shared,exp::treatment,HJI_C36 Supermarket,HJI_C36 Supermarket exp::treatment
1498349437801,dP22q*1nS/,HJI Shared,exp::control,HJI_C36 Supermarket,HJI_C36 Supermarket exp::control
1498349437802,"cW2DG.6J,/",HJI Shared,exp::control,HJI_C36 Supermarket,HJI_C36 Supermarket exp::control
1498349437803,"Ho,e,6|%K9",HJI Shared,exp::treatment,HJI_C36 Supermarket,HJI_C36 Supermarket exp::treatment
1498349437804,Gz6zXTNI8[,HJI Shared,exp::treatment,HJI_C36 Supermarket,HJI_C36 Supermarket exp::treatment
1498349437805,NawiNiLAAO,HJI Shared,exp::treatment,HJI_C36 Supermarket,HJI_C36 Supermarket exp::treatment
1498349437806,"mA`@$:,9j|",HJI Shared,exp::control,HJI_C36 Supermarket,HJI_C36 Supermarket exp::control
1498349437807,A-BUt}{>ve,HJI Shared,exp::treatment,HJI_C36 Supermarket,HJI_C36 Supermarket exp::treatment
1498349437808,F{L~44dufS,HJI Shared,exp::control,HJI_C36 Supermarket,HJI_C36 Supermarket exp::control
1498349437809,eiToXtv_f`,HJI Shared,exp::treatment,HJI_C36 Supermarket,HJI_C36 Supermarket exp::treatment
1498349437810,bqtp(a3Wde,HJI Shared,exp::treatment,HJI_C36 Supermarket,HJI_C36 Supermarket exp::treatment
1498349437811,uuxLwDHwrE,HJI Shared,exp::treatment,HJI_C36 Supermarket,HJI_C36 Supermarket exp::treatment
1498349437812,i4dZbRN+)A,HJI Shared,exp::treatment,HJI_C36 Supermarket,HJI_C36 Supermarket exp::treatment
1498349437813,JdJun}HUyu,HJI Shared,exp::treatment,HJI_C36 Supermarket,HJI_C36 Supermarket exp::treatment
1498349437814,je9G[}w0&k,HJI Shared,exp::treatment,HJI_C36 Supermarket,HJI_C36 Supermarket exp::treatment
1498349437815,q1Pi~DC)1+,HJI Shared,exp::control,HJI_C36 Supermarket,HJI_C36 Supermarket exp::control
1498349437816,mOIP(Q!e3&,HJI Shared,exp::control,HJI_C36 Supermarket,HJI_C36 Supermarket exp::control
1498349437817,hkL;mMxQtN,HJI Shared,exp::treatment,HJI_C36 Supermarket,HJI_C36 Supermarket exp::treatment
1498349437818,GA~!L2t5F6,HJI Shared,exp::control,HJI_C36 Supermarket,HJI_C36 Supermarket exp::control
1498349437819,HCAGnRv~p7,HJI Shared,exp::treatment,HJI_C36 Supermarket,HJI_C36 Supermarket exp::treatment
1498349437820,F){v^I:4o$,HJI Shared,exp::control,HJI_C36 Supermarket,HJI_C36 Supermarket exp::control
1498349437821,i3q0?uoBZH,HJI Shared,exp::treatment,HJI_C36 Supermarket,HJI_C36 Supermarket exp::treatment
1498349437822,wj/lHfL%Q6,HJI Shared,exp::control,HJI_C36 Supermarket,HJI_C36 Supermarket exp::control
1498349437823,I(>l4?cY7a,HJI Shared,exp::treatment,HJI_C36 Supermarket,HJI_C36 Supermarket exp::treatment
1498349437824,P9idC)nH+I,HJI Shared,exp::treatment,HJI_C36 Supermarket,HJI_C36 Supermarket exp::treatment
1498349437825,jO%)+I+X%!,HJI Shared,exp::control,HJI_C36 Supermarket,HJI_C36 Supermarket exp::control
1498349437826,lhqOEo>Y3G,HJI Shared,exp::control,HJI_C36 Supermarket,HJI_C36 Supermarket exp::control
1498349437827,Dn7}J@qoYz,HJI Shared,exp::treatment,HJI_C36 Supermarket,HJI_C36 Supermarket exp::treatment
1498349437828,KTEs<5qzwJ,HJI Shared,exp::control,HJI_C36 Supermarket,HJI_C36 Supermarket exp::control
1498349437829,n[w|A0BNl|,HJI Shared,exp::control,HJI_C36 Supermarket,HJI_C36 Supermarket exp::control
1498349437830,L^nojU>t7^,HJI Shared,exp::treatment,HJI_C36 Supermarket,HJI_C36 Supermarket exp::treatment
1498349437831,"j4,W)0Fc>:",HJI Shared,exp::control,HJI_C36 Supermarket,HJI_C36 Supermarket exp::control
1498349437832,I#j1ig]ks7,HJI Shared,exp::control,HJI_C36 Supermarket,HJI_C36 Supermarket exp::control
1498349437833,Dzr%;*<wS7,HJI Shared,exp::treatment,HJI_C36 Supermarket,HJI_C36 Supermarket exp::treatment
1498349437834,m!FW6H[&Z4,HJI Shared,exp::treatment,HJI_C36 Supermarket,HJI_C36 Supermarket exp::treatment
1498349437835,lu_vdc<G1-,HJI Shared,exp::control,GivingReceiving HJI_C37,GivingReceiving HJI_C37 exp::control
1498349437836,UT)KB61KY,HJI Shared,exp::control,GivingReceiving HJI_C37,GivingReceiving HJI_C37 exp::control
1498349437837,"OxvK,vB:li",HJI Shared,exp::treatment,GivingReceiving HJI_C37,GivingReceiving HJI_C37 exp::treatment
1498349437838,OIb#is8P5-,HJI Shared,exp::control,GivingReceiving HJI_C37,GivingReceiving HJI_C37 exp::control
1498349437839,"IcvwByUFS,",HJI Shared,exp::treatment,GivingReceiving HJI_C37,GivingReceiving HJI_C37 exp::treatment
1498349437840,F#<6cr41Jl,HJI Shared,exp::treatment,GivingReceiving HJI_C37,GivingReceiving HJI_C37 exp::treatment
1498349437841,xYsXF?9iht,HJI Shared,exp::treatment,GivingReceiving HJI_C37,GivingReceiving HJI_C37 exp::treatment
1498349437842,uqv)8uhEK>,HJI Shared,exp::treatment,GivingReceiving HJI_C37,GivingReceiving HJI_C37 exp::treatment
1498349437843,"K,iu[H!GmV",HJI Shared,exp::control,GivingReceiving HJI_C37,GivingReceiving HJI_C37 exp::control
1498349437844,N{Xlk9cf3B,HJI Shared,exp::control,GivingReceiving HJI_C37,GivingReceiving HJI_C37 exp::control
1498349437845,m@cA!?Sz?!,HJI Shared,exp::control,GivingReceiving HJI_C37,GivingReceiving HJI_C37 exp::control
1498349437846,Qj=7dsS_v@,HJI Shared,exp::control,GivingReceiving HJI_C37,GivingReceiving HJI_C37 exp::control
1498349437847,J(Pgu/5]fn,HJI Shared,exp::treatment,GivingReceiving HJI_C37,GivingReceiving HJI_C37 exp::treatment
1498349437848,O]zyne~v!q,HJI Shared,exp::control,GivingReceiving HJI_C37,GivingReceiving HJI_C37 exp::control
1498349437849,x]b?R2fyw^,HJI Shared,exp::control,GivingReceiving HJI_C37,GivingReceiving HJI_C37 exp::control
1498349437850,u{gVJI7VKp,HJI Shared,exp::control,GivingReceiving HJI_C37,GivingReceiving HJI_C37 exp::control
1498349437851,pnaFA5dzGv,HJI Shared,exp::control,GivingReceiving HJI_C37,GivingReceiving HJI_C37 exp::control
1498349437852,w(gpV`IB5k,HJI Shared,exp::treatment,GivingReceiving HJI_C37,GivingReceiving HJI_C37 exp::treatment
1498349437853,ovy~(}Lp!@,HJI Shared,exp::treatment,GivingReceiving HJI_C37,GivingReceiving HJI_C37 exp::treatment
1498349437854,Ed35SqZ[TQ,HJI Shared,exp::control,GivingReceiving HJI_C37,GivingReceiving HJI_C37 exp::control
1498349437855,v!$PYyLe#h,HJI Shared,exp::control,GivingReceiving HJI_C37,GivingReceiving HJI_C37 exp::control
1498349437856,P~vQwK4U_V,HJI Shared,exp::treatment,GivingReceiving HJI_C37,GivingReceiving HJI_C37 exp::treatment
1498349437857,jy3A22_SIW,HJI Shared,exp::control,GivingReceiving HJI_C37,GivingReceiving HJI_C37 exp::control
1498349437858,bXifp6PM.a,HJI Shared,exp::treatment,GivingReceiving HJI_C37,GivingReceiving HJI_C37 exp::treatment
1498349437859,b[A{M4J[$},HJI Shared,exp::treatment,GivingReceiving HJI_C37,GivingReceiving HJI_C37 exp::treatment
1498349437860,j#DPV`b{MN,HJI Shared,exp::control,GivingReceiving HJI_C37,GivingReceiving HJI_C37 exp::control
1498349437861,"N34,>LM:Ij",HJI Shared,exp::control,GivingReceiving HJI_C37,GivingReceiving HJI_C37 exp::control
1498349437862,lXadZAcxf1,HJI Shared,exp::treatment,GivingReceiving HJI_C37,GivingReceiving HJI_C37 exp::treatment
1498349437863,uKRRX9>4*&,HJI Shared,exp::control,GivingReceiving HJI_C37,GivingReceiving HJI_C37 exp::control
1498349437864,"CH3C6z:,K|",HJI Shared,exp::control,GivingReceiving HJI_C37,GivingReceiving HJI_C37 exp::control
1498349437865,D6[gDy422{,HJI Shared,exp::treatment,GivingReceiving HJI_C37,GivingReceiving HJI_C37 exp::treatment
1498349437866,O-&hO7k!;.,HJI Shared,exp::treatment,GivingReceiving HJI_C37,GivingReceiving HJI_C37 exp::treatment
1498349437867,pb_CCBeK~E,HJI Shared,exp::treatment,GivingReceiving HJI_C37,GivingReceiving HJI_C37 exp::treatment
1498349437868,i^dqCzgxK3,HJI Shared,exp::treatment,GivingReceiving HJI_C37,GivingReceiving HJI_C37 exp::treatment
1498349437869,J;kQrsp0zQ,HJI Shared,exp::treatment,GivingReceiving HJI_C37,GivingReceiving HJI_C37 exp::treatment
1498349437870,"tK5WM,)wQ2",HJI Shared,exp::treatment,GivingReceiving HJI_C37,GivingReceiving HJI_C37 exp::treatment
1498349437871,O-V6.P~$m.,HJI Shared,exp::control,GivingReceiving HJI_C37,GivingReceiving HJI_C37 exp::control
1498349437872,O=.X1YoXf$,HJI Shared,exp::control,GivingReceiving HJI_C37,GivingReceiving HJI_C37 exp::control
1498349437873,cH-.$f-pKh,HJI Shared,exp::control,GivingReceiving HJI_C37,GivingReceiving HJI_C37 exp::control
1498349437874,z^l~FiHOXl,HJI Shared,exp::control,GivingReceiving HJI_C37,GivingReceiving HJI_C37 exp::control
1498349437875,fAAL?~*zs@,HJI Shared,exp::control,GivingReceiving HJI_C37,GivingReceiving HJI_C37 exp::control
1498349437876,q/[D@h4TF1,HJI Shared,exp::control,GivingReceiving HJI_C37,GivingReceiving HJI_C37 exp::control
1498349437877,q@q*8bL_1},HJI Shared,exp::control,GivingReceiving HJI_C37,GivingReceiving HJI_C37 exp::control
1498349437878,eEvLgbQ.J1,HJI Shared,exp::control,GivingReceiving HJI_C37,GivingReceiving HJI_C37 exp::control
1498349437879,cyRFhRA-Ic,HJI Shared,exp::treatment,GivingReceiving HJI_C37,GivingReceiving HJI_C37 exp::treatment
1498349437880,vcP-_F%|RA,HJI Shared,exp::control,GivingReceiving HJI_C37,GivingReceiving HJI_C37 exp::control
1498349437881,Psg|F4GKDj,HJI Shared,exp::control,GivingReceiving HJI_C37,GivingReceiving HJI_C37 exp::control
1498349437882,f{;i&_&{J&,HJI Shared,exp::treatment,GivingReceiving HJI_C37,GivingReceiving HJI_C37 exp::treatment
1498349437883,F%O;O?f9Mc,HJI Shared,exp::treatment,GivingReceiving HJI_C37,GivingReceiving HJI_C37 exp::treatment
1498349437884,Iq~K$g@v.e,HJI Shared,exp::treatment,GivingReceiving HJI_C37,GivingReceiving HJI_C37 exp::treatment
1498349437885,rZ[?oa@%$h,HJI Shared,exp::treatment,GivingReceiving HJI_C37,GivingReceiving HJI_C37 exp::treatment
1498349437886,jmL#.df6zN,HJI Shared,exp::control,GivingReceiving HJI_C37,GivingReceiving HJI_C37 exp::control
1498349437887,k|$mJ`dOy@,HJI Shared,exp::control,GivingReceiving HJI_C37,GivingReceiving HJI_C37 exp::control
1498349437888,M5ZnO7DUl,HJI Shared,exp::treatment,GivingReceiving HJI_C37,GivingReceiving HJI_C37 exp::treatment
1498349437889,y3.p_~Jmi9,HJI Shared,exp::treatment,GivingReceiving HJI_C37,GivingReceiving HJI_C37 exp::treatment
1498349437890,b-KOZzDlJL,HJI Shared,exp::treatment,GivingReceiving HJI_C37,GivingReceiving HJI_C37 exp::treatment
1498349437891,tW7&!zre~+,HJI Shared,exp::treatment,GivingReceiving HJI_C37,GivingReceiving HJI_C37 exp::treatment
1498349437892,izQ1[6&@Ax,HJI Shared,exp::treatment,GivingReceiving HJI_C37,GivingReceiving HJI_C37 exp::treatment
1498349437893,o|LNL<s/eU,HJI Shared,exp::control,GivingReceiving HJI_C37,GivingReceiving HJI_C37 exp::control
1498349437894,v{LmwV~(vm,HJI Shared,exp::control,GivingReceiving HJI_C37,GivingReceiving HJI_C37 exp::control
1498349437895,q?/?e~D^x6,HJI Shared,exp::treatment,GivingReceiving HJI_C37,GivingReceiving HJI_C37 exp::treatment
1498349437896,s^hk@U[RrI,HJI Shared,exp::treatment,GivingReceiving HJI_C37,GivingReceiving HJI_C37 exp::treatment
1498349437897,tsRpUd&ght,HJI Shared,exp::treatment,GivingReceiving HJI_C37,GivingReceiving HJI_C37 exp::treatment
1498349437898,J3JE|h|M(V,HJI Shared,exp::control,GivingReceiving HJI_C37,GivingReceiving HJI_C37 exp::control
1498349437899,m]SDTS{u8v,HJI Shared,exp::control,GivingReceiving HJI_C37,GivingReceiving HJI_C37 exp::control
1498349437900,FfgZHVIVgv,HJI Shared,exp::control,GivingReceiving HJI_C37,GivingReceiving HJI_C37 exp::control
1498349437901,eHIL9EW0|5,HJI Shared,exp::control,GivingReceiving HJI_C37,GivingReceiving HJI_C37 exp::control
1498349437902,jDQpef{$YQ,HJI Shared,exp::treatment,GivingReceiving HJI_C37,GivingReceiving HJI_C37 exp::treatment
1498349437903,"A0R:zqCb,i",HJI Shared,exp::treatment,GivingReceiving HJI_C37,GivingReceiving HJI_C37 exp::treatment
1498349437904,FSG}I.^B]H,HJI Shared,exp::treatment,HJI_C38 Something,HJI_C38 Something exp::treatment
1498349437905,qQraRbq2EZ,HJI Shared,exp::control,HJI_C38 Something,HJI_C38 Something exp::control
1498349437906,D{JC-+a.X?,HJI Shared,exp::treatment,HJI_C38 Something,HJI_C38 Something exp::treatment
1498349437907,"L|*&t,ectc",HJI Shared,exp::treatment,HJI_C38 Something,HJI_C38 Something exp::treatment
1498349437908,yR@lk}oJm{,HJI Shared,exp::control,HJI_C38 Something,HJI_C38 Something exp::control
1498349437909,t#Czf2hz.>,HJI Shared,exp::control,HJI_C38 Something,HJI_C38 Something exp::control
1498349437910,zChvv;jx_m,HJI Shared,exp::treatment,HJI_C38 Something,HJI_C38 Something exp::treatment
1498349437911,i~ZudkY!#t,HJI Shared,exp::control,HJI_C38 Something,HJI_C38 Something exp::control
1498349437912,ESWc1Q]xfe,HJI Shared,exp::control,HJI_C38 Something,HJI_C38 Something exp::control
1498349437913,jIK+k^)7(E,HJI Shared,exp::control,HJI_C38 Something,HJI_C38 Something exp::control
1498349437914,i!_}1$mA~_,HJI Shared,exp::treatment,HJI_C38 Something,HJI_C38 Something exp::treatment
1498349437915,o?U_G{[A06,HJI Shared,exp::control,HJI_C38 Something,HJI_C38 Something exp::control
1498349437916,qK~kQiId^3,HJI Shared,exp::control,HJI_C38 Something,HJI_C38 Something exp::control
1498349437917,"AFJ_d=RAd,",HJI Shared,exp::treatment,HJI_C38 Something,HJI_C38 Something exp::treatment
1498349437918,qkKJ766#y],HJI Shared,exp::treatment,HJI_C38 Something,HJI_C38 Something exp::treatment
1498349437919,o7?0M.FeZF,HJI Shared,exp::treatment,HJI_C38 Something,HJI_C38 Something exp::treatment
1498349437920,x$D./o^tV5,HJI Shared,exp::control,HJI_C38 Something,HJI_C38 Something exp::control
1498349437921,j!)pPk#ULt,HJI Shared,exp::control,HJI_C38 Something,HJI_C38 Something exp::control
1498349437922,zaArOzb*bw,HJI Shared,exp::treatment,HJI_C38 Something,HJI_C38 Something exp::treatment
1498349437923,pvjg8kQlXb,HJI Shared,exp::treatment,HJI_C38 Something,HJI_C38 Something exp::treatment
1498349437924,qIVT:[cc?O,HJI Shared,exp::treatment,HJI_C38 Something,HJI_C38 Something exp::treatment
1498349437925,qlInHjdjYB,HJI Shared,exp::control,HJI_C38 Something,HJI_C38 Something exp::control
1498349437926,eEe/!..eX},HJI Shared,exp::treatment,HJI_C38 Something,HJI_C38 Something exp::treatment
1498349437927,mi^+51r-R9,HJI Shared,exp::treatment,HJI_C38 Something,HJI_C38 Something exp::treatment
1498349437928,"wY6!,d-Jr0",HJI Shared,exp::treatment,HJI_C38 Something,HJI_C38 Something exp::treatment
1498349437929,w+mKaMWz5l,HJI Shared,exp::treatment,HJI_C38 Something,HJI_C38 Something exp::treatment
1498349437930,(<J/=}#F=,HJI Shared,exp::control,HJI_C38 Something,HJI_C38 Something exp::control
1498349437931,Ibh`3R~]+@,HJI Shared,exp::control,HJI_C38 Something,HJI_C38 Something exp::control
1498349437932,Ng@D`uU{9e,HJI Shared,exp::control,HJI_C38 Something,HJI_C38 Something exp::control
1498349437933,vk7QIwyLo[,HJI Shared,exp::control,HJI_C38 Something,HJI_C38 Something exp::control
1498349437934,HqY{;$<SQK,HJI Shared,exp::control,HJI_C38 Something,HJI_C38 Something exp::control
1498349437935,xUgFX6wRUC,HJI Shared,exp::treatment,HJI_C38 Something,HJI_C38 Something exp::treatment
1498349437936,z?(3KKB-Ix,HJI Shared,exp::treatment,HJI_C38 Something,HJI_C38 Something exp::treatment
1498349437937,b;LfJgcRZ_,HJI Shared,exp::treatment,HJI_C38 Something,HJI_C38 Something exp::treatment
1498349437938,r0TVVS<q*d,HJI Shared,exp::control,HJI_C38 Something,HJI_C38 Something exp::control
1498349437939,Q)cEf]Qb3%,HJI Shared,exp::control,HJI_C38 Something,HJI_C38 Something exp::control
1498349437940,t]V&?14Lgb,HJI Shared,exp::control,HJI_C38 Something,HJI_C38 Something exp::control
1498349437941,np3wlH!`jc,HJI Shared,exp::control,HJI_C38 Something,HJI_C38 Something exp::control
1498349437942,A#eAXWcDL(,HJI Shared,exp::control,HJI_C38 Something,HJI_C38 Something exp::control
1498349437943,Qm6rP9snGX,HJI Shared,exp::treatment,HJI_C38 Something,HJI_C38 Something exp::treatment
1498349437944,Nr_6Xg969%,HJI Shared,exp::control,HJI_C38 Something,HJI_C38 Something exp::control
1498349437945,c~t/<I8O_a,HJI Shared,exp::control,HJI_C38 Something,HJI_C38 Something exp::control
1498349437946,n`I3n$9bfE,HJI Shared,exp::control,HJI_C38 Something,HJI_C38 Something exp::control
1498349437947,"G$^fYHQ9,i",HJI Shared,exp::treatment,HJI_C38 Something,HJI_C38 Something exp::treatment
1498349437948,v!04jnVLJ-,HJI Shared,exp::treatment,HJI_C38 Something,HJI_C38 Something exp::treatment
1498349437949,Jyi1MjcQ}B,HJI Shared,exp::control,HJI_C38 Something,HJI_C38 Something exp::control
1498349437950,A$W.!:h$le,HJI Shared,exp::treatment,HJI_C38 Something,HJI_C38 Something exp::treatment
1498349437951,i49|!8ai`<,HJI Shared,exp::control,HJI_C38 Something,HJI_C38 Something exp::control
1498349437952,dl#EHxGrIX,HJI Shared,exp::treatment,HJI_C38 Something,HJI_C38 Something exp::treatment
1498349437953,t}L`>k}aA`,HJI Shared,exp::control,HJI_C38 Something,HJI_C38 Something exp::control
1498349437954,x%L!{+RfBZ,HJI Shared,exp::treatment,HJI_C38 Something,HJI_C38 Something exp::treatment
1498349437955,N}(+FwuAQk,HJI Shared,exp::treatment,HJI_C38 Something,HJI_C38 Something exp::treatment
1498349437956,i_a`my(]xs,HJI Shared,exp::control,HJI_C38 Something,HJI_C38 Something exp::control
1498349437957,vlE^*(dWqB,HJI Shared,exp::treatment,HJI_C38 Something,HJI_C38 Something exp::treatment
1498349437958,hiMkG1-2(l,HJI Shared,exp::treatment,HJI_C38 Something,HJI_C38 Something exp::treatment
1498349437959,Q|RAeUv!`D,HJI Shared,exp::treatment,HJI_C38 Something,HJI_C38 Something exp::treatment
1498349437960,v9I8QT^9=q,HJI Shared,exp::treatment,HJI_C38 Something,HJI_C38 Something exp::treatment
1498349437961,Am/G:ID`%D,HJI Shared,exp::control,HJI_C38 Something,HJI_C38 Something exp::control
1498349437962,sk9#8)tev[,HJI Shared,exp::treatment,HJI_C38 Something,HJI_C38 Something exp::treatment
1498349437963,fibBvc6.+~,HJI Shared,exp::control,HJI_C38 Something,HJI_C38 Something exp::control
1498349437964,I)TRzMa^T^,HJI Shared,exp::control,HJI_C38 Something,HJI_C38 Something exp::control
1498349437965,J$rIZv_5/R,HJI Shared,exp::treatment,HJI_C38 Something,HJI_C38 Something exp::treatment
1498349437966,fwVzNp>Myn,HJI Shared,exp::control,HJI_C38 Something,HJI_C38 Something exp::control
1498349437967,f{ZV5syI2b,HJI Shared,exp::control,HJI_C38 Something,HJI_C38 Something exp::control
1498349437968,"hr)s]Ya!W,",HJI Shared,exp::treatment,HJI_C38 Something,HJI_C38 Something exp::treatment
1498349437969,w7NZ`WfBU+,HJI Shared,exp::control,HJI_C38 Something,HJI_C38 Something exp::control
1498349437970,Jc:Sq?C6}+,HJI Shared,exp::control,HJI_C38 Something,HJI_C38 Something exp::control
1498349437971,MOQ)HTqBj@,HJI Shared,exp::treatment,HJI_C38 Something,HJI_C38 Something exp::treatment
1498349437972,JpF75CvdMK,HJI Shared,exp::control,HJI_C38 Something,HJI_C38 Something exp::control
1498349437973,Mj[}*Gr7U3,HJI Shared,exp::treatment,HJI_C38 Something,HJI_C38 Something exp::treatment
1498349437974,Eu(`iX<2Vk,HJI Shared,exp::control,HJI_C38 Something,HJI_C38 Something exp::control
1498349437975,GIS_ObSVON,HJI Shared,exp::control,HJI_C38 Something,HJI_C38 Something exp::control
1498349437976,H|>V@@|quH,HJI Shared,exp::treatment,HJI_C38 Something,HJI_C38 Something exp::treatment
1498349437977,H*6t2fPEVq,HJI Shared,exp::treatment,HJI_C38 Something,HJI_C38 Something exp::treatment
1498349437978,eOvcR&uIoz,HJI Shared,exp::control,HJI_C38 Something,HJI_C38 Something exp::control
1498349437979,lWnmf)pf|Q,HJI Shared,exp::treatment,HJI_C38 Something,HJI_C38 Something exp::treatment
1498349437980,"zFP$wqBU,I",HJI Shared,exp::control,HJI_C38 Something,HJI_C38 Something exp::control
1498349437981,p#)Pehx(~5,HJI Shared,exp::treatment,HJI_C38 Something,HJI_C38 Something exp::treatment
1498349437982,u)rE!j>rU],HJI Shared,exp::control,HJI_C38 Something,HJI_C38 Something exp::control
1498349437983,Ptk1Y6*&`=,HJI Shared,exp::treatment,HJI_C38 Something,HJI_C38 Something exp::treatment
1498349437984,O}w4wPPd(H,HJI Shared,exp::control,HJI_C38 Something,HJI_C38 Something exp::control
1498349437985,Q.SJSaJa0c,HJI Shared,exp::treatment,HJI_C38 Something,HJI_C38 Something exp::treatment
1498349437986,KHVv{R;;rV,HJI Shared,exp::control,HJI_C38 Something,HJI_C38 Something exp::control
1498349437987,BF6Q@`!LMG,HJI Shared,exp::treatment,HJI_C38 Something,HJI_C38 Something exp::treatment
1498349437988,t0[D6qUvQL,HJI Shared,exp::treatment,HJI_C38 Something,HJI_C38 Something exp::treatment
1498349437989,AaY^/FV%&l,HJI Shared,exp::control,HJI_C38 Something,HJI_C38 Something exp::control
1498349437990,nB]U-72+B2,HJI Shared,exp::control,HJI_C38 Something,HJI_C38 Something exp::control
1498349437991,yokt@r{k>U,HJI Shared,exp::control,HJI_C38 Something,HJI_C38 Something exp::control
1498349437992,fyAHfA:bI-,HJI Shared,exp::control,HJI_C38 Something,HJI_C38 Something exp::control
1498349437993,eZC)8s/>`v,HJI Shared,exp::treatment,HJI_C38 Something,HJI_C38 Something exp::treatment
1498349437994,tv^rB)Yc*{,HJI Shared,exp::treatment,HJI_C38 Something,HJI_C38 Something exp::treatment
1498349437995,b25+Ak1s48,HJI Shared,exp::treatment,HJI_C38 Something,HJI_C38 Something exp::treatment
1498349437996,Mvd%l!;5Br,HJI Shared,exp::treatment,HJI_C38 Something,HJI_C38 Something exp::treatment
1498349437997,MT:!}L?y&`,HJI Shared,exp::control,HJI_C38 Something,HJI_C38 Something exp::control
1498349437998,u12$wD-Z4z,HJI Shared,exp::control,HJI_C38 Something,HJI_C38 Something exp::control
1498349437999,"h,YZps`%*W",HJI Shared,exp::treatment,HJI_C38 Something,HJI_C38 Something exp::treatment
1498349438000,zIRD10Pf[7,HJI Shared,exp::control,HJI_C38 Something,HJI_C38 Something exp::control
1498349438001,"lu|#zJ,:`b",HJI Shared,exp::treatment,HJI_C38 Something,HJI_C38 Something exp::treatment
1498349438002,q1G<-Jg&2b,HJI Shared,exp::treatment,HJI_C38 Something,HJI_C38 Something exp::treatment
1498349438003,Mi^i-BjfOC,HJI Shared,exp::treatment,HJI_C38 Something,HJI_C38 Something exp::treatment
1498349438004,vY`wArK2-h,HJI Shared,exp::control,HJI_C38 Something,HJI_C38 Something exp::control
1498349438005,Kmmit|jU(f,HJI Shared,exp::treatment,HJI_C38 Something,HJI_C38 Something exp::treatment
1498349438006,q:S2Mp$:#b,HJI Shared,exp::treatment,HJI_C38 Something,HJI_C38 Something exp::treatment
1498349438007,Iow}E8*^SW,HJI Shared,exp::control,HJI_C38 Something,HJI_C38 Something exp::control
1498349438008,ecCqC)Gg&~,HJI Shared,exp::control,HJI_C38 Something,HJI_C38 Something exp::control
1498349438009,hEPins2.$N,HJI Shared,exp::treatment,HJI_C38 Something,HJI_C38 Something exp::treatment
1498349438010,b92Mhf&P}N,HJI Shared,exp::treatment,HJI_C38 Something,HJI_C38 Something exp::treatment
1498349438011,mJJj`[)~|#,HJI Shared,exp::control,HJI_C38 Something,HJI_C38 Something exp::control
1498349438012,"lAiF,]OUJi",HJI Shared,exp::control,HJI_C38 Something,HJI_C38 Something exp::control
1498349438013,Oa3VD^p:-:,HJI Shared,exp::control,HJI_C38 Something,HJI_C38 Something exp::control
1498349438014,clmpk_&aX9,HJI Shared,exp::treatment,HJI_C38 Something,HJI_C38 Something exp::treatment
1498349438015,d?x$}2w$.V,HJI Shared,exp::control,HJI_C38 Something,HJI_C38 Something exp::control
1498349438016,"mX?,*eS@<5",HJI Shared,exp::treatment,HJI_C38 Something,HJI_C38 Something exp::treatment
1498349438017,J^O0{=<kC2,HJI Shared,exp::treatment,HJI_C38 Something,HJI_C38 Something exp::treatment
1498349438018,"h^,=?5Zrx7",HJI Shared,exp::control,HJI_C38 Something,HJI_C38 Something exp::control
1498349438019,QZCpexZ)a1,HJI Shared,exp::treatment,HJI_C38 Something,HJI_C38 Something exp::treatment
1498349438020,m~!f$w(+yb,HJI Shared,exp::control,DoingForPeople HJI_C39,DoingForPeople HJI_C39 exp::control
1498349438021,zi{q)f#cm:,HJI Shared,exp::control,DoingForPeople HJI_C39,DoingForPeople HJI_C39 exp::control
1498349438022,F!~.L]NNgS,HJI Shared,exp::treatment,DoingForPeople HJI_C39,DoingForPeople HJI_C39 exp::treatment
1498349438023,ti4PisY4Ui,HJI Shared,exp::control,DoingForPeople HJI_C39,DoingForPeople HJI_C39 exp::control
1498349438024,bH?KNT>5s1,HJI Shared,exp::control,DoingForPeople HJI_C39,DoingForPeople HJI_C39 exp::control
1498349438025,G8EP%%eIFu,HJI Shared,exp::treatment,DoingForPeople HJI_C39,DoingForPeople HJI_C39 exp::treatment
1498349438026,bb)KbaHxi>,HJI Shared,exp::control,DoingForPeople HJI_C39,DoingForPeople HJI_C39 exp::control
1498349438027,uE=M#P)5N>,HJI Shared,exp::treatment,DoingForPeople HJI_C39,DoingForPeople HJI_C39 exp::treatment
1498349438028,G;*UWk{sF.,HJI Shared,exp::treatment,DoingForPeople HJI_C39,DoingForPeople HJI_C39 exp::treatment
1498349438029,NIAe[(?yy=,HJI Shared,exp::control,DoingForPeople HJI_C39,DoingForPeople HJI_C39 exp::control
1498349438030,jbjIaIH)z6,HJI Shared,exp::treatment,DoingForPeople HJI_C39,DoingForPeople HJI_C39 exp::treatment
1498349438031,m^.){fm<=V,HJI Shared,exp::treatment,DoingForPeople HJI_C39,DoingForPeople HJI_C39 exp::treatment
1498349438032,g[N[`4jlSw,HJI Shared,exp::treatment,DoingForPeople HJI_C39,DoingForPeople HJI_C39 exp::treatment
1498349438033,x?vIHVMs}l,HJI Shared,exp::treatment,DoingForPeople HJI_C39,DoingForPeople HJI_C39 exp::treatment
1498349438034,p_3-MjUdl+,HJI Shared,exp::control,DoingForPeople HJI_C39,DoingForPeople HJI_C39 exp::control
1498349438035,kjn<rwP#}2,HJI Shared,exp::treatment,DoingForPeople HJI_C39,DoingForPeople HJI_C39 exp::treatment
1498349438036,o=%%OKH`K@,HJI Shared,exp::treatment,DoingForPeople HJI_C39,DoingForPeople HJI_C39 exp::treatment
1498349438037,I[F@>7xp9>,HJI Shared,exp::control,DoingForPeople HJI_C39,DoingForPeople HJI_C39 exp::control
1498349438038,Kk)3yme6QS,HJI Shared,exp::treatment,DoingForPeople HJI_C39,DoingForPeople HJI_C39 exp::treatment
1498349438039,y|%e;Bqd=1,HJI Shared,exp::control,DoingForPeople HJI_C39,DoingForPeople HJI_C39 exp::control
1498349438040,gbI|A0)%7n,HJI Shared,exp::control,DoingForPeople HJI_C39,DoingForPeople HJI_C39 exp::control
1498349438041,yw^-SPWpD},HJI Shared,exp::treatment,DoingForPeople HJI_C39,DoingForPeople HJI_C39 exp::treatment
1498349438042,e.og3/C.o},HJI Shared,exp::control,DoingForPeople HJI_C39,DoingForPeople HJI_C39 exp::control
1498349438043,yTqVX_cxPQ,HJI Shared,exp::treatment,DoingForPeople HJI_C39,DoingForPeople HJI_C39 exp::treatment
1498349438044,xWs~^arV_i,HJI Shared,exp::treatment,DoingForPeople HJI_C39,DoingForPeople HJI_C39 exp::treatment
1498349438045,G$sugA%_k`,HJI Shared,exp::control,DoingForPeople HJI_C39,DoingForPeople HJI_C39 exp::control
1498349438046,LnrBEt|1U=,HJI Shared,exp::treatment,DoingForPeople HJI_C39,DoingForPeople HJI_C39 exp::treatment
1498349438047,c]ktd)Z:Jq,HJI Shared,exp::treatment,DoingForPeople HJI_C39,DoingForPeople HJI_C39 exp::treatment
1498349438048,z)DM2TQV63,HJI Shared,exp::treatment,DoingForPeople HJI_C39,DoingForPeople HJI_C39 exp::treatment
1498349438049,cLjQ4xZ&Q:,HJI Shared,exp::treatment,DoingForPeople HJI_C39,DoingForPeople HJI_C39 exp::treatment
1498349438050,k|E*?Hku`P,HJI Shared,exp::treatment,DoingForPeople HJI_C39,DoingForPeople HJI_C39 exp::treatment
1498349438051,z:pp=?vwuE,HJI Shared,exp::treatment,DoingForPeople HJI_C39,DoingForPeople HJI_C39 exp::treatment
1498349438052,"Q3}W6jG,3r",HJI Shared,exp::control,DoingForPeople HJI_C39,DoingForPeople HJI_C39 exp::control
1498349438053,KCPs]ns-Ap,HJI Shared,exp::control,DoingForPeople HJI_C39,DoingForPeople HJI_C39 exp::control
1498349438054,nM/U8qB|Bb,HJI Shared,exp::control,DoingForPeople HJI_C39,DoingForPeople HJI_C39 exp::control
1498349438055,j%Yn|S6z/],HJI Shared,exp::control,DoingForPeople HJI_C39,DoingForPeople HJI_C39 exp::control
1498349438056,A37]X^a3#P,HJI Shared,exp::treatment,DoingForPeople HJI_C39,DoingForPeople HJI_C39 exp::treatment
1498349438057,v?%J!m{+-^,HJI Shared,exp::control,DoingForPeople HJI_C39,DoingForPeople HJI_C39 exp::control
1498349438058,Ll%wfeZ~F7,HJI Shared,exp::control,DoingForPeople HJI_C39,DoingForPeople HJI_C39 exp::control
1498349438059,Mh.&h1o>dN,HJI Shared,exp::treatment,DoingForPeople HJI_C39,DoingForPeople HJI_C39 exp::treatment
1498349438060,cQRG>%bKcl,HJI Shared,exp::control,DoingForPeople HJI_C39,DoingForPeople HJI_C39 exp::control
1498349438061,L6}zjtlmj.,HJI Shared,exp::control,DoingForPeople HJI_C39,DoingForPeople HJI_C39 exp::control
1498349438062,sSQ~Z.d?Sk,HJI Shared,exp::control,DoingForPeople HJI_C39,DoingForPeople HJI_C39 exp::control
1498349438063,ufnw^@O#%[,HJI Shared,exp::treatment,DoingForPeople HJI_C39,DoingForPeople HJI_C39 exp::treatment
1498349438064,iap2&*#0=Y,HJI Shared,exp::treatment,DoingForPeople HJI_C39,DoingForPeople HJI_C39 exp::treatment
1498349438065,laHmwM<gq:,HJI Shared,exp::treatment,DoingForPeople HJI_C39,DoingForPeople HJI_C39 exp::treatment
1498349438066,Clve6>5@/T,HJI Shared,exp::treatment,DoingForPeople HJI_C39,DoingForPeople HJI_C39 exp::treatment
1498349438067,q)n8AA=ao2,HJI Shared,exp::control,DoingForPeople HJI_C39,DoingForPeople HJI_C39 exp::control
1498349438068,"KFI.7qq,<i",HJI Shared,exp::control,DoingForPeople HJI_C39,DoingForPeople HJI_C39 exp::control
1498349438069,w!t/k`ulbn,HJI Shared,exp::control,DoingForPeople HJI_C39,DoingForPeople HJI_C39 exp::control
1498349438070,Fmm5!9jxbi,HJI Shared,exp::control,DoingForPeople HJI_C39,DoingForPeople HJI_C39 exp::control
1498349438071,vYU=)G@bb8,HJI Shared,exp::treatment,DoingForPeople HJI_C39,DoingForPeople HJI_C39 exp::treatment
1498349438072,yzGtX?RRZ[,HJI Shared,exp::control,DoingForPeople HJI_C39,DoingForPeople HJI_C39 exp::control
1498349438073,GPFfZC>L`y,HJI Shared,exp::treatment,DoingForPeople HJI_C39,DoingForPeople HJI_C39 exp::treatment
1498349438074,OBS>_a_nB;,HJI Shared,exp::treatment,DoingForPeople HJI_C39,DoingForPeople HJI_C39 exp::treatment
1498349438075,PNpGhAUhEF,HJI Shared,exp::control,DoingForPeople HJI_C39,DoingForPeople HJI_C39 exp::control
1498349438076,r1+/El8D+S,HJI Shared,exp::treatment,DoingForPeople HJI_C39,DoingForPeople HJI_C39 exp::treatment
1498349438077,m(-`d@}bsB,HJI Shared,exp::control,DoingForPeople HJI_C39,DoingForPeople HJI_C39 exp::control
1498349438078,p}b@VaJc&J,HJI Shared,exp::control,DoingForPeople HJI_C39,DoingForPeople HJI_C39 exp::control
1498349438079,L[b9?3SYd{,HJI Shared,exp::control,DoingForPeople HJI_C39,DoingForPeople HJI_C39 exp::control
1498349438080,EpqNVj1BYs,HJI Shared,exp::control,DoingForPeople HJI_C39,DoingForPeople HJI_C39 exp::control
1498349438081,hz*65Ko.z|,HJI Shared,exp::control,DoingForPeople HJI_C39,DoingForPeople HJI_C39 exp::control
1498349438082,"b88a3V8%E,",HJI Shared,exp::control,DoingForPeople HJI_C39,DoingForPeople HJI_C39 exp::control
1498349438083,q!_jt@>~S:,HJI Shared,exp::treatment,DoingForPeople HJI_C39,DoingForPeople HJI_C39 exp::treatment
1498349438084,cDyLNi;nHQ,HJI Shared,exp::treatment,DoingForPeople HJI_C39,DoingForPeople HJI_C39 exp::treatment
1498349438085,"w9#%/3],Qo",HJI Shared,exp::control,DoingForPeople HJI_C39,DoingForPeople HJI_C39 exp::control
1498349438086,B;X!bC&n6n,HJI Shared,exp::treatment,DoingForPeople HJI_C39,DoingForPeople HJI_C39 exp::treatment
1498349438087,q;wY(n0)n],HJI Shared,exp::treatment,DoingForPeople HJI_C39,DoingForPeople HJI_C39 exp::treatment
1498349438088,QbA::3mSiD,HJI Shared,exp::control,DoingForPeople HJI_C39,DoingForPeople HJI_C39 exp::control
1498349438089,r.5Tg4!>9f,HJI Shared,exp::control,DoingForPeople HJI_C39,DoingForPeople HJI_C39 exp::control
1498349438090,ba>PRuMp|0,HJI Shared,exp::control,DoingForPeople HJI_C39,DoingForPeople HJI_C39 exp::control
1498349438091,kQZUb68f1T,HJI Shared,exp::treatment,DoingForPeople HJI_C39,DoingForPeople HJI_C39 exp::treatment
1498349438092,js2zUJU@BT,HJI Shared,exp::treatment,DoingForPeople HJI_C39,DoingForPeople HJI_C39 exp::treatment
1498349438093,gRXH;bLXF:,HJI Shared,exp::treatment,DoingForPeople HJI_C39,DoingForPeople HJI_C39 exp::treatment
1498349438094,yS<$fG$^7X,HJI Shared,exp::treatment,DoingForPeople HJI_C39,DoingForPeople HJI_C39 exp::treatment
1498349438095,tPEE)PGDCk,HJI Shared,exp::treatment,DoingForPeople HJI_C39,DoingForPeople HJI_C39 exp::treatment
1498349438096,A):KkzM^+:,HJI Shared,exp::control,DoingForPeople HJI_C39,DoingForPeople HJI_C39 exp::control
1498349438097,cOZPWOBK@g,HJI Shared,exp::treatment,DoingForPeople HJI_C39,DoingForPeople HJI_C39 exp::treatment
1498349438098,qw4@0FGJLC,HJI Shared,exp::treatment,DoingForPeople HJI_C39,DoingForPeople HJI_C39 exp::treatment
1498349438099,lTUjc8p^1x,HJI Shared,exp::treatment,DoingForPeople HJI_C39,DoingForPeople HJI_C39 exp::treatment
1498349438100,uOrmZ!?JS3,HJI Shared,exp::control,DoingForPeople HJI_C39,DoingForPeople HJI_C39 exp::control
1498349438101,"i,5tZ=0/H#",HJI Shared,exp::treatment,DoingForPeople HJI_C39,DoingForPeople HJI_C39 exp::treatment
1498349438102,rGy589ZV|*,HJI Shared,exp::control,DoingForPeople HJI_C39,DoingForPeople HJI_C39 exp::control
1498349438103,jdR0yPAJCn,HJI Shared,exp::treatment,DoingForPeople HJI_C39,DoingForPeople HJI_C39 exp::treatment
1498349438104,"e,<fF;+@3y",HJI Shared,exp::control,HJI_C40 MaleFemale,HJI_C40 MaleFemale exp::control
1498349438105,g=}~?mED7X,HJI Shared,exp::control,HJI_C40 MaleFemale,HJI_C40 MaleFemale exp::control
1498349438106,LvzPS}CsE|,HJI Shared,exp::control,HJI_C40 MaleFemale,HJI_C40 MaleFemale exp::control
1498349438107,Fx{CHaAtGs,HJI Shared,exp::control,HJI_C40 MaleFemale,HJI_C40 MaleFemale exp::control
1498349438108,nU!)a-Bt[t,HJI Shared,exp::treatment,HJI_C40 MaleFemale,HJI_C40 MaleFemale exp::treatment
1498349438109,p_uH5vSE]K,HJI Shared,exp::treatment,HJI_C40 MaleFemale,HJI_C40 MaleFemale exp::treatment
1498349438110,t$6>>JyvtO,HJI Shared,exp::treatment,HJI_C40 MaleFemale,HJI_C40 MaleFemale exp::treatment
1498349438111,BhrKnAq=$q,HJI Shared,exp::control,HJI_C40 MaleFemale,HJI_C40 MaleFemale exp::control
1498349438112,k(-|t0=Az`,HJI Shared,exp::control,HJI_C40 MaleFemale,HJI_C40 MaleFemale exp::control
1498349438113,"ERs6[Xa:$,",HJI Shared,exp::control,HJI_C40 MaleFemale,HJI_C40 MaleFemale exp::control
1498349438114,t4fAPmWq44,HJI Shared,exp::control,HJI_C40 MaleFemale,HJI_C40 MaleFemale exp::control
1498349438115,d!n+/kwZpV,HJI Shared,exp::control,HJI_C40 MaleFemale,HJI_C40 MaleFemale exp::control
1498349438116,Bv$b)x+kl:,HJI Shared,exp::treatment,HJI_C40 MaleFemale,HJI_C40 MaleFemale exp::treatment
1498349438117,G@_uK4A{p,HJI Shared,exp::treatment,HJI_C40 MaleFemale,HJI_C40 MaleFemale exp::treatment
1498349438118,IL*$)s:^a3,HJI Shared,exp::control,HJI_C40 MaleFemale,HJI_C40 MaleFemale exp::control
1498349438119,e&S[SlW1db,HJI Shared,exp::treatment,HJI_C40 MaleFemale,HJI_C40 MaleFemale exp::treatment
1498349438120,jA.LQlrn<e,HJI Shared,exp::treatment,HJI_C40 MaleFemale,HJI_C40 MaleFemale exp::treatment
1498349438121,G^.DKs-zyf,HJI Shared,exp::control,HJI_C40 MaleFemale,HJI_C40 MaleFemale exp::control
1498349438122,IT}lrOGM=#,HJI Shared,exp::treatment,HJI_C40 MaleFemale,HJI_C40 MaleFemale exp::treatment
1498349438123,cdCpP|PKQ),HJI Shared,exp::treatment,HJI_C40 MaleFemale,HJI_C40 MaleFemale exp::treatment
1498349438124,mLB39Jj..Z,HJI Shared,exp::treatment,HJI_C40 MaleFemale,HJI_C40 MaleFemale exp::treatment
1498349438125,kXG?}xmNB_,HJI Shared,exp::control,HJI_C40 MaleFemale,HJI_C40 MaleFemale exp::control
1498349438126,svuw:F{ue[,HJI Shared,exp::control,HJI_C40 MaleFemale,HJI_C40 MaleFemale exp::control
1498349438127,C1/d=EN]ys,HJI Shared,exp::control,HJI_C40 MaleFemale,HJI_C40 MaleFemale exp::control
1498349438128,KhI:J&D7a4,HJI Shared,exp::treatment,HJI_C40 MaleFemale,HJI_C40 MaleFemale exp::treatment
1498349438129,L{O++-dlf9,HJI Shared,exp::control,HJI_C40 MaleFemale,HJI_C40 MaleFemale exp::control
1498349438130,JrY`~yLB+x,HJI Shared,exp::control,HJI_C40 MaleFemale,HJI_C40 MaleFemale exp::control
1498349438131,KC4PRrr]#@,HJI Shared,exp::treatment,HJI_C40 MaleFemale,HJI_C40 MaleFemale exp::treatment
1498349438132,EHL6M@s10,HJI Shared,exp::treatment,HJI_C40 MaleFemale,HJI_C40 MaleFemale exp::treatment
1498349438133,b]M`=dh5x@,HJI Shared,exp::treatment,HJI_C40 MaleFemale,HJI_C40 MaleFemale exp::treatment
1498349438134,K#@+)v@0{,HJI Shared,exp::control,HJI_C40 MaleFemale,HJI_C40 MaleFemale exp::control
1498349438135,f1dYN%[wLc,HJI Shared,exp::control,HJI_C40 MaleFemale,HJI_C40 MaleFemale exp::control
1498349438136,"t*[8t_0Q,s",HJI Shared,exp::control,HJI_C40 MaleFemale,HJI_C40 MaleFemale exp::control
1498349438137,N>r<UEd%^L,HJI Shared,exp::treatment,HJI_C40 MaleFemale,HJI_C40 MaleFemale exp::treatment
1498349438138,B/C&PxM0X:,HJI Shared,exp::treatment,HJI_C40 MaleFemale,HJI_C40 MaleFemale exp::treatment
1498349438139,jpzOyehfyq,HJI Shared,exp::treatment,HJI_C40 MaleFemale,HJI_C40 MaleFemale exp::treatment
1498349438140,H;^L:wXX%q,HJI Shared,exp::treatment,HJI_C40 MaleFemale,HJI_C40 MaleFemale exp::treatment
1498349438141,m%R?])f*;l,HJI Shared,exp::treatment,HJI_C40 MaleFemale,HJI_C40 MaleFemale exp::treatment
1498349438142,RiiNt(r~*n,HJI Shared,exp::control,HJI_C40 MaleFemale,HJI_C40 MaleFemale exp::control
1498349438143,sONZG]y^e4,HJI Shared,exp::treatment,HJI_C40 MaleFemale,HJI_C40 MaleFemale exp::treatment
1498349438144,k`muqbd=s{,HJI Shared,exp::treatment,HJI_C40 MaleFemale,HJI_C40 MaleFemale exp::treatment
1498349438145,f8#9.0bR^y,HJI Shared,exp::control,HJI_C40 MaleFemale,HJI_C40 MaleFemale exp::control
1498349438146,z[}}2[mKp,HJI Shared,exp::treatment,HJI_C40 MaleFemale,HJI_C40 MaleFemale exp::treatment
1498349438147,q+cDBcaUR.,HJI Shared,exp::control,HJI_C40 MaleFemale,HJI_C40 MaleFemale exp::control
1498349438148,L?:xiS>lX4,HJI Shared,exp::treatment,HJI_C40 MaleFemale,HJI_C40 MaleFemale exp::treatment
1498349438149,c_Y%H!W5q0,HJI Shared,exp::control,HJI_C40 MaleFemale,HJI_C40 MaleFemale exp::control
1498349438150,BIRPheWUA=,HJI Shared,exp::control,HJI_C40 MaleFemale,HJI_C40 MaleFemale exp::control
1498349438151,EDdU!xo:7m,HJI Shared,exp::control,HJI_C40 MaleFemale,HJI_C40 MaleFemale exp::control
1498349438152,dyX@Sobs86,HJI Shared,exp::treatment,HJI_C40 MaleFemale,HJI_C40 MaleFemale exp::treatment
1498349438153,vWm6p8a3I5,HJI Shared,exp::treatment,HJI_C40 MaleFemale,HJI_C40 MaleFemale exp::treatment
1498349438154,K!88A3HQAd,HJI Shared,exp::control,HJI_C41 Temple,HJI_C41 Temple exp::control
1498349438155,dB({nmBUK$,HJI Shared,exp::control,HJI_C41 Temple,HJI_C41 Temple exp::control
1498349438156,ekPyPT+8D(,HJI Shared,exp::treatment,HJI_C41 Temple,HJI_C41 Temple exp::treatment
1498349438157,oC:fUFEr%V,HJI Shared,exp::treatment,HJI_C41 Temple,HJI_C41 Temple exp::treatment
1498349438158,"M#j>I3|y.,",HJI Shared,exp::treatment,HJI_C41 Temple,HJI_C41 Temple exp::treatment
1498349438159,rtA3.x7}M-,HJI Shared,exp::control,HJI_C41 Temple,HJI_C41 Temple exp::control
1498349438160,qnI{Lhjocl,HJI Shared,exp::control,HJI_C41 Temple,HJI_C41 Temple exp::control
1498349438161,Fl5)d2|+_e,HJI Shared,exp::treatment,HJI_C41 Temple,HJI_C41 Temple exp::treatment
1498349438162,wX9o3y-g?l,HJI Shared,exp::control,HJI_C41 Temple,HJI_C41 Temple exp::control
1498349438163,OCrFxK8%HT,HJI Shared,exp::treatment,HJI_C41 Temple,HJI_C41 Temple exp::treatment
1498349438164,gtp.CKc!G],HJI Shared,exp::treatment,HJI_C41 Temple,HJI_C41 Temple exp::treatment
1498349438165,QGSRU#WfQV,HJI Shared,exp::treatment,HJI_C41 Temple,HJI_C41 Temple exp::treatment
1498349438166,c^]-M~m-G;,HJI Shared,exp::treatment,HJI_C41 Temple,HJI_C41 Temple exp::treatment
1498349438167,"ltIdut^k,x",HJI Shared,exp::control,HJI_C41 Temple,HJI_C41 Temple exp::control
1498349438168,sm_]T5@#cz,HJI Shared,exp::treatment,HJI_C41 Temple,HJI_C41 Temple exp::treatment
1498349438169,OX#xLv7E8r,HJI Shared,exp::control,HJI_C41 Temple,HJI_C41 Temple exp::control
1498349438170,QmG~^x@yhX,HJI Shared,exp::treatment,HJI_C41 Temple,HJI_C41 Temple exp::treatment
1498349438171,yca}H)D^(?,HJI Shared,exp::treatment,HJI_C41 Temple,HJI_C41 Temple exp::treatment
1498349438172,E-s5A{gc8A,HJI Shared,exp::control,HJI_C41 Temple,HJI_C41 Temple exp::control
1498349438173,JXX{DZKzo$,HJI Shared,exp::control,HJI_C41 Temple,HJI_C41 Temple exp::control
1498349438174,M*d[$X?n#z,HJI Shared,exp::control,HJI_C41 Temple,HJI_C41 Temple exp::control
1498349438175,H+3W~m54%l,HJI Shared,exp::treatment,HJI_C41 Temple,HJI_C41 Temple exp::treatment
1498349438176,fE0SBCd=G),HJI Shared,exp::treatment,HJI_C41 Temple,HJI_C41 Temple exp::treatment
1498349438177,O]sY7_pxW4,HJI Shared,exp::treatment,HJI_C41 Temple,HJI_C41 Temple exp::treatment
1498349438178,bR[ll|uQb8,HJI Shared,exp::control,HJI_C41 Temple,HJI_C41 Temple exp::control
1498349438179,N_53zJ~d7C,HJI Shared,exp::control,HJI_C41 Temple,HJI_C41 Temple exp::control
1498349438180,MYzV)AP5n$,HJI Shared,exp::treatment,HJI_C41 Temple,HJI_C41 Temple exp::treatment
1498349438181,Eg0<5WoYWs,HJI Shared,exp::control,HJI_C41 Temple,HJI_C41 Temple exp::control
1498349438182,d^k%%;seds,HJI Shared,exp::control,HJI_C41 Temple,HJI_C41 Temple exp::control
1498349438183,J{|Wm2N5Gf,HJI Shared,exp::treatment,HJI_C41 Temple,HJI_C41 Temple exp::treatment
1498349438184,r{/|f^DO]s,HJI Shared,exp::treatment,HJI_C41 Temple,HJI_C41 Temple exp::treatment
1498349438185,g&rD)!wi/^,HJI Shared,exp::treatment,HJI_C41 Temple,HJI_C41 Temple exp::treatment
1498349438186,J3F@+o`[-1,HJI Shared,exp::treatment,HJI_C41 Temple,HJI_C41 Temple exp::treatment
1498349438187,sI=j@81rId,HJI Shared,exp::treatment,HJI_C41 Temple,HJI_C41 Temple exp::treatment
1498349438188,p>_R#<SlT^,HJI Shared,exp::control,HJI_C41 Temple,HJI_C41 Temple exp::control
1498349438189,Rfa:R!(wT,HJI Shared,exp::control,HJI_C41 Temple,HJI_C41 Temple exp::control
1498349438190,I(&M)CH86g,HJI Shared,exp::control,HJI_C41 Temple,HJI_C41 Temple exp::control
1498349438191,b3:{)-:*lA,HJI Shared,exp::treatment,HJI_C41 Temple,HJI_C41 Temple exp::treatment
1498349438192,v7m}VHrgez,HJI Shared,exp::control,HJI_C41 Temple,HJI_C41 Temple exp::control
1498349438193,OA<P?9qL66,HJI Shared,exp::treatment,HJI_C41 Temple,HJI_C41 Temple exp::treatment
1498349438194,"f,9mPCFEWo",HJI Shared,exp::treatment,HJI_C41 Temple,HJI_C41 Temple exp::treatment
1498349438195,Jwl?[X:{PD,HJI Shared,exp::treatment,HJI_C41 Temple,HJI_C41 Temple exp::treatment
1498349438196,G`&FD}ZS%1,HJI Shared,exp::treatment,HJI_C41 Temple,HJI_C41 Temple exp::treatment
1498349438197,y1.9uj_A.0,HJI Shared,exp::control,HJI_C41 Temple,HJI_C41 Temple exp::control
1498349438198,qi(%*G~b0y,HJI Shared,exp::treatment,HJI_C41 Temple,HJI_C41 Temple exp::treatment
1498349438199,P=B9es=@0t,HJI Shared,exp::control,HJI_C41 Temple,HJI_C41 Temple exp::control
1498349438200,JVp6uBN@13,HJI Shared,exp::control,HJI_C41 Temple,HJI_C41 Temple exp::control
1498349438201,Jy=++XmCKT,HJI Shared,exp::control,HJI_C41 Temple,HJI_C41 Temple exp::control
1498349438202,zAa%~JOvko,HJI Shared,exp::control,HJI_C41 Temple,HJI_C41 Temple exp::control
1498349438203,m2n+qM_^6V,HJI Shared,exp::control,HJI_C41 Temple,HJI_C41 Temple exp::control
1498349438204,Mt5P:?$9{`,HJI Shared,exp::control,HJI_C41 Temple,HJI_C41 Temple exp::control
1498349438205,uYeFwC+>#w,HJI Shared,exp::control,HJI_C41 Temple,HJI_C41 Temple exp::control
1498349438206,deq/a5k.aU,HJI Shared,exp::treatment,HJI_C41 Temple,HJI_C41 Temple exp::treatment
1498349438207,Me}6~B|j-~,HJI Shared,exp::control,HJI_C41 Temple,HJI_C41 Temple exp::control
1498349438208,P:z-f!~Tta,HJI Shared,exp::control,HJI_C41 Temple,HJI_C41 Temple exp::control
1498349438209,s:my/#_9ft,HJI Shared,exp::treatment,HJI_C41 Temple,HJI_C41 Temple exp::treatment
1498349438210,MAcV0<V@3F,HJI Shared,exp::treatment,HJI_C41 Temple,HJI_C41 Temple exp::treatment
1498349438211,NF9<uF<Mb^,HJI Shared,exp::control,HJI_C41 Temple,HJI_C41 Temple exp::control
1498349438212,hEQWf|ui_Y,HJI Shared,exp::treatment,HJI_C41 Temple,HJI_C41 Temple exp::treatment
1498349438213,Bwr)uJkd*|,HJI Shared,exp::treatment,HJI_C41 Temple,HJI_C41 Temple exp::treatment
1498349438214,H@-nd+6pB,HJI Shared,exp::control,HJI_C41 Temple,HJI_C41 Temple exp::control
1498349438215,nZ{PuU{mY1,HJI Shared,exp::treatment,HJI_C41 Temple,HJI_C41 Temple exp::treatment
1498349438216,tCat.AQ!NM,HJI Shared,exp::control,HJI_C41 Temple,HJI_C41 Temple exp::control
1498349438217,`||vVo@6q,HJI Shared,exp::control,HJI_C41 Temple,HJI_C41 Temple exp::control
1498349438218,m>5tNoPh:p,HJI Shared,exp::treatment,HJI_C41 Temple,HJI_C41 Temple exp::treatment
1498349438219,d.+neof;c6,HJI Shared,exp::control,HJI_C41 Temple,HJI_C41 Temple exp::control
1498349438220,F29f!n!!]9,HJI Shared,exp::control,HJI_C41 Temple,HJI_C41 Temple exp::control
1498349438221,B^%U>;3P~#,HJI Shared,exp::control,HJI_C41 Temple,HJI_C41 Temple exp::control
1498349438222,FAr{+IyPND,HJI Shared,exp::control,HJI_C41 Temple,HJI_C41 Temple exp::control
1498349438223,s}6I8FnS_:,HJI Shared,exp::treatment,HJI_C41 Temple,HJI_C41 Temple exp::treatment
1498349438224,Bds-u#*IQA,HJI Shared,exp::control,HJI_C41 Temple,HJI_C41 Temple exp::control
1498349438225,"ccW&,y>D`!",HJI Shared,exp::treatment,HJI_C41 Temple,HJI_C41 Temple exp::treatment
1498349438226,quj|IYigqb,HJI Shared,exp::control,HJI_C41 Temple,HJI_C41 Temple exp::control
1498349438227,CyS8aKZK8[,HJI Shared,exp::treatment,HJI_C41 Temple,HJI_C41 Temple exp::treatment
1498349438228,J{YLZro$IJ,HJI Shared,exp::treatment,HJI_C41 Temple,HJI_C41 Temple exp::treatment
1498349438229,o:L[I[rsN1,HJI Shared,exp::control,HJI_C41 Temple,HJI_C41 Temple exp::control
1498349438230,Ay];.b>5kM,HJI Shared,exp::control,HJI_C41 Temple,HJI_C41 Temple exp::control
1498349438231,ky?cH!)@wC,HJI Shared,exp::control,HJI_C41 Temple,HJI_C41 Temple exp::control
1498349438232,r<w_N&6|MU,HJI Shared,exp::control,HJI_C41 Temple,HJI_C41 Temple exp::control
1498349438233,RdVeOv@Y*c,HJI Shared,exp::control,HJI_C41 Temple,HJI_C41 Temple exp::control
1498349438234,H~RkhJ[I)L,HJI Shared,exp::treatment,HJI_C41 Temple,HJI_C41 Temple exp::treatment
1498349438235,BG6KMM.9.k,HJI Shared,exp::treatment,HJI_C41 Temple,HJI_C41 Temple exp::treatment
1498349438236,"s@,h10x]lU",HJI Shared,exp::treatment,HJI_C41 Temple,HJI_C41 Temple exp::treatment
1498349438237,QTj~Ng+Y}/,HJI Shared,exp::treatment,HJI_C41 Temple,HJI_C41 Temple exp::treatment
1498349438238,A-i`6cdkPw,HJI Shared,exp::treatment,HJI_C41 Temple,HJI_C41 Temple exp::treatment
1498349438239,D@V1oJQK}7,HJI Shared,exp::control,HJI_C41 Temple,HJI_C41 Temple exp::control
1498349438240,N!:8gq4#!h,HJI Shared,exp::control,HJI_C41 Temple,HJI_C41 Temple exp::control
1498349438241,F!I[T7Ag9s,HJI Shared,exp::treatment,HJI_C41 Temple,HJI_C41 Temple exp::treatment
1498349438242,fP/yW|M)8Z,HJI Shared,exp::treatment,HJI_C41 Temple,HJI_C41 Temple exp::treatment
1498349438243,"Fy;,,q])[J",HJI Shared,exp::control,HJI_C41 Temple,HJI_C41 Temple exp::control
1498349438244,Q4M3Ik}Y`p,HJI Shared,exp::treatment,HJI_C41 Temple,HJI_C41 Temple exp::treatment
1498349438245,zRh)4-gz$u,HJI Shared,exp::control,HJI_C41 Temple,HJI_C41 Temple exp::control
1498349438246,h.mON|U@no,HJI Shared,exp::control,HJI_C41 Temple,HJI_C41 Temple exp::control
1498349438247,Ctk9&TNB|!,HJI Shared,exp::control,HJI_C41 Temple,HJI_C41 Temple exp::control
1498349438248,yd*_2fID~n,HJI Shared,exp::treatment,HJI_C41 Temple,HJI_C41 Temple exp::treatment
1498349438249,p62dM@N3(P,HJI Shared,exp::control,HJI_C41 Temple,HJI_C41 Temple exp::control
1498349438250,KMY5!Cko$C,HJI Shared,exp::treatment,HJI_C41 Temple,HJI_C41 Temple exp::treatment
1498349438251,jY)6Yp`o6U,HJI Shared,exp::treatment,HJI_C41 Temple,HJI_C41 Temple exp::treatment
1498349438252,y!wRm-Fo(H,HJI Shared,exp::treatment,HJI_C41 Temple,HJI_C41 Temple exp::treatment
1498349438253,heG>{p)a:7,HJI Shared,exp::treatment,HJI_C41 Temple,HJI_C41 Temple exp::treatment
1498349438254,O=(tdMgA0V,HJI Shared,exp::treatment,HJI_C41 Temple,HJI_C41 Temple exp::treatment
1498349438255,Iouyo?eHlO,HJI Shared,exp::treatment,HJI_C41 Temple,HJI_C41 Temple exp::treatment
1498349438256,p1=|Axi5&6,HJI Shared,exp::treatment,HJI_C41 Temple,HJI_C41 Temple exp::treatment
1498349438257,OSX:^-Hj<>,HJI Shared,exp::treatment,HJI_C41 Temple,HJI_C41 Temple exp::treatment
1498349438258,wO/[E).+4e,HJI Shared,exp::treatment,HJI_C41 Temple,HJI_C41 Temple exp::treatment
1498349438259,LIF%YR&]^;,HJI Shared,exp::control,HJI_C41 Temple,HJI_C41 Temple exp::control
1498349438260,E2&qvu06e2,HJI Shared,exp::treatment,HJI_C41 Temple,HJI_C41 Temple exp::treatment
1498349438261,"mh}ECF,(xG",HJI Shared,exp::treatment,HJI_C41 Temple,HJI_C41 Temple exp::treatment
1498349438262,ipY7/AL#|C,HJI Shared,exp::control,HJI_C41 Temple,HJI_C41 Temple exp::control
1498349438263,DdAyd/X6{#,HJI Shared,exp::treatment,HJI_C41 Temple,HJI_C41 Temple exp::treatment
1498349438264,DJRk*IjdbA,HJI Shared,exp::control,HJI_C41 Temple,HJI_C41 Temple exp::control
1498349438265,o^%Y_&MQ|),HJI Shared,exp::treatment,HJI_C41 Temple,HJI_C41 Temple exp::treatment
1498349438266,bU[uc/8~w/,HJI Shared,exp::control,HJI_C41 Temple,HJI_C41 Temple exp::control
1498349438267,x!ys)qT4E$,HJI Shared,exp::control,HJI_C41 Temple,HJI_C41 Temple exp::control
1498349438268,"BSZ],3,8*;",HJI Shared,exp::treatment,HJI_C41 Temple,HJI_C41 Temple exp::treatment
1498349438269,gEPlj5w.*R,HJI Shared,exp::treatment,HJI_C41 Temple,HJI_C41 Temple exp::treatment
1498349438270,n4j*Ng7Fjk,HJI Shared,exp::control,HJI_C41 Temple,HJI_C41 Temple exp::control
1498349438271,"H0Yu3,Z+So",HJI Shared,exp::treatment,HJI_C41 Temple,HJI_C41 Temple exp::treatment
1498349438272,g#8QB.w#V3,HJI Shared,exp::control,HJI_C41 Temple,HJI_C41 Temple exp::control
1498349438273,Ps_kg&wK#z,HJI Shared,exp::control,HJI_C41 Temple,HJI_C41 Temple exp::control
1498349438274,k_:~OD:Nmv,HJI Shared,exp::control,HJI_C41 Temple,HJI_C41 Temple exp::control
